Feature ID,Feature Name,Feature count topic 1,Feature log2 fold change topic 1,Feature count topic 2to4,Feature log2 fold change topic 2to4
ENSG00000188290,HES4,246,0.28815,201,-0.2881
ENSG00000078808,SDF4,249,0.70501,152,-0.7050
ENSG00000131584,ACAP3,244,-0.3868,319,0.38684
ENSG00000175756,AURKAIP1,245,-0.2143,285,0.21436
ENSG00000242485,MRPL20,198,-0.1812,225,0.18127
ENSG00000160075,SSU72,327,0.13864,297,-0.1386
ENSG00000078369,GNB1,461,-0.6863,742,0.68630
ENSG00000187730,GABRD,31,-3.1208,272,3.12081
ENSG00000067606,PRKCZ,367,0.22362,314,-0.2236
ENSG00000158109,TPRG1L,161,-0.8712,294,0.87121
ENSG00000069424,KCNAB2,338,-0.5598,498,0.55983
ENSG00000116254,CHD5,179,-1.1720,404,1.17204
ENSG00000116251,RPL22,1379,1.32976,548,-1.3297
ENSG00000097021,ACOT7,209,-1.2536,499,1.25365
ENSG00000116288,PARK7,561,0.22274,481,-0.2227
ENSG00000074800,ENO1,900,-0.3910,1180,0.39102
ENSG00000171603,CLSTN1,767,-0.8885,1421,0.88859
ENSG00000054523,KIF1B,452,0.29407,368,-0.2940
ENSG00000116661,FBXO2,335,-0.1741,378,0.17413
ENSG00000132879,FBXO44,274,-0.6211,421,0.62114
ENSG00000142634,EFHD2,168,-0.5428,245,0.54285
ENSG00000159363,ATP13A2,192,-0.7254,318,0.72547
ENSG00000117115,PADI2,682,2.55038,116,-2.5503
ENSG00000117154,IGSF21,182,-0.4041,240,0.40419
ENSG00000077549,CAPZB,261,-0.2185,304,0.21859
ENSG00000173436,MICOS10,346,-0.3523,442,0.35239
ENSG00000158747,NBL1,306,-0.5888,460,0.58884
ENSG00000162545,CAMK2N1,1125,-0.4623,1550,0.46238
ENSG00000158828,PINK1,532,-0.2242,622,0.22426
ENSG00000127483,HP1BP3,185,-0.3134,230,0.31342
ENSG00000075151,EIF4G3,133,-0.4998,188,0.49987
ENSG00000076864,RAP1GAP,354,-0.5167,507,0.51673
ENSG00000070831,CDC42,518,0.75357,307,-0.7535
ENSG00000142676,RPL11,1787,0.81338,1016,-0.8133
ENSG00000057757,PITHD1,304,-0.0206,309,0.02061
ENSG00000117632,STMN1,2039,0.06972,1942,-0.0697
ENSG00000142669,SH3BGRL3,840,0.77739,490,-0.7773
ENSG00000198830,HMGN2,462,1.66255,146,-1.6625
ENSG00000090273,NUDC,348,0.15630,313,-0.1563
ENSG00000126698,DNAJC8,236,0.34879,185,-0.3487
ENSG00000130770,ATP5IF1,413,-0.4576,568,0.45766
ENSG00000121769,FABP3,96,-0.8320,172,0.83200
ENSG00000121753,ADGRB2,234,-1.4528,643,1.45286
ENSG00000184007,PTP4A2,1115,3.24569,117,-3.2456
ENSG00000084623,EIF3I,189,-0.3313,238,0.33133
ENSG00000175130,MARCKSL1,2830,3.17083,314,-3.1708
ENSG00000134684,YARS,161,-0.4371,218,0.43715
ENSG00000121905,HPCA,159,-1.5695,472,1.56952
ENSG00000116560,SFPQ,207,0.15251,186,-0.1525
ENSG00000020129,NCDN,540,-1.3711,1397,1.37112
ENSG00000116871,MAP7D1,553,0.98415,279,-0.9841
ENSG00000197982,C1orf122,567,0.68473,353,-0.6847
ENSG00000168653,NDUFS5,515,-0.8992,960,0.89921
ENSG00000127603,MACF1,303,0.43168,225,-0.4316
ENSG00000116983,HPCAL4,163,-0.8764,299,0.87649
ENSG00000131236,CAP1,270,0.65674,171,-0.6567
ENSG00000084070,SMAP2,185,-0.6332,287,0.63323
ENSG00000117016,RIMS3,149,-0.8911,276,0.89115
ENSG00000142949,PTPRF,212,0.10932,196,-0.1093
ENSG00000117410,ATP6V0B,524,-0.3142,651,0.31422
ENSG00000117419,ERI3,298,-0.2193,347,0.21937
ENSG00000187147,RNF220,200,-0.0825,211,0.08259
ENSG00000142937,RPS8,2752,1.14451,1245,-1.1445
ENSG00000117450,PRDX1,992,1.01569,490,-1.0156
ENSG00000173660,UQCRH,386,-0.8944,717,0.89447
ENSG00000123472,ATPAF1,196,-0.2158,228,0.21588
ENSG00000123091,RNF11,380,-0.3404,482,0.34044
ENSG00000085832,EPS15,152,-0.5997,231,0.59970
ENSG00000116209,TMEM59,411,0.64929,262,-0.6492
ENSG00000157216,SSBP3,203,-0.4605,280,0.46054
ENSG00000116133,DHCR24,287,0.28877,234,-0.2887
ENSG00000162407,PLPP3,212,-0.2620,254,0.26200
ENSG00000177606,JUN,616,2.26506,128,-2.2650
ENSG00000116675,DNAJC6,471,0.29652,383,-0.2965
ENSG00000172260,NEGR1,136,-1.0009,272,1.00090
ENSG00000154027,AK5,327,-0.3498,417,0.34983
ENSG00000142875,PRKACB,415,-0.2652,499,0.26529
ENSG00000153904,DDAH1,297,-0.2101,343,0.21016
ENSG00000143013,LMO4,132,-2.5366,766,2.53667
ENSG00000122406,RPL5,1376,1.12929,629,-1.1292
ENSG00000117525,F3,93,-1.8047,325,1.80475
ENSG00000117519,CNN3,221,0.01918,218,-0.0191
ENSG00000031698,SARS,264,-0.6464,414,0.64648
ENSG00000143126,CELSR2,305,0.16324,272,-0.1632
ENSG00000134243,SORT1,656,1.13763,298,-1.1376
ENSG00000168710,AHCYL1,327,-0.3370,413,0.33708
ENSG00000197106,SLC6A17,238,-0.5230,343,0.52308
ENSG00000134248,LAMTOR5,219,-0.1694,246,0.16942
ENSG00000116459,ATP5PB,148,-0.9111,278,0.91115
ENSG00000009307,CSDE1,366,0.26143,305,-0.2614
ENSG00000163399,ATP1A1,485,-1.2367,1144,1.23676
ENSG00000178104,PDE4DIP,308,0.64490,197,-0.6449
ENSG00000159164,SV2A,194,-1.4763,542,1.47637
ENSG00000266472,MRPS21,283,-0.5321,409,0.53210
ENSG00000143420,ENSA,299,-0.6093,456,0.60939
ENSG00000213190,MLLT11,322,-1.0909,686,1.09091
ENSG00000159352,PSMD4,141,-0.3984,186,0.39844
ENSG00000159377,PSMB4,300,0.10081,280,-0.1008
ENSG00000197956,S100A6,218,-0.4168,292,0.41687
ENSG00000189171,S100A13,449,0.60182,296,-0.6018
ENSG00000160678,S100A1,643,1.08388,303,-1.0838
ENSG00000143543,JTB,196,-0.1631,220,0.16314
ENSG00000177954,RPS27,983,0.66025,622,-0.6602
ENSG00000143549,TPM3,194,-0.5939,294,0.59399
ENSG00000143612,C1orf43,399,0.95892,205,-0.9589
ENSG00000160710,ADAR,144,-0.5352,209,0.53527
ENSG00000160752,FDPS,310,0.93089,162,-0.9308
ENSG00000132718,SYT11,904,0.70913,553,-0.7091
ENSG00000160781,PAQR6,2858,4.24783,150,-4.2478
ENSG00000125462,C1orf61,859,-0.1575,959,0.15751
ENSG00000132692,BCAN,500,0.54561,342,-0.5456
ENSG00000162706,CADM3,116,-1.7341,386,1.73412
ENSG00000162729,IGSF8,424,0.31266,341,-0.3126
ENSG00000018625,ATP1A2,511,-1.1396,1126,1.13965
ENSG00000162734,PEA15,1625,0.95534,838,-0.9553
ENSG00000122218,COPA,250,0.12688,229,-0.1268
ENSG00000143256,PFDN2,196,0.00078,195,-0.0007
ENSG00000143222,UFC1,267,0.38613,204,-0.3861
ENSG00000158864,NDUFS2,362,0.23746,307,-0.2374
ENSG00000117152,RGS4,185,-2.0337,758,2.03378
ENSG00000143198,MGST3,434,-0.8180,766,0.81805
ENSG00000143158,MPC2,208,-0.4954,294,0.49547
ENSG00000143153,ATP1B1,1630,-0.3691,2105,0.36913
ENSG00000075945,KIFAP3,208,-0.5371,303,0.53718
ENSG00000197959,DNM3,107,-0.6698,170,0.66985
ENSG00000117592,PRDX6,289,-0.1014,310,0.10141
ENSG00000116161,CACYBP,257,-0.1930,294,0.19303
ENSG00000152092,ASTN1,117,-0.8992,219,0.89928
ENSG00000135821,GLUL,2735,0.35121,2144,-0.3512
ENSG00000157064,NMNAT2,163,-0.1149,177,0.11494
ENSG00000118200,CAMSAP2,64,-1.6106,197,1.61063
ENSG00000116857,TMEM9,395,0.22007,339,-0.2200
ENSG00000159176,CSRP1,2486,1.86837,680,-1.8683
ENSG00000198892,SHISA4,292,0.26889,243,-0.2688
ENSG00000134375,TIMM17A,103,-0.6748,165,0.67487
ENSG00000170075,GPR37L1,262,-0.2818,318,0.28184
ENSG00000143862,ARL8A,437,1.53347,151,-1.5334
ENSG00000058668,ATP2B4,181,0.20823,157,-0.2082
ENSG00000184144,CNTN2,1202,3.27512,124,-3.2751
ENSG00000174514,MFSD4A,108,-0.9750,214,0.97503
ENSG00000069275,NUCKS1,403,0.35891,314,-0.3589
ENSG00000117691,NENF,1046,1.91619,277,-1.9161
ENSG00000143742,SRP9,247,-0.0250,251,0.02507
ENSG00000163041,H3F3A,756,0.97129,386,-0.9712
ENSG00000143761,ARF1,383,-0.7762,656,0.77621
ENSG00000162910,MRPL55,130,-0.7786,224,0.77866
ENSG00000143774,GUK1,1124,-0.3957,1479,0.39575
ENSG00000168159,RNF187,278,-0.9791,548,0.97914
ENSG00000135744,AGT,633,-0.0157,639,0.01579
ENSG00000173726,TOMM20,328,-0.4516,448,0.45162
ENSG00000179456,ZBTB18,93,-0.9927,185,0.99276
ENSG00000153187,HNRNPU,484,0.62641,313,-0.6264
ENSG00000186487,MYT1L,97,-0.9994,194,0.99941
ENSG00000171863,RPS7,1093,0.54901,747,-0.5490
ENSG00000115738,ID2,396,0.82032,224,-0.8203
ENSG00000134313,KIDINS220,306,0.92063,162,-0.9206
ENSG00000134308,YWHAQ,953,1.19625,416,-1.1962
ENSG00000115756,HPCAL1,249,-0.7263,412,0.72637
ENSG00000163032,VSNL1,831,-1.5113,2369,1.51136
ENSG00000143878,RHOB,1246,1.33946,492,-1.3394
ENSG00000084731,KIF3C,154,-1.6110,470,1.61102
ENSG00000084764,MAPRE3,285,-0.7589,483,0.75895
ENSG00000228474,OST4,367,0.80170,211,-0.8017
ENSG00000213639,PPP1CB,348,-0.0324,356,0.03242
ENSG00000119801,YPEL5,187,-0.5769,279,0.57698
ENSG00000013016,EHD3,38,-2.1317,166,2.13170
ENSG00000115944,COX7A2L,155,-0.5895,233,0.58959
ENSG00000138095,LRPPRC,246,0.25242,206,-0.2524
ENSG00000138078,PREPL,383,-1.0550,797,1.05505
ENSG00000143933,CALM2,2391,-0.0824,2532,0.08241
ENSG00000179915,NRXN1,78,-1.7007,253,1.70075
ENSG00000170634,ACYP2,343,0.42854,254,-0.4285
ENSG00000115306,SPTBN1,943,-0.2028,1085,0.20285
ENSG00000115310,RTN4,1168,-0.3397,1478,0.33979
ENSG00000143947,RPS27A,2393,1.13351,1091,-1.1335
ENSG00000014641,MDH1,453,-1.1287,990,1.12874
ENSG00000169764,UGP2,168,-0.4256,225,0.42560
ENSG00000138069,RAB1A,245,-0.3467,312,0.34673
ENSG00000138071,ACTR2,138,-0.9574,269,0.95746
ENSG00000221823,PPP3R1,89,-1.0365,183,1.03659
ENSG00000119865,CNRIP1,166,-1.0736,351,1.07368
ENSG00000115977,AAK1,71,-1.4554,195,1.45544
ENSG00000169564,PCBP1,556,0.96465,285,-0.9646
ENSG00000075340,ADD2,53,-1.9255,202,1.92550
ENSG00000144040,SFXN5,104,-1.4522,285,1.45226
ENSG00000135624,CCT7,122,-1.1741,275,1.17410
ENSG00000204843,DCTN1,419,-0.4394,568,0.43947
ENSG00000066032,CTNNA2,157,-0.6866,252,0.68667
ENSG00000034510,TMSB10,1915,-0.8134,3365,0.81341
ENSG00000168906,MAT2A,601,1.30923,242,-1.3092
ENSG00000172005,MAL,1258,3.99712,78,-3.9971
ENSG00000084090,STARD7,331,0.78306,192,-0.7830
ENSG00000135940,COX5B,920,-0.3283,1155,0.32836
ENSG00000115073,ACTR1B,128,-0.9047,240,0.90479
ENSG00000170500,LONRF2,201,-0.5621,297,0.56217
ENSG00000071082,RPL31,878,-0.0551,912,0.05513
ENSG00000175874,CREG2,222,-0.7578,375,0.75788
ENSG00000175701,MTLN,112,-0.8509,202,0.85097
ENSG00000155368,DBI,712,1.39077,271,-1.3907
ENSG00000136717,BIN1,1091,1.68960,338,-1.6896
ENSG00000136720,HS6ST1,110,-1.1009,237,1.10090
ENSG00000152082,MZT2B,666,0.19125,583,-0.1912
ENSG00000136002,ARHGEF4,157,-0.9073,294,0.90739
ENSG00000152102,FAM168B,300,-0.0445,309,0.04457
ENSG00000115762,PLEKHB2,242,-0.4482,331,0.44827
ENSG00000173272,MZT2A,333,0.32455,266,-0.3245
ENSG00000168280,KIF5C,620,-0.0150,627,0.01506
ENSG00000136531,SCN2A,87,-1.7364,289,1.73647
ENSG00000091428,RAPGEF4,510,1.18503,224,-1.1850
ENSG00000138430,OLA1,269,0.65232,171,-0.6523
ENSG00000128656,CHN1,503,-2.0724,2118,2.07249
ENSG00000154518,ATP5MC3,425,-0.2631,510,0.26313
ENSG00000170144,HNRNPA3,301,0.23453,255,-0.2345
ENSG00000170035,UBE2E3,266,0.09467,249,-0.0946
ENSG00000061676,NCKAP1,157,-1.2430,373,1.24301
ENSG00000115419,GLS,141,-1.3965,373,1.39656
ENSG00000196950,SLC39A10,92,-1.2417,218,1.24176
ENSG00000144381,HSPD1,149,-0.5152,213,0.51524
ENSG00000115541,HSPE1,363,0.27404,300,-0.2740
ENSG00000116030,SUMO1,173,-0.0862,184,0.08623
ENSG00000138443,ABI2,187,-0.7122,306,0.71220
ENSG00000023228,NDUFS1,150,-0.4973,212,0.49732
ENSG00000114942,EEF1B2,407,0.91540,215,-0.9154
ENSG00000078018,MAP2,555,-0.8902,1029,0.89026
ENSG00000115365,LANCL1,508,1.07428,241,-1.0742
ENSG00000197756,RPL37A,1787,0.69079,1107,-0.6907
ENSG00000163466,ARPC2,188,-0.2175,218,0.21757
ENSG00000127838,PNKD,242,-0.0650,253,0.06501
ENSG00000171450,CDK5R2,88,-1.2157,205,1.21570
ENSG00000144567,RETREG2,323,-0.8151,568,0.81518
ENSG00000127824,TUBA4A,300,-1.0330,615,1.03305
ENSG00000135924,DNAJB2,1101,1.85827,303,-1.8582
ENSG00000054356,PTPRN,148,-1.6732,474,1.67328
ENSG00000135919,SERPINE2,181,-0.9417,349,0.94173
ENSG00000187957,DNER,601,1.89191,161,-1.8919
ENSG00000135932,CAB39,130,-0.7105,213,0.71057
ENSG00000135916,ITM2C,1103,-0.0079,1109,0.00796
ENSG00000115053,NCL,280,0.11617,258,-0.1161
ENSG00000187514,PTMA,4150,2.39512,789,-2.3951
ENSG00000066248,NGEF,112,-2.1004,481,2.10048
ENSG00000198612,COPS8,249,0.38765,190,-0.3876
ENSG00000130414,NDUFA10,220,-0.2314,258,0.23141
ENSG00000172428,COPS9,629,-0.1597,703,0.15977
ENSG00000063660,GPC1,177,-0.7800,304,0.78003
ENSG00000130294,KIF1A,935,0.15068,843,-0.1506
ENSG00000115685,PPP1R7,90,-1.3039,223,1.30392
ENSG00000115677,HDLBP,151,-0.7238,249,0.72385
ENSG00000168385,SEPTIN2,469,1.44335,172,-1.4433
ENSG00000115694,STK25,248,-0.0543,257,0.05430
ENSG00000134121,CHL1,286,-0.5263,412,0.52638
ENSG00000150995,ITPR1,72,-1.4912,203,1.49129
ENSG00000134108,ARL8B,113,-0.9846,224,0.98466
ENSG00000241553,ARPC4,144,-1.2963,353,1.29639
ENSG00000254999,BRK1,282,-0.0783,298,0.07836
ENSG00000157087,ATP2B2,163,-1.9384,627,1.93846
ENSG00000157103,SLC6A1,223,-0.7240,368,0.72402
ENSG00000157152,SYN2,438,-0.5657,648,0.56571
ENSG00000144713,RPL32,2357,0.98964,1187,-0.9896
ENSG00000144711,IQSEC1,359,-0.0899,382,0.08992
ENSG00000225733,FGD5-AS1,280,0.62332,182,-0.6233
ENSG00000182568,SATB1,113,-0.8394,203,0.83942
ENSG00000174748,RPL15,1260,0.33988,995,-0.3398
ENSG00000163539,CLASP2,436,0.79004,252,-0.7900
ENSG00000172995,ARPP21,30,-2.6659,194,2.66596
ENSG00000168028,RPSA,991,0.72191,601,-0.7219
ENSG00000168314,MOBP,2209,3.88263,149,-3.8826
ENSG00000114784,EIF1B,244,0.60070,160,-0.6007
ENSG00000188846,RPL14,689,-0.1865,784,0.18657
ENSG00000168036,CTNNB1,406,0.32863,323,-0.3286
ENSG00000187094,CCK,727,-1.4683,2012,1.46831
ENSG00000181061,HIGD1A,538,0.44672,395,-0.4467
ENSG00000114646,CSPG5,194,-0.2447,230,0.24472
ENSG00000132153,DHX30,170,-0.2288,199,0.22889
ENSG00000047849,MAP4,541,0.38623,414,-0.3862
ENSG00000232112,TMA7,804,-0.1250,877,0.12509
ENSG00000164054,SHISA5,183,-0.3474,232,0.34749
ENSG00000010256,UQCRC1,366,0.02304,360,-0.0230
ENSG00000178467,P4HTM,223,-0.4486,305,0.44862
ENSG00000178057,NDUFAF3,296,0.47266,213,-0.4726
ENSG00000067560,RHOA,765,0.83746,428,-0.8374
ENSG00000164061,BSN,173,-1.0358,356,1.03585
ENSG00000164076,CAMKV,251,-0.6812,402,0.68126
ENSG00000114353,GNAI2,666,1.39851,252,-1.3985
ENSG00000088538,DOCK3,60,-1.5356,175,1.53562
ENSG00000248487,ABHD14A,189,-0.0390,194,0.03907
ENSG00000162244,RPL29,1226,0.29980,996,-0.2998
ENSG00000163930,BAP1,135,-0.3801,176,0.38018
ENSG00000010322,NISCH,142,-1.4634,393,1.46345
ENSG00000114902,SPCS1,271,-0.1050,292,0.10507
ENSG00000113811,SELENOK,237,0.56300,160,-0.5630
ENSG00000168309,FAM107A,951,0.12417,873,-0.1241
ENSG00000163618,CADPS,108,-1.0825,230,1.08254
ENSG00000163630,SYNPR,101,-0.6925,164,0.69257
ENSG00000144746,ARL6IP5,327,0.23031,279,-0.2303
ENSG00000175161,CADM2,249,-0.3095,308,0.30957
ENSG00000269028,MTRNR2L12,2273,-0.4717,3152,0.47172
ENSG00000080822,CLDND1,1720,3.31523,172,-3.3152
ENSG00000081154,PCNP,146,-0.4498,199,0.44982
ENSG00000114391,RPL24,897,0.35894,699,-0.3589
ENSG00000196776,CD47,180,-0.5904,271,0.59048
ENSG00000144834,TAGLN3,560,-0.9270,1066,0.92702
ENSG00000114573,ATP6V1A,235,-0.5062,334,0.50626
ENSG00000172020,GAP43,240,-1.8432,862,1.84320
ENSG00000065518,NDUFB4,290,-0.6400,452,0.64001
ENSG00000160145,KALRN,118,-0.9621,230,0.96215
ENSG00000114631,PODXL2,201,-1.0656,421,1.06568
ENSG00000074416,MGLL,232,-0.2884,284,0.28845
ENSG00000075785,RAB7A,450,0.51569,314,-0.5156
ENSG00000169714,CNBP,462,0.71083,282,-0.7108
ENSG00000184897,H1FX,447,0.09996,417,-0.0999
ENSG00000091513,TF,2200,3.57681,184,-3.5768
ENSG00000154917,RAB6B,415,-0.7753,711,0.77537
ENSG00000070087,PFN2,448,-0.7137,735,0.71376
ENSG00000163536,SERPINI1,237,-1.5866,713,1.58668
ENSG00000008952,SEC62,230,0.58103,153,-0.5810
ENSG00000013297,CLDN11,1584,4.72053,60,-4.7205
ENSG00000136521,NDUFB5,119,-1.0956,255,1.09563
ENSG00000242808,SOX2-OT,1327,3.67273,104,-3.6727
ENSG00000161203,AP2M1,861,-0.6010,1307,0.60101
ENSG00000175166,PSMD2,238,-0.1348,261,0.13482
ENSG00000175182,FAM131A,335,-0.1695,376,0.16957
ENSG00000156976,EIF4A2,615,-0.7545,1038,0.75458
ENSG00000114279,FGF12,28,-2.9758,225,2.97583
ENSG00000189058,APOD,2592,2.73616,389,-2.7361
ENSG00000061938,TNK2,160,-0.4197,215,0.41973
ENSG00000182899,RPL35A,917,0.16823,816,-0.1682
ENSG00000169020,ATP5ME,1249,0.04766,1208,-0.0476
ENSG00000168993,CPLX1,189,-1.5795,566,1.57950
ENSG00000159692,CTBP1,344,-0.2744,416,0.27440
ENSG00000068078,FGFR3,126,-1.7493,426,1.74939
ENSG00000243449,C4orf48,1354,0.90789,722,-0.9078
ENSG00000185818,NAT8L,337,-0.6124,515,0.61246
ENSG00000087274,ADD1,497,0.51259,348,-0.5125
ENSG00000163956,LRPAP1,282,-0.3899,370,0.38992
ENSG00000168824,NSG1,23,-2.9995,186,2.99957
ENSG00000072832,CRMP1,56,-2.3729,294,2.37296
ENSG00000074211,PPP2R2C,240,-0.6666,382,0.66667
ENSG00000179010,MRFAP1,713,0.18368,628,-0.1836
ENSG00000169744,LDB2,40,-2.2306,190,2.23060
ENSG00000151552,QDPR,2772,2.77353,405,-2.7735
ENSG00000163682,RPL9,706,-0.2607,846,0.26076
ENSG00000154277,UCHL1,1490,-0.9763,2932,0.97634
ENSG00000064042,LIMCH1,273,0.68021,170,-0.6802
ENSG00000124406,ATP8A1,226,0.21661,194,-0.2166
ENSG00000109180,OCIAD1,342,-0.3296,430,0.32960
ENSG00000134851,TMEM165,528,1.75186,156,-1.7518
ENSG00000171476,HOPX,210,-1.6378,655,1.63783
ENSG00000018189,RUFY3,271,0.26938,225,-0.2693
ENSG00000138757,G3BP2,199,-1.0916,424,1.09166
ENSG00000138760,SCARB2,488,1.77872,142,-1.7787
ENSG00000118816,CCNI,476,0.38872,363,-0.3887
ENSG00000152795,HNRNPDL,818,0.34077,646,-0.3407
ENSG00000145293,ENOPH1,216,0.12621,198,-0.1262
ENSG00000145284,SCD5,1024,0.84915,568,-0.8491
ENSG00000109339,MAPK10,128,-1.2263,299,1.22634
ENSG00000152583,SPARCL1,1998,-0.6544,3145,0.65445
ENSG00000118785,SPP1,1226,3.96536,78,-3.9653
ENSG00000163644,PPM1K,176,-0.0113,177,0.01137
ENSG00000177432,NAP1L5,121,-0.6759,194,0.67593
ENSG00000145335,SNCA,408,-0.2339,479,0.23395
ENSG00000138698,RAP1GDS1,263,0.34893,207,-0.3489
ENSG00000168785,TSPAN5,178,0.10738,165,-0.1073
ENSG00000164032,H2AFZ,284,-0.3963,373,0.39635
ENSG00000138814,PPP3CA,312,-1.0576,651,1.05762
ENSG00000109332,UBE2D3,238,-0.5154,340,0.51544
ENSG00000109475,RPL34,1517,0.63108,979,-0.6310
ENSG00000145362,ANK2,428,-0.5202,614,0.52025
ENSG00000164096,C4orf3,455,1.45449,166,-1.4544
ENSG00000109390,NDUFC1,264,-0.1324,290,0.13244
ENSG00000153130,SCOC,359,0.20869,311,-0.2086
ENSG00000145425,RPS3A,1378,0.44840,1010,-0.4484
ENSG00000109670,FBXW7,186,-1.0410,384,1.04103
ENSG00000109654,TRIM2,951,1.26693,395,-1.2669
ENSG00000061918,GUCY1B1,119,-0.9692,233,0.96920
ENSG00000120251,GRIA2,190,-1.2528,454,1.25282
ENSG00000052802,MSMO1,272,0.54736,186,-0.5473
ENSG00000109472,CPE,1051,-0.9016,1963,0.90166
ENSG00000164106,SCRG1,315,0.16675,281,-0.1667
ENSG00000150625,GPM6A,955,-1.1215,2078,1.12150
ENSG00000151729,SLC25A4,409,-0.0310,418,0.03109
ENSG00000073578,SDHA,307,0.92433,161,-0.9243
ENSG00000249915,PDCD6,145,-0.7504,244,0.75049
ENSG00000171368,TPPP,1189,1.23305,506,-1.2330
ENSG00000145494,NDUFS6,255,0.22957,217,-0.2295
ENSG00000215218,UBE2QL1,151,-0.8711,276,0.87110
ENSG00000145495,MARCH6,313,0.13641,284,-0.1364
ENSG00000169862,CTNND2,288,-0.3839,377,0.38399
ENSG00000176788,BASP1,455,-1.6847,1464,1.68472
ENSG00000113387,SUB1,434,-0.2646,521,0.26461
ENSG00000079215,SLC1A3,435,-0.8867,804,0.88673
ENSG00000145592,RPL37,1171,0.62722,758,-0.6272
ENSG00000083720,OXCT1,118,-0.8632,215,0.86325
ENSG00000250722,SELENOP,1174,3.81771,83,-3.8177
ENSG00000112972,HMGCS1,387,0.16833,344,-0.1683
ENSG00000152932,RAB3C,56,-2.0216,228,2.02161
ENSG00000145675,PIK3R1,142,-0.7589,240,0.75897
ENSG00000131711,MAP1B,853,-0.8471,1534,0.84712
ENSG00000145741,BTF3,336,0.35872,262,-0.3587
ENSG00000171617,ENC1,287,-2.1566,1283,2.15665
ENSG00000171530,TBCA,271,0.04080,264,-0.0408
ENSG00000085365,SCAMP1,157,-0.4568,216,0.45686
ENSG00000186468,RPS23,1190,0.65875,753,-0.6587
ENSG00000164176,EDIL3,822,1.92540,216,-1.9254
ENSG00000127184,COX7C,688,-0.5540,1010,0.55409
ENSG00000081189,MEF2C,140,-2.0992,602,2.09925
ENSG00000198961,PJA2,351,-0.5365,509,0.53654
ENSG00000134986,NREP,131,-0.8702,239,0.87020
ENSG00000129625,REEP5,461,-0.4007,609,0.40076
ENSG00000169567,HINT1,734,-0.6436,1147,0.64361
ENSG00000158985,CDC42SE2,168,-0.1490,186,0.14903
ENSG00000164398,ACSL6,109,-0.7351,181,0.73512
ENSG00000131437,KIF3A,221,-0.2817,269,0.28178
ENSG00000164402,SEPTIN8,983,1.58589,327,-1.5858
ENSG00000164405,UQCRQ,599,-0.6385,932,0.63855
ENSG00000213585,VDAC1,277,-0.5280,400,0.52801
ENSG00000113558,SKP1,1235,0.39709,937,-0.3970
ENSG00000113575,PPP2CA,230,-0.5687,341,0.56879
ENSG00000119048,UBE2B,87,-1.4418,236,1.44180
ENSG00000145824,CXCL14,49,-2.1075,213,2.10751
ENSG00000152377,SPOCK1,549,0.97299,279,-0.9729
ENSG00000177733,HNRNPA0,268,0.33686,212,-0.3368
ENSG00000132563,REEP2,182,-0.9067,341,0.90675
ENSG00000120738,EGR1,802,2.33442,159,-2.3344
ENSG00000113013,HSPA9,290,0.09073,272,-0.0907
ENSG00000131508,UBE2D2,298,0.86683,163,-0.8668
ENSG00000171604,CXXC5,325,0.37798,250,-0.3779
ENSG00000131495,NDUFA2,250,-0.2332,295,0.23323
ENSG00000131507,NDFIP1,592,-0.5210,850,0.52109
ENSG00000156475,PPP2R2B,218,0.48226,156,-0.4822
ENSG00000113712,CSNK1A1,296,0.45513,216,-0.4551
ENSG00000070808,CAMK2A,209,-1.6536,659,1.65368
ENSG00000164587,RPS14,1378,0.61663,899,-0.6166
ENSG00000171992,SYNPO,148,-0.7166,243,0.71660
ENSG00000197043,ANXA6,275,-0.9315,525,0.93154
ENSG00000113140,SPARC,863,2.28167,177,-2.2816
ENSG00000177556,ATOX1,265,-0.2522,316,0.25224
ENSG00000155506,LARP1,214,0.13947,194,-0.1394
ENSG00000055163,CYFIP2,195,-1.1190,424,1.11900
ENSG00000145864,GABRB2,43,-2.4797,242,2.47978
ENSG00000022355,GABRA1,139,-1.6335,433,1.63356
ENSG00000113327,GABRG2,90,-1.0450,186,1.04509
ENSG00000170091,NSG2,231,-0.8606,420,0.86067
ENSG00000145920,CPLX2,266,-1.1859,606,1.18598
ENSG00000175416,CLTB,346,-0.2422,409,0.24220
ENSG00000074317,SNCB,399,-1.9543,1550,1.95437
ENSG00000169230,PRELID1,198,0.05086,191,-0.0508
ENSG00000145912,NHP2,280,-0.0819,296,0.08190
ENSG00000169045,HNRNPH1,254,0.62570,164,-0.6257
ENSG00000127022,CANX,421,0.05494,405,-0.0549
ENSG00000161011,SQSTM1,582,0.76342,343,-0.7634
ENSG00000050748,MAPK9,105,-1.2803,257,1.28036
ENSG00000204628,RACK1,769,1.00109,384,-1.0010
ENSG00000137267,TUBB2A,957,-1.1460,2119,1.14608
ENSG00000137285,TUBB2B,352,-0.5977,532,0.59774
ENSG00000124785,NRN1,69,-2.5105,396,2.51053
ENSG00000112137,PHACTR1,173,-0.4878,243,0.48789
ENSG00000112186,CAP2,79,-2.1846,362,2.18463
ENSG00000152954,NRSN1,71,-1.6463,225,1.64632
ENSG00000112308,C6orf62,150,-0.2828,182,0.28280
ENSG00000204681,GABBR1,171,-1.6741,546,1.67412
ENSG00000206503,HLA-A,428,1.23512,182,-1.2351
ENSG00000196230,TUBB,635,-0.4208,850,0.42084
ENSG00000137312,FLOT1,267,-0.5094,380,0.50945
ENSG00000234745,HLA-B,403,0.90147,216,-0.9014
ENSG00000213760,ATP6V1G2,257,-0.8919,478,0.89197
ENSG00000204469,PRRC2A,250,0.21486,215,-0.2148
ENSG00000204463,BAG6,243,0.35579,190,-0.3557
ENSG00000204435,CSNK2B,346,0.72373,209,-0.7237
ENSG00000204389,HSPA1A,800,1.43073,296,-1.4307
ENSG00000204314,PRRT1,242,-0.3865,316,0.38657
ENSG00000204310,AGPAT1,128,-0.4913,180,0.49135
ENSG00000231500,RPS18,738,0.61994,480,-0.6199
ENSG00000231925,TAPBP,235,0.03483,229,-0.0348
ENSG00000112514,CUTA,337,-0.1724,380,0.17243
ENSG00000186577,SMIM29,274,0.33453,217,-0.3345
ENSG00000272325,NUDT3,241,0.07863,228,-0.0786
ENSG00000124614,RPS10,960,0.93929,500,-0.9392
ENSG00000124507,PACSIN1,132,-1.4591,363,1.45915
ENSG00000198755,RPL10A,409,0.34439,322,-0.3443
ENSG00000137409,MTCH1,1012,-0.2562,1209,0.25620
ENSG00000214736,TOMM6,207,-0.1395,228,0.13959
ENSG00000124733,MEA1,97,-1.0349,199,1.03496
ENSG00000124702,KLHDC3,197,-0.8748,361,0.87481
ENSG00000137207,YIPF3,199,0.11271,184,-0.1127
ENSG00000096384,HSP90AB1,1188,-0.4428,1614,0.44284
ENSG00000178233,TMEM151B,174,-0.6555,275,0.65554
ENSG00000172348,RCAN2,269,-0.2900,329,0.29009
ENSG00000096092,TMEM14A,275,0.34924,216,-0.3492
ENSG00000151914,DST,394,0.49815,279,-0.4981
ENSG00000156508,EEF1A1,5094,1.41004,1916,-1.4100
ENSG00000112695,COX7A2,610,-0.2675,735,0.26755
ENSG00000112697,TMEM30A,330,0.41419,247,-0.4141
ENSG00000118418,HMGN3,217,0.07109,207,-0.0710
ENSG00000065609,SNAP91,126,-1.6125,386,1.61255
ENSG00000132424,PNISR,122,-0.4674,169,0.46749
ENSG00000112335,SNX3,556,0.27049,461,-0.2704
ENSG00000112290,WASF1,231,-0.4622,319,0.46229
ENSG00000277443,MARCKS,430,0.03387,420,-0.0338
ENSG00000187189,TSPYL4,88,-1.1300,193,1.13008
ENSG00000189241,TSPYL1,315,-1.3288,792,1.32889
ENSG00000152661,GJA1,250,-0.3660,323,0.36600
ENSG00000111897,SERINC1,833,0.02931,816,-0.0293
ENSG00000112306,RPS12,3010,1.66654,948,-1.6665
ENSG00000120265,PCMT1,508,0.31227,409,-0.3122
ENSG00000131016,AKAP12,53,-2.0104,216,2.01046
ENSG00000112096,SOD2,237,-0.2087,274,0.20870
ENSG00000120438,TCP1,195,0.12869,178,-0.1286
ENSG00000112531,QKI,1259,2.07846,298,-2.0784
ENSG00000008018,PSMB1,198,0.11051,183,-0.1105
ENSG00000188191,PRKAR1B,356,-1.4395,967,1.43959
ENSG00000105963,ADAP1,367,0.60494,241,-0.6049
ENSG00000075624,ACTB,5469,0.33591,4333,-0.3359
ENSG00000075618,FSCN1,511,0.33963,404,-0.3396
ENSG00000136238,RAC1,466,0.23558,396,-0.2355
ENSG00000189043,NDUFA4,1176,-0.8473,2117,0.84731
ENSG00000196683,TOMM7,544,-0.1793,616,0.17932
ENSG00000172115,CYCS,300,-0.5386,436,0.53862
ENSG00000122566,HNRNPA2B1,1079,0.98603,545,-0.9860
ENSG00000086300,SNX10,68,-1.5669,201,1.56695
ENSG00000136193,SCRN1,161,-0.7132,265,0.71327
ENSG00000180354,MTURN,2113,1.57378,710,-1.5737
ENSG00000122545,SEPTIN7,1279,0.85656,706,-0.8565
ENSG00000155849,ELMO1,221,0.08670,208,-0.0867
ENSG00000078053,AMPH,32,-2.7009,212,2.70092
ENSG00000062582,MRPS24,123,-0.4888,172,0.48888
ENSG00000058404,CAMK2B,132,-1.8932,492,1.89329
ENSG00000015676,NUDCD3,156,-0.6830,251,0.68305
ENSG00000196262,PPIA,1593,-0.1743,1798,0.17432
ENSG00000164742,ADCY1,254,-0.6740,405,0.67404
ENSG00000106153,CHCHD2,611,-0.3061,756,0.30618
ENSG00000106609,TMEM248,119,-0.7205,196,0.72053
ENSG00000126524,SBDS,357,1.07534,169,-1.0753
ENSG00000185274,GALNT17,52,-2.4997,294,2.49971
ENSG00000106089,STX1A,154,-1.6426,483,1.64267
ENSG00000106682,EIF4H,552,0.33426,438,-0.3342
ENSG00000106665,CLIP2,355,0.42245,265,-0.4224
ENSG00000263001,GTF2I,978,0.61065,640,-0.6106
ENSG00000005486,RHBDD2,342,-0.6423,533,0.64234
ENSG00000146701,MDH2,329,-0.0627,343,0.06276
ENSG00000106211,HSPB1,652,1.62560,211,-1.6256
ENSG00000170027,YWHAG,889,-0.7666,1513,0.76661
ENSG00000075142,SRI,335,-0.2772,406,0.27728
ENSG00000058091,CDK14,59,-1.6410,185,1.64107
ENSG00000001630,CYP51A1,202,-0.0113,204,0.01137
ENSG00000105854,PON2,341,0.82678,192,-0.8267
ENSG00000158560,DYNC1I1,73,-1.5126,208,1.51261
ENSG00000127922,SEM1,239,0.23395,203,-0.2339
ENSG00000106236,NPTX2,70,-1.4771,194,1.47718
ENSG00000166448,TMEM130,171,-1.8104,602,1.81047
ENSG00000241685,ARPC1A,156,-0.4777,217,0.47770
ENSG00000241468,ATP5MF,489,-0.9454,942,0.94546
ENSG00000168090,COPS6,152,-0.4293,205,0.42934
ENSG00000188186,LAMTOR4,402,-0.0497,416,0.04970
ENSG00000166925,TSC22D4,1442,2.16835,320,-2.1683
ENSG00000172354,GNB2,202,-0.8403,362,0.84036
ENSG00000106367,AP1S1,141,-0.7062,230,0.70626
ENSG00000128564,VGF,37,-3.3566,382,3.35662
ENSG00000214253,FIS1,1007,1.43217,373,-1.4321
ENSG00000091129,NRCAM,300,-0.9489,580,0.94896
ENSG00000196937,FAM3C,92,-0.8972,172,0.89725
ENSG00000128609,NDUFA5,224,-0.9634,438,0.96341
ENSG00000004059,ARF5,126,-0.5717,188,0.57173
ENSG00000128524,ATP6V1F,434,-0.1639,487,0.16395
ENSG00000286214,AUXG01000058.1,83,-1.1331,183,1.13310
ENSG00000105887,MTPN,281,-0.1418,310,0.14185
ENSG00000105894,PTN,284,-0.6315,440,0.63152
ENSG00000090266,NDUFB2,501,-0.0945,535,0.09456
ENSG00000106123,EPHB6,147,-1.2640,355,1.26403
ENSG00000174469,CNTNAP2,88,-1.0018,176,1.00187
ENSG00000171130,ATP6V0E2,845,0.13169,771,-0.1316
ENSG00000164885,CDK5,108,-0.8833,199,0.88337
ENSG00000133612,AGAP3,534,-0.0351,547,0.03514
ENSG00000082014,SMARCD3,156,-0.7633,266,0.76333
ENSG00000106615,RHEB,219,-0.7533,370,0.75330
ENSG00000130226,DPP6,127,-1.0450,262,1.04505
ENSG00000105993,DNAJB6,261,-0.2672,314,0.26721
ENSG00000155093,PTPRN2,190,-0.6528,299,0.65285
ENSG00000079459,FDFT1,232,0.26006,193,-0.2600
ENSG00000164733,CTSB,430,-0.3921,564,0.39210
ENSG00000156011,PSD3,313,-0.4674,433,0.46744
ENSG00000147416,ATP6V1B2,301,-0.5406,438,0.54067
ENSG00000158856,DMTN,168,-2.1000,722,2.10005
ENSG00000168481,LGI3,520,1.33414,206,-1.3341
ENSG00000168490,PHYHIP,533,-1.0570,1110,1.05702
ENSG00000104722,NEFM,146,-1.6228,452,1.62281
ENSG00000277586,NEFL,485,-1.1590,1083,1.15902
ENSG00000104765,BNIP3L,235,0.39731,179,-0.3973
ENSG00000240694,PNMA2,185,-1.2787,450,1.27870
ENSG00000092964,DPYSL2,2201,0.84082,1228,-0.8408
ENSG00000015592,STMN4,802,0.93608,419,-0.9360
ENSG00000120899,PTK2B,111,-1.7304,368,1.73046
ENSG00000120885,CLU,7892,0.19572,6891,-0.1957
ENSG00000133872,SARAF,1100,0.15147,990,-0.1514
ENSG00000104695,PPP2CB,328,0.18587,288,-0.1858
ENSG00000147526,TACC1,162,-0.6576,256,0.65761
ENSG00000078668,VDAC3,161,-1.0090,324,1.00908
ENSG00000221869,CEBPD,95,-1.5656,282,1.56561
ENSG00000169139,UBE2V2,108,-0.9049,203,0.90491
ENSG00000047249,ATP6V1H,227,-0.5859,342,0.58598
ENSG00000008988,RPS20,406,0.33551,321,-0.3355
ENSG00000104388,RAB2A,187,-0.8664,341,0.86642
ENSG00000198363,ASPH,207,-0.2094,239,0.20944
ENSG00000169085,VXN,183,-0.6138,280,0.61384
ENSG00000245910,SNHG6,455,1.35103,178,-1.3510
ENSG00000147604,RPL7,490,0.37642,377,-0.3764
ENSG00000154582,ELOC,153,-0.5846,230,0.58461
ENSG00000104435,STMN2,394,-1.2560,943,1.25601
ENSG00000076554,TPD52,101,-0.8503,183,0.85034
ENSG00000147588,PMP2,463,1.25876,193,-1.2587
ENSG00000123119,NECAB1,285,-0.3017,351,0.30178
ENSG00000164951,PDP1,104,-1.3300,262,1.33002
ENSG00000156467,UQCRB,658,-0.2154,764,0.21547
ENSG00000156482,RPL30,2165,1.51533,757,-1.5153
ENSG00000164919,COX6C,1018,-0.4243,1366,0.42437
ENSG00000164924,YWHAZ,900,-0.6991,1462,0.69911
ENSG00000104490,NCALD,112,-2.0310,458,2.03105
ENSG00000155096,AZIN1,271,0.62826,175,-0.6282
ENSG00000155097,ATP6V1C1,113,-1.3580,291,1.35808
ENSG00000164929,BAALC,430,-0.2996,530,0.29966
ENSG00000164830,OXR1,111,-1.1544,249,1.15445
ENSG00000147642,SYBU,105,-0.9329,200,0.93298
ENSG00000147684,NDUFB9,492,0.09164,462,-0.0916
ENSG00000104419,NDRG1,921,2.39734,174,-2.3973
ENSG00000181790,ADGRB1,118,-1.4415,321,1.44150
ENSG00000180155,LYNX1,174,-0.8251,309,0.82516
ENSG00000160932,LY6E,184,-1.3783,478,1.37838
ENSG00000176956,LY6H,468,-0.4238,628,0.42381
ENSG00000104529,EEF1D,603,1.66510,190,-1.6651
ENSG00000179950,PUF60,275,0.31050,222,-0.3105
ENSG00000185189,NRBP2,208,-0.0557,216,0.05578
ENSG00000178209,PLEC,145,-0.8754,267,0.87542
ENSG00000178719,GRINA,424,-0.2995,522,0.29952
ENSG00000179091,CYC1,345,0.43856,254,-0.4385
ENSG00000160948,VPS28,370,0.21303,319,-0.2130
ENSG00000187954,CYHR1,324,0.32339,259,-0.3233
ENSG00000167702,KIFC2,249,-0.8762,458,0.87628
ENSG00000161016,RPL8,1726,0.86420,948,-0.8642
ENSG00000181404,WASHC1,255,0.50842,179,-0.5084
ENSG00000107295,SH3GL2,230,-0.7776,394,0.77762
ENSG00000155876,RRAGA,173,-0.1149,187,0.11499
ENSG00000137154,RPS6,1294,1.46365,469,-1.4636
ENSG00000155886,SLC24A2,304,0.22098,261,-0.2209
ENSG00000165264,NDUFB6,168,-0.2754,204,0.27543
ENSG00000086061,DNAJA1,242,-0.0791,256,0.07915
ENSG00000086065,CHMP5,163,-0.1837,185,0.18376
ENSG00000168913,ENHO,513,-0.3455,651,0.34552
ENSG00000137100,DCTN3,210,0.24896,177,-0.2489
ENSG00000122733,PHF24,74,-1.6729,237,1.67296
ENSG00000165280,VCP,210,0.11126,195,-0.1112
ENSG00000122705,CLTA,321,-0.1924,367,0.19249
ENSG00000119125,GDA,133,-0.7807,228,0.78071
ENSG00000107372,ZFAND5,469,-0.2078,541,0.20787
ENSG00000106772,PRUNE2,196,-0.2977,241,0.29777
ENSG00000156052,GNAQ,177,-0.1014,190,0.10143
ENSG00000135018,UBQLN1,160,-0.3155,199,0.31550
ENSG00000165119,HNRNPK,720,0.45199,526,-0.4519
ENSG00000148053,NTRK2,643,-0.2454,763,0.24545
ENSG00000106723,SPIN1,103,-1.5873,309,1.58734
ENSG00000148082,SHC3,108,-0.9180,205,0.91808
ENSG00000187764,SEMA4D,501,1.60701,164,-1.6070
ENSG00000165023,DIRAS2,272,-0.6081,416,0.60811
ENSG00000165238,WNK2,104,-1.1521,231,1.15218
ENSG00000130956,HABP4,323,0.01862,318,-0.0186
ENSG00000136928,GABBR2,163,-1.3501,417,1.35012
ENSG00000260230,FRRS1L,115,-1.3184,287,1.31846
ENSG00000136810,TXN,342,-0.4365,463,0.43655
ENSG00000173258,ZNF483,329,-0.1900,375,0.19009
ENSG00000136888,ATP6V1G1,204,-0.2864,249,0.28645
ENSG00000119396,RAB14,217,0.17910,191,-0.1791
ENSG00000148180,GSN,1005,2.22617,214,-2.2261
ENSG00000119421,NDUFA8,181,-0.2440,214,0.24406
ENSG00000136930,PSMB7,199,-0.0449,205,0.04491
ENSG00000136942,RPL35,742,0.14174,673,-0.1417
ENSG00000136950,ARPC5L,137,-0.7290,228,0.72907
ENSG00000044574,HSPA5,372,1.05258,179,-1.0525
ENSG00000197958,RPL12,1097,1.24268,463,-1.2426
ENSG00000136854,STXBP1,525,-1.2679,1266,1.26794
ENSG00000106992,AK1,236,-0.3051,292,0.30511
ENSG00000160408,ST6GALNAC6,76,-1.5727,228,1.57274
ENSG00000171159,C9orf16,480,-1.0153,971,1.01536
ENSG00000106976,DNM1,977,-0.7919,1692,0.79193
ENSG00000197694,SPTAN1,482,-0.7539,812,0.75395
ENSG00000119335,SET,267,0.23614,227,-0.2361
ENSG00000160445,ZER1,129,-1.0374,266,1.03744
ENSG00000148341,SH3GLB2,408,0.02065,402,-0.0206
ENSG00000119383,PTPA,292,-0.1533,325,0.15331
ENSG00000107130,NCS1,274,-0.9217,519,0.92178
ENSG00000130723,PRRC2B,245,-0.1016,263,0.10160
ENSG00000148303,RPL7A,1249,0.07123,1189,-0.0712
ENSG00000130558,OLFM1,1377,-1.1191,2992,1.11917
ENSG00000172889,EGFL7,244,-0.3568,313,0.35684
ENSG00000244187,TMEM141,176,-0.0369,181,0.03691
ENSG00000196642,RABL6,213,-0.4940,301,0.49405
ENSG00000054148,PHPT1,277,-0.2702,334,0.27021
ENSG00000107223,EDF1,382,-0.6686,607,0.66862
ENSG00000159069,FBXW5,185,-0.1679,208,0.16797
ENSG00000107317,PTGDS,11180,1.72103,3391,-1.7210
ENSG00000107331,ABCA2,1387,2.06428,331,-2.0642
ENSG00000107281,NPDC1,681,-0.0154,689,0.01545
ENSG00000176978,DPP7,236,0.00716,234,-0.0071
ENSG00000176884,GRIN1,555,-1.2557,1326,1.25570
ENSG00000176101,SSNA1,236,-0.0540,245,0.05406
ENSG00000212864,RNF208,123,-0.9763,243,0.97636
ENSG00000188229,TUBB4B,407,-0.5153,582,0.51538
ENSG00000165802,NSMF,413,-0.5059,587,0.50597
ENSG00000182154,MRPL41,282,-0.5833,423,0.58333
ENSG00000067064,IDI1,389,0.86882,213,-0.8688
ENSG00000067057,PFKP,196,-0.8939,365,0.89397
ENSG00000057608,GDI2,294,0.98666,148,-0.9866
ENSG00000165629,ATP5F1C,140,-0.6569,221,0.65694
ENSG00000048740,CELF2,204,-0.1332,224,0.13325
ENSG00000183049,CAMK1D,100,-1.1670,225,1.16702
ENSG00000123240,OPTN,106,-1.0906,225,1.09065
ENSG00000026025,VIM,317,0.44100,233,-0.4410
ENSG00000150867,PIP4K2A,887,3.63194,71,-3.6319
ENSG00000107863,ARHGAP21,310,0.28392,254,-0.2839
ENSG00000122873,CISD1,134,-0.3905,175,0.39055
ENSG00000237949,LINC00844,922,2.91345,122,-2.9134
ENSG00000165443,PHYHIPL,259,0.25041,218,-0.2504
ENSG00000151150,ANK3,247,0.41541,185,-0.4154
ENSG00000138311,ZNF365,176,0.08376,166,-0.0837
ENSG00000156515,HK1,133,-1.4480,364,1.44809
ENSG00000180817,PPA1,270,0.02143,266,-0.0214
ENSG00000197746,PSAP,2047,0.21446,1764,-0.2144
ENSG00000107742,SPOCK2,270,-0.4842,378,0.48428
ENSG00000168209,DDIT4,747,2.41050,140,-2.4105
ENSG00000107758,PPP3CB,188,-1.5401,547,1.54012
ENSG00000148660,CAMK2G,276,-0.2719,334,0.27195
ENSG00000165637,VDAC2,317,0.18942,278,-0.1894
ENSG00000156113,KCNMA1,132,-0.5844,199,0.58447
ENSG00000138326,RPS24,1391,0.63522,896,-0.6352
ENSG00000122378,PRXL2A,162,-1.0366,333,1.03660
ENSG00000165678,GHITM,406,-0.6898,656,0.68986
ENSG00000173267,SNCG,277,-1.1910,633,1.19107
ENSG00000148672,GLUD1,410,-0.0348,420,0.03480
ENSG00000095637,SORBS1,112,-1.1640,252,1.16408
ENSG00000187122,SLIT1,171,-0.5265,247,0.52650
ENSG00000171314,PGAM1,445,-1.1411,982,1.14112
ENSG00000120053,GOT1,211,-1.0696,444,1.06961
ENSG00000099194,SCD,3493,2.61224,571,-2.6122
ENSG00000166136,NDUFB8,746,-0.0790,788,0.07905
ENSG00000198408,OGA,137,-0.9891,273,0.98913
ENSG00000059915,PSD,296,-1.0654,619,1.06540
ENSG00000107874,CUEDC2,139,-0.9898,276,0.98985
ENSG00000138107,ACTR1A,314,0.30521,254,-0.3052
ENSG00000148798,INA,166,-1.3693,430,1.36931
ENSG00000173915,ATP5MD,606,-0.9168,1145,0.91682
ENSG00000148834,GSTO1,138,-0.6501,218,0.65017
ENSG00000107518,ATRNL1,128,-0.6887,207,0.68875
ENSG00000165868,HSPA12A,222,-0.1514,246,0.15145
ENSG00000187164,SHTN1,712,2.01770,175,-2.0177
ENSG00000165672,PRDX3,237,0.15213,213,-0.1521
ENSG00000198825,INPP5F,166,-0.9136,314,0.91362
ENSG00000166033,HTRA1,1179,0.84534,656,-0.8453
ENSG00000065154,OAT,288,0.36916,223,-0.3691
ENSG00000107902,LHPP,960,3.12567,110,-3.1256
ENSG00000188690,UROS,196,-0.5859,294,0.58594
ENSG00000176171,BNIP3,347,0.01305,344,-0.0130
ENSG00000148826,NKX6-2,2056,5.08856,60,-5.0885
ENSG00000130643,CALY,170,-2.2461,807,2.24616
ENSG00000127884,ECHS1,287,0.47972,205,-0.4797
ENSG00000142089,IFITM3,481,0.68551,299,-0.6855
ENSG00000182272,B4GALNT4,321,0.69108,199,-0.6910
ENSG00000174775,HRAS,289,0.30690,234,-0.3069
ENSG00000177030,DEAF1,211,-0.4998,298,0.49984
ENSG00000184524,CEND1,384,-0.8940,714,0.89403
ENSG00000177542,SLC25A22,58,-1.9713,228,1.97133
ENSG00000177600,RPLP2,1014,0.36247,789,-0.3624
ENSG00000177700,POLR2L,359,0.51829,251,-0.5182
ENSG00000183020,AP2A2,162,-0.4125,216,0.41256
ENSG00000078902,TOLLIP,199,-1.5351,578,1.53519
ENSG00000117984,CTSD,637,0.19668,555,-0.1966
ENSG00000110651,CD81,1682,0.74296,1005,-0.7429
ENSG00000205531,NAP1L4,359,0.80554,205,-0.8055
ENSG00000166313,APBB1,805,0.02011,794,-0.0201
ENSG00000166337,TAF10,323,0.11350,299,-0.1135
ENSG00000166441,RPL27A,423,0.66996,266,-0.6699
ENSG00000255823,MTRNR2L8,245,-0.7021,398,0.70215
ENSG00000110321,EIF4G2,332,-0.1964,380,0.19645
ENSG00000050165,DKK3,612,-0.8272,1086,0.82727
ENSG00000133816,MICAL2,97,-0.9757,190,0.97575
ENSG00000110696,C11orf58,190,-0.2251,222,0.22516
ENSG00000110700,RPS13,1694,1.36716,657,-1.3671
ENSG00000134333,LDHA,480,-0.4145,641,0.41458
ENSG00000110786,PTPN5,84,-1.6164,257,1.61648
ENSG00000110427,KIAA1549L,102,-1.2006,235,1.20066
ENSG00000085063,CD59,168,-0.9354,323,0.93547
ENSG00000110436,SLC1A2,1007,-1.3975,2655,1.39759
ENSG00000187479,C11orf96,205,-0.8304,364,0.83044
ENSG00000019505,SYT13,152,-0.6369,236,0.63693
ENSG00000175264,CHST1,56,-2.0039,227,2.00391
ENSG00000121653,MAPK8IP1,716,1.29691,291,-1.2969
ENSG00000149091,DGKZ,269,-1.0705,565,1.07053
ENSG00000149179,C11orf49,62,-1.8630,227,1.86304
ENSG00000110514,MADD,99,-1.5414,290,1.54146
ENSG00000165916,PSMC3,243,-0.2284,285,0.22849
ENSG00000213619,NDUFS3,267,0.23586,227,-0.2358
ENSG00000172247,C1QTNF4,195,-0.8925,362,0.89252
ENSG00000211450,SELENOH,168,-1.1197,365,1.11970
ENSG00000110107,PRPF19,98,-1.1990,226,1.19901
ENSG00000006118,TMEM132A,103,-1.6419,321,1.64192
ENSG00000167986,DDB1,285,0.12574,261,-0.1257
ENSG00000011347,SYT7,110,-1.1456,244,1.14564
ENSG00000134825,TMEM258,499,1.53206,172,-1.5320
ENSG00000134824,FADS2,398,0.94253,207,-0.9425
ENSG00000167996,FTH1,20490,1.69438,6331,-1.6943
ENSG00000254772,EEF1G,605,0.88334,328,-0.8833
ENSG00000168000,BSCL2,259,-1.2387,612,1.23879
ENSG00000162188,GNG3,332,-1.6818,1067,1.68188
ENSG00000168003,SLC3A2,217,-0.3015,268,0.30156
ENSG00000133318,RTN3,1273,-0.3381,1609,0.33817
ENSG00000176340,COX8A,499,-0.4046,660,0.40467
ENSG00000167770,OTUB1,251,-0.4386,340,0.43869
ENSG00000173511,VEGFB,295,0.39842,224,-0.3984
ENSG00000002330,BAD,117,-1.0934,250,1.09349
ENSG00000173113,TRMT112,270,0.20706,234,-0.2070
ENSG00000126432,PRDX5,741,0.01867,731,-0.0186
ENSG00000110076,NRXN2,243,0.00411,242,-0.0041
ENSG00000168066,SF1,207,0.15052,186,-0.1505
ENSG00000213465,ARL2,404,0.45538,294,-0.4553
ENSG00000149806,FAU,1875,0.50596,1320,-0.5059
ENSG00000251562,MALAT1,815,1.34701,320,-1.3470
ENSG00000172757,CFL1,1561,0.10918,1447,-0.1091
ENSG00000175602,CCDC85B,617,-0.4188,825,0.41882
ENSG00000175550,DRAP1,300,0.37105,232,-0.3710
ENSG00000175334,BANF1,266,0.46289,193,-0.4628
ENSG00000087365,SF3B2,226,-0.0830,240,0.08303
ENSG00000174996,KLC2,136,-0.9375,261,0.93750
ENSG00000174903,RAB1B,181,0.09138,170,-0.0913
ENSG00000174871,CNIH2,135,-1.5558,399,1.55584
ENSG00000174684,B4GAT1,318,-0.7982,553,0.79824
ENSG00000174080,CTSF,363,0.42609,270,-0.4260
ENSG00000173898,SPTBN2,61,-1.9386,234,1.93866
ENSG00000173020,GRK2,197,-0.5010,279,0.50100
ENSG00000172508,CARNS1,1241,3.54453,106,-3.5445
ENSG00000084207,GSTP1,502,0.19587,438,-0.1958
ENSG00000167792,NDUFV1,541,0.48316,387,-0.4831
ENSG00000110717,NDUFS8,319,-0.0537,331,0.05377
ENSG00000085733,CTTN,307,0.51783,214,-0.5178
ENSG00000149357,LAMTOR1,275,0.29921,223,-0.2992
ENSG00000186642,PDE2A,105,-1.6531,330,1.65313
ENSG00000021300,PLEKHB1,1983,2.35009,389,-2.3500
ENSG00000175582,RAB6A,213,-0.5660,316,0.56607
ENSG00000214517,PPME1,116,-0.4205,155,0.42053
ENSG00000165434,PGM2L1,121,-0.6639,193,0.66394
ENSG00000118363,SPCS2,450,1.56601,152,-1.5660
ENSG00000149273,RPS3,1207,1.50144,426,-1.5014
ENSG00000171533,MAP6,73,-1.5470,214,1.54709
ENSG00000149269,PAK1,127,-1.6502,398,1.65028
ENSG00000151366,NDUFC2,386,-0.3057,477,0.30572
ENSG00000185742,C11orf87,59,-1.8143,207,1.81437
ENSG00000109846,CRYAB,10828,4.04418,656,-4.0441
ENSG00000149294,NCAM1,872,1.05545,419,-1.0554
ENSG00000168092,PAFAH1B2,302,0.95604,155,-0.9560
ENSG00000137726,FXYD6,961,-0.2935,1178,0.29357
ENSG00000167283,ATP5MG,325,-0.7066,531,0.70669
ENSG00000118181,RPS25,719,0.35887,561,-0.3588
ENSG00000154096,THY1,844,-1.0998,1810,1.09989
ENSG00000137642,SORL1,196,-0.3657,253,0.36576
ENSG00000109971,HSPA8,888,0.03584,866,-0.0358
ENSG00000166257,SCN3B,311,-0.5672,461,0.56724
ENSG00000154146,NRGN,1875,-1.5016,5311,1.50169
ENSG00000165478,HEPACAM,793,1.68985,245,-1.6898
ENSG00000149557,FEZ1,1494,2.23553,317,-2.2355
ENSG00000084234,APLP2,409,-0.8116,718,0.81169
ENSG00000109956,B3GAT1,466,0.73979,279,-0.7397
ENSG00000118971,CCND2,159,-1.0157,323,1.01579
ENSG00000111640,GAPDH,6215,0.03419,6069,-0.0341
ENSG00000139200,PIANP,109,-1.1726,247,1.17262
ENSG00000089693,MLF2,407,-0.6287,630,0.62873
ENSG00000159335,PTMS,334,-0.7109,546,0.71099
ENSG00000250510,GPR162,143,-1.0609,298,1.06091
ENSG00000111669,TPI1,1230,-0.6272,1900,0.62726
ENSG00000111674,ENO2,563,-1.2173,1311,1.21739
ENSG00000111676,ATN1,188,-0.6047,286,0.60475
ENSG00000111678,C12orf57,412,0.56975,278,-0.5697
ENSG00000139182,CLSTN3,138,-1.4013,365,1.40138
ENSG00000059804,SLC2A3,281,0.39439,213,-0.3943
ENSG00000139112,GABARAPL1,329,-0.5120,470,0.51209
ENSG00000023734,STRAP,178,-0.3193,223,0.31931
ENSG00000048540,LMO3,247,-0.9170,467,0.91702
ENSG00000111716,LDHB,875,-0.1795,991,0.17955
ENSG00000087470,DNM1L,84,-1.6216,259,1.62168
ENSG00000139116,KIF21A,103,-0.8479,186,0.84791
ENSG00000018236,CNTN1,168,-1.0488,348,1.04885
ENSG00000184613,NELL2,182,-1.4009,481,1.40091
ENSG00000134294,SLC38A2,292,0.65062,186,-0.6506
ENSG00000211584,SLC48A1,635,1.78634,184,-1.7863
ENSG00000152556,PFKM,185,-0.5902,279,0.59021
ENSG00000134287,ARF3,345,-0.9936,688,0.99364
ENSG00000181418,DDN,229,-0.6754,365,0.67548
ENSG00000123416,TUBA1B,1981,-0.6595,3129,0.65959
ENSG00000167552,TUBA1A,4887,1.78963,1413,-1.7896
ENSG00000139644,TMBIM6,606,0.52088,422,-0.5208
ENSG00000135472,FAIM2,747,-0.2628,896,0.26282
ENSG00000178449,COX14,323,0.54042,222,-0.5404
ENSG00000183283,DAZAP2,417,0.82926,234,-0.8292
ENSG00000196876,SCN8A,27,-2.7417,182,2.74177
ENSG00000063046,EIF4B,364,1.28856,149,-1.2885
ENSG00000167778,SPRYD3,181,-1.2043,417,1.20437
ENSG00000123349,PFDN5,659,0.42318,491,-0.4231
ENSG00000197111,PCBP2,368,-0.1008,395,0.10083
ENSG00000135390,ATP5MC2,618,0.20857,534,-0.2085
ENSG00000135486,HNRNPA1,722,0.77208,423,-0.7720
ENSG00000135426,TESPA1,87,-1.6175,269,1.61754
ENSG00000135441,BLOC1S1,370,0.15021,334,-0.1502
ENSG00000135404,CD63,672,0.49625,476,-0.4962
ENSG00000111540,RAB5B,342,0.87526,186,-0.8752
ENSG00000197728,RPS26,1587,0.98950,799,-0.9895
ENSG00000229117,RPL41,2360,0.22966,2013,-0.2296
ENSG00000196465,MYL6B,319,-0.0851,338,0.08518
ENSG00000092841,MYL6,1038,0.35761,810,-0.3576
ENSG00000062485,CS,98,-1.0889,208,1.08899
ENSG00000110955,ATP5F1B,666,-0.7006,1083,0.70067
ENSG00000110958,PTGES3,739,0.59716,489,-0.5971
ENSG00000196531,NACA,932,0.44562,684,-0.4456
ENSG00000123384,LRP1,216,-0.4678,299,0.46783
ENSG00000175203,DCTN2,154,-0.8350,276,0.83508
ENSG00000155980,KIF5A,1138,0.05096,1099,-0.0509
ENSG00000178498,DTX3,90,-1.2681,217,1.26812
ENSG00000135439,AGAP2,73,-1.8430,264,1.84305
ENSG00000135643,KCNMB4,296,0.42037,221,-0.4203
ENSG00000166006,KCNC2,58,-1.8276,208,1.82767
ENSG00000187109,NAP1L1,450,0.68724,280,-0.6872
ENSG00000067715,SYT1,935,-0.8731,1713,0.87315
ENSG00000139220,PPFIA2,137,-1.3722,356,1.37227
ENSG00000070961,ATP2B1,122,-1.9876,485,1.98764
ENSG00000173598,NUDT4,106,-1.7964,371,1.79647
ENSG00000177889,UBE2N,121,-0.6983,196,0.69831
ENSG00000184752,NDUFA12,131,-0.9786,259,0.97862
ENSG00000075415,SLC25A3,325,-0.8268,576,0.82686
ENSG00000185046,ANKS1B,344,0.75339,204,-0.7533
ENSG00000166598,HSP90B1,332,0.67820,207,-0.6782
ENSG00000074590,NUAK1,167,-0.5163,239,0.51636
ENSG00000136003,ISCU,103,-1.8073,361,1.80733
ENSG00000174456,C12orf76,363,0.74111,217,-0.7411
ENSG00000174437,ATP2A2,192,-1.5955,580,1.59552
ENSG00000111229,ARPC3,291,-0.1364,320,0.13646
ENSG00000111275,ALDH2,429,-0.0068,431,0.00680
ENSG00000089009,RPL6,1297,0.80098,744,-0.8009
ENSG00000179295,PTPN11,280,0.61179,183,-0.6117
ENSG00000089169,RPH3A,255,-1.0075,513,1.00759
ENSG00000176871,WSB2,220,-1.2383,520,1.23835
ENSG00000089220,PEBP1,2420,-0.0265,2465,0.02655
ENSG00000089157,RPLP0,719,0.56861,485,-0.5686
ENSG00000111775,COX6A1,1210,-0.3710,1565,0.37104
ENSG00000088986,DYNLL1,1056,-0.3315,1329,0.33151
ENSG00000157782,CABP1,291,-1.7703,995,1.77032
ENSG00000110931,CAMKK2,152,-1.4340,411,1.43400
ENSG00000182196,ARL6IP4,258,-0.3720,334,0.37209
ENSG00000111328,CDK2AP1,712,1.31391,286,-1.3139
ENSG00000119242,CCDC92,197,-0.3874,258,0.38740
ENSG00000150991,UBC,3557,0.80685,2033,-0.8068
ENSG00000132341,RAN,278,-0.4367,376,0.43673
ENSG00000150459,SAP18,374,-0.0318,383,0.03189
ENSG00000132970,WASF3,196,-0.0947,210,0.09473
ENSG00000122026,RPL21,1214,0.81188,691,-0.8118
ENSG00000132963,POMP,164,-1.1172,357,1.11724
ENSG00000189403,HMGB1,581,0.34626,457,-0.3462
ENSG00000120694,HSPH1,187,-0.7592,317,0.75927
ENSG00000133083,DCLK1,220,-1.2129,510,1.21297
ENSG00000023516,AKAP11,131,-0.4683,182,0.46839
ENSG00000151778,SERP2,76,-1.2323,180,1.23235
ENSG00000102804,TSC22D1,538,-0.6676,855,0.66766
ENSG00000133112,TPT1,1489,0.61704,971,-0.6170
ENSG00000136143,SUCLA2,132,-0.6293,204,0.62936
ENSG00000136156,ITM2B,2901,0.18555,2551,-0.1855
ENSG00000184226,PCDH9,458,1.01073,227,-1.0107
ENSG00000102471,NDFIP2,144,-0.7957,251,0.79576
ENSG00000139793,MBNL2,301,0.40750,227,-0.4075
ENSG00000125249,RAP2A,123,-0.6884,198,0.68842
ENSG00000134884,ARGLU1,275,-0.1076,296,0.10762
ENSG00000102606,ARHGEF7,156,-0.6390,243,0.63900
ENSG00000126217,MCF2L,209,-0.3965,275,0.39658
ENSG00000185896,LAMP1,587,1.48966,209,-1.4896
ENSG00000129538,RNASE1,1434,3.81582,101,-3.8158
ENSG00000165795,NDRG2,1879,0.53743,1295,-0.5374
ENSG00000092199,HNRNPC,565,0.96010,290,-0.9601
ENSG00000100804,PSMB5,220,-0.1539,245,0.15395
ENSG00000100836,PABPN1,196,0.15715,176,-0.1571
ENSG00000092096,SLC22A17,604,-0.5349,876,0.53491
ENSG00000092051,JPH4,155,-0.7039,252,0.70399
ENSG00000100884,CPNE6,159,-0.3234,199,0.32344
ENSG00000129559,NEDD8,328,-0.5589,483,0.55895
ENSG00000151320,AKAP6,164,-0.0662,172,0.06624
ENSG00000100902,PSMA6,141,-0.4999,199,0.49992
ENSG00000213741,RPS29,812,0.87006,444,-0.8700
ENSG00000165502,RPL36AL,322,0.37595,248,-0.3759
ENSG00000198513,ATL1,163,-0.9501,316,0.95016
ENSG00000100505,TRIM9,193,-0.4769,269,0.47697
ENSG00000139970,RTN1,1029,-0.8453,1850,0.84532
ENSG00000100554,ATP6V1D,98,-1.1300,216,1.13008
ENSG00000100650,SRSF5,212,-0.4048,280,0.40484
ENSG00000176903,PNMA1,215,-0.3761,279,0.37616
ENSG00000170348,TMED10,377,1.37217,145,-1.3721
ENSG00000170345,FOS,1402,2.84476,195,-2.8447
ENSG00000198668,CALM1,2109,-0.6423,3292,0.64237
ENSG00000183648,NDUFB1,551,-0.2289,646,0.22897
ENSG00000100604,CHGA,278,-1.0014,557,1.00140
ENSG00000100605,ITPK1,528,0.80636,302,-0.8063
ENSG00000165943,MOAP1,320,-0.7919,554,0.79197
ENSG00000089737,DDX24,214,-0.8722,393,0.87228
ENSG00000036530,CYP46A1,122,-1.4355,330,1.43557
ENSG00000196405,EVL,820,0.15550,736,-0.1555
ENSG00000214548,MEG3,893,-0.9288,1700,0.92880
ENSG00000078304,PPP2R5C,240,0.27388,198,-0.2738
ENSG00000197102,DYNC1H1,474,-0.4978,669,0.49780
ENSG00000080824,HSP90AA1,2014,0.23104,1716,-0.2310
ENSG00000100664,EIF5,150,-0.9172,283,0.91724
ENSG00000166165,CKB,2229,-0.6382,3469,0.63822
ENSG00000126214,KLC1,925,-0.3034,1141,0.30344
ENSG00000156411,ATP5MPL,468,-0.6105,714,0.61050
ENSG00000203485,INF2,603,1.50649,212,-1.5064
ENSG00000099814,CEP170B,74,-1.7806,256,1.78063
ENSG00000179364,PACS2,466,1.33989,184,-1.3398
ENSG00000182809,CRIP2,337,-0.4792,469,0.47921
ENSG00000128739,SNRPN,1081,-0.3872,1414,0.38720
ENSG00000224078,SNHG14,263,-1.1795,597,1.17952
ENSG00000166206,GABRB3,127,-0.9243,242,0.92433
ENSG00000034053,APBA2,379,0.13065,346,-0.1306
ENSG00000166922,SCG5,220,-1.4163,587,1.41630
ENSG00000128463,EMC4,205,-0.1349,225,0.13496
ENSG00000140319,SRP14,774,-0.2797,939,0.27978
ENSG00000247556,OIP5-AS1,278,0.56842,187,-0.5684
ENSG00000137825,ITPKA,29,-2.9262,223,2.92621
ENSG00000092445,TYRO3,228,-0.5329,331,0.53295
ENSG00000166963,MAP1A,557,-0.5589,820,0.55894
ENSG00000140264,SERF2,1316,0.65343,837,-0.6534
ENSG00000166710,B2M,942,0.99252,473,-0.9925
ENSG00000171766,GATM,439,1.32968,175,-1.3296
ENSG00000128951,DUT,213,0.18912,187,-0.1891
ENSG00000255302,EID1,470,0.10125,438,-0.1012
ENSG00000104112,SCG3,290,-1.0798,614,1.07986
ENSG00000128872,TMOD2,227,-0.4800,317,0.48009
ENSG00000197535,MYO5A,254,-0.4244,341,0.42442
ENSG00000128989,ARPP19,705,-0.9223,1336,0.92232
ENSG00000140416,TPM1,51,-1.9792,202,1.97925
ENSG00000103657,HERC1,200,0.05396,192,-0.0539
ENSG00000180304,OAZ2,321,0.10488,299,-0.1048
ENSG00000074696,HACD3,181,-0.2063,209,0.20632
ENSG00000103769,RAB11A,111,-0.9650,217,0.96505
ENSG00000169032,MAP2K1,229,-0.4009,303,0.40094
ENSG00000174444,RPL4,1890,0.85042,1048,-0.8504
ENSG00000103647,CORO2B,183,-0.4176,245,0.41765
ENSG00000137818,RPLP1,2203,0.74579,1314,-0.7457
ENSG00000067225,PKM,828,-0.9646,1617,0.96466
ENSG00000156642,NPTN,250,-1.4968,708,1.49681
ENSG00000178741,COX5A,540,0.25181,454,-0.2518
ENSG00000198794,SCAMP5,349,-0.3520,446,0.35207
ENSG00000140391,TSPAN3,554,0.01145,550,-0.0114
ENSG00000169783,LINGO1,183,-1.0906,391,1.09067
ENSG00000185787,MORF4L1,560,-0.1995,643,0.19951
ENSG00000058335,RASGRF1,112,-0.9128,210,0.91288
ENSG00000172379,ARNT2,227,-0.7712,388,0.77128
ENSG00000182774,RPS17,387,0.02749,380,-0.0274
ENSG00000166503,HDGFL3,140,-0.3866,183,0.38665
ENSG00000140600,SH3GL3,373,1.04572,180,-1.0457
ENSG00000182768,NGRN,452,-0.9832,894,0.98321
ENSG00000185518,SV2B,177,-1.0924,378,1.09243
ENSG00000272888,LINC01578,503,1.21623,216,-1.2162
ENSG00000184277,TM2D3,117,-0.6376,183,0.63768
ENSG00000242173,ARHGDIG,389,-0.2328,457,0.23283
ENSG00000086504,MRPL28,189,-0.2145,220,0.21453
ENSG00000130731,METTL26,378,0.26687,314,-0.2668
ENSG00000103266,STUB1,467,0.13582,425,-0.1358
ENSG00000127585,FBXL16,411,-1.2059,950,1.20598
ENSG00000103260,METRN,644,-0.0750,679,0.07505
ENSG00000103254,ANTKMT,214,-0.1745,241,0.17456
ENSG00000260807,AC009041.2,362,0.55610,246,-0.5561
ENSG00000007516,BAIAP3,229,-0.6056,349,0.60564
ENSG00000090581,GNPTG,396,0.97946,201,-0.9794
ENSG00000138834,MAPK8IP3,417,-0.1943,478,0.19434
ENSG00000103024,NME3,233,-0.2136,271,0.21363
ENSG00000063854,HAGH,148,-0.8483,266,0.84833
ENSG00000140990,NDUFB10,349,0.17615,309,-0.1761
ENSG00000140988,RPS2,1106,0.66321,699,-0.6632
ENSG00000255198,SNHG9,342,0.25555,287,-0.2555
ENSG00000127561,SYNGR3,190,-1.2375,450,1.23758
ENSG00000008710,PKD1,350,-0.3809,456,0.38094
ENSG00000167971,CASKIN1,94,-1.1071,204,1.10714
ENSG00000184207,PGP,106,-1.1190,231,1.11903
ENSG00000205937,RNPS1,308,-0.1013,331,0.10133
ENSG00000167972,ABCA3,275,0.30198,223,-0.3019
ENSG00000185883,ATP6V0C,1103,-0.5953,1667,0.59531
ENSG00000167978,SRRM2,249,0.06471,238,-0.0647
ENSG00000103363,ELOB,853,-0.0986,914,0.09868
ENSG00000103145,HCFC1R1,136,-1.5888,410,1.58880
ENSG00000103415,HMOX2,296,0.97864,150,-0.9786
ENSG00000089486,CDIP1,342,-0.3763,444,0.37639
ENSG00000067836,ROGDI,518,0.93300,271,-0.9330
ENSG00000078328,RBFOX1,177,-0.8916,328,0.89169
ENSG00000183044,ABAT,211,-0.5604,311,0.56041
ENSG00000183454,GRIN2A,114,-1.1345,252,1.13450
ENSG00000184602,SNN,209,-0.6440,327,0.64405
ENSG00000186260,MRTFB,77,-1.6764,248,1.67648
ENSG00000166780,BMERB1,243,-1.2669,585,1.26691
ENSG00000134419,RPS15A,658,0.70622,403,-0.7062
ENSG00000170540,ARL6IP1,322,-0.5155,461,0.51551
ENSG00000167191,GPRC5B,1630,2.30299,330,-2.3029
ENSG00000103316,CRYM,116,-1.5059,332,1.50593
ENSG00000140740,UQCRC2,199,-0.6800,320,0.68005
ENSG00000004779,NDUFAB1,262,0.10075,244,-0.1007
ENSG00000166501,PRKCB,219,-1.2190,511,1.21900
ENSG00000006116,CACNG3,110,-1.0538,230,1.05384
ENSG00000178952,TUFM,356,0.68495,221,-0.6849
ENSG00000103495,MAZ,278,0.18326,245,-0.1832
ENSG00000167371,PRRT2,90,-1.8921,337,1.89213
ENSG00000174938,SEZ6L2,328,-0.5150,469,0.51504
ENSG00000149932,TMEM219,385,0.87414,210,-0.8741
ENSG00000149927,DOC2A,160,-1.0262,326,1.02622
ENSG00000149925,ALDOA,482,-0.0261,491,0.02616
ENSG00000090238,YPEL3,601,-0.3672,775,0.36729
ENSG00000102882,MAPK3,194,-0.4834,271,0.48345
ENSG00000099365,STX1B,292,-0.4902,411,0.49028
ENSG00000089280,FUS,368,0.58731,245,-0.5873
ENSG00000069329,VPS35,85,-1.4653,235,1.46538
ENSG00000129636,ITFG1,122,-1.0826,258,1.08269
ENSG00000087258,GNAO1,486,-0.4271,653,0.42715
ENSG00000087250,MT3,6215,-0.3359,7844,0.33592
ENSG00000125148,MT2A,2145,0.34095,1693,-0.3409
ENSG00000169715,MT1E,427,0.04260,414,-0.0426
ENSG00000205364,MT1M,279,-0.7325,464,0.73257
ENSG00000125144,MT1G,152,-1.2932,374,1.29321
ENSG00000187193,MT1X,711,0.06305,681,-0.0630
ENSG00000102934,PLLP,1091,3.28587,111,-3.2858
ENSG00000006210,CX3CL1,159,-0.7843,274,0.78431
ENSG00000205336,ADGRG1,227,0.24435,191,-0.2443
ENSG00000103034,NDRG4,570,-0.9056,1068,0.90563
ENSG00000125166,GOT2,119,-0.7139,196,0.71392
ENSG00000135720,DYNC1LI2,484,1.54611,165,-1.5461
ENSG00000166595,CIAO2B,317,0.45460,231,-0.4546
ENSG00000159720,ATP6V0D1,382,-0.3103,474,0.31034
ENSG00000132612,VPS4A,252,0.17689,223,-0.1768
ENSG00000090861,AARS,319,0.27274,264,-0.2727
ENSG00000090863,GLG1,316,0.63094,204,-0.6309
ENSG00000034713,GABARAPL2,698,0.66521,440,-0.6652
ENSG00000166848,TERF2IP,326,-0.1071,351,0.10710
ENSG00000140905,GCSH,408,1.46841,147,-1.4684
ENSG00000230989,HSBP1,390,0.54372,267,-0.5437
ENSG00000135709,KIAA0513,176,-1.1099,380,1.10997
ENSG00000131143,COX4I1,1171,-0.5335,1695,0.53352
ENSG00000140941,MAP1LC3B,411,0.04015,400,-0.0401
ENSG00000154118,JPH3,182,-0.3915,239,0.39159
ENSG00000167508,MVD,243,0.46437,176,-0.4643
ENSG00000167515,TRAPPC2L,306,0.65354,194,-0.6535
ENSG00000197912,SPG7,141,-0.9637,276,0.96372
ENSG00000167526,RPL13,1544,0.60082,1018,-0.6008
ENSG00000141002,TCF25,197,-0.4254,264,0.42548
ENSG00000258947,TUBB3,313,-0.9028,587,0.90289
ENSG00000140995,DEF8,118,-0.7842,203,0.78422
ENSG00000159842,ABR,262,-1.1630,588,1.16305
ENSG00000108953,YWHAE,1615,0.33062,1284,-0.3306
ENSG00000174238,PITPNA,138,-0.1763,156,0.17630
ENSG00000174231,PRPF8,143,-0.3937,188,0.39371
ENSG00000141258,SGSM2,185,-0.3272,232,0.32727
ENSG00000007168,PAFAH1B1,297,-0.4580,409,0.45802
ENSG00000004660,CAMKK1,96,-1.4932,271,1.49322
ENSG00000142507,PSMB6,297,0.06674,283,-0.0667
ENSG00000108528,SLC25A11,198,-0.2690,239,0.26909
ENSG00000108518,PFN1,387,0.67064,243,-0.6706
ENSG00000108509,CAMTA2,186,-0.5450,271,0.54506
ENSG00000108561,C1QBP,239,0.41716,179,-0.4171
ENSG00000091592,NLRP1,54,-2.1628,244,2.16289
ENSG00000219200,RNASEK,697,-0.4815,973,0.48153
ENSG00000132535,DLG4,45,-2.2059,209,2.20590
ENSG00000072778,ACADVL,319,0.02744,313,-0.0274
ENSG00000170296,GABARAP,701,0.17018,623,-0.1701
ENSG00000132507,EIF5A,232,-0.2823,282,0.28233
ENSG00000169992,NLGN2,131,-0.5743,195,0.57430
ENSG00000161960,EIF4A1,298,0.19200,261,-0.1920
ENSG00000141504,SAT2,159,-0.4346,215,0.43465
ENSG00000129244,ATP1B2,377,-1.0136,762,1.01364
ENSG00000183011,NAA38,326,-0.3266,409,0.32667
ENSG00000170043,TRAPPC1,179,-0.3252,225,0.32524
ENSG00000220205,VAMP2,606,-0.4216,811,0.42167
ENSG00000161970,RPL26,753,0.47499,541,-0.4749
ENSG00000133026,MYH10,140,-0.3293,176,0.32932
ENSG00000007237,GAS7,504,0.05480,485,-0.0548
ENSG00000065559,MAP2K4,81,-0.9859,160,0.98596
ENSG00000109099,PMP22,880,2.58446,146,-2.5844
ENSG00000170315,UBB,2774,0.43528,2051,-0.4352
ENSG00000175061,SNHG29,498,0.33496,395,-0.3349
ENSG00000181350,LRRC75A,301,0.27870,248,-0.2787
ENSG00000133030,MPRIP,263,-0.0267,268,0.02672
ENSG00000108551,RASD1,78,-1.5500,231,1.55000
ENSG00000175662,TOM1L2,189,-0.3618,243,0.36184
ENSG00000124422,USP22,252,-0.8336,450,0.83362
ENSG00000256618,MTRNR2L1,135,-0.9072,253,0.90721
ENSG00000109046,WSB1,359,0.22751,306,-0.2275
ENSG00000087095,NLK,203,0.03256,199,-0.0325
ENSG00000109107,ALDOC,1284,-0.2592,1537,0.25929
ENSG00000198242,RPL23A,431,0.60785,282,-0.6078
ENSG00000108262,GIT1,154,-0.9587,299,0.95874
ENSG00000131242,RAB11FIP4,264,0.39925,200,-0.3992
ENSG00000172301,COPRS,99,-1.1238,215,1.12389
ENSG00000176749,CDK5R1,93,-1.4389,252,1.43893
ENSG00000006125,AP2B1,212,-0.1561,236,0.15613
ENSG00000277363,SRCIN1,457,1.36553,177,-1.3655
ENSG00000277791,PSMB3,197,-0.2568,235,0.25688
ENSG00000276293,PIP4K2B,194,-1.0880,412,1.08807
ENSG00000125691,RPL23,287,-0.7018,467,0.70184
ENSG00000108298,RPL19,1779,0.88963,960,-0.8896
ENSG00000171532,NEUROD2,59,-1.8948,223,1.89482
ENSG00000131771,PPP1R1B,285,0.36400,221,-0.3640
ENSG00000141741,MIEN1,218,-0.1275,239,0.12758
ENSG00000126351,THRA,486,0.36937,376,-0.3693
ENSG00000173812,EIF1,1436,0.53131,993,-0.5313
ENSG00000173786,CNP,7712,3.86770,528,-3.8677
ENSG00000108774,RAB5C,196,-0.2655,235,0.26556
ENSG00000033627,ATP6V0A1,380,-0.6437,594,0.64374
ENSG00000037042,TUBG2,250,0.02508,245,-0.0250
ENSG00000108797,CNTNAP1,67,-2.2573,323,2.25739
ENSG00000183978,COA3,151,-0.4414,205,0.44145
ENSG00000131469,RPL27,490,0.16990,436,-0.1699
ENSG00000108861,DUSP3,227,0.07742,215,-0.0774
ENSG00000108840,HDAC5,312,0.44634,229,-0.4463
ENSG00000087152,ATXN7L3,132,-0.5524,194,0.55246
ENSG00000108309,RUNDC3A,399,-0.9356,764,0.93560
ENSG00000131095,GFAP,7737,2.74440,1154,-2.7444
ENSG00000186868,MAPT,262,-0.3369,332,0.33699
ENSG00000073969,NSF,296,-1.2596,710,1.25964
ENSG00000082641,NFE2L1,115,-0.9097,216,0.90975
ENSG00000159199,ATP5MC1,319,-0.4605,439,0.46051
ENSG00000005882,PDK2,174,-0.2081,201,0.20815
ENSG00000108819,PPP1R9B,89,-1.0715,189,1.07158
ENSG00000108848,LUC7L3,338,0.60173,223,-0.6017
ENSG00000239672,NME1,126,-0.6970,204,0.69709
ENSG00000243678,NME2,510,-0.1587,569,0.15875
ENSG00000264364,DYNLL2,224,-0.7991,389,0.79913
ENSG00000108387,SEPTIN4,4336,3.90739,288,-3.9073
ENSG00000108395,TRIM37,86,-1.3924,227,1.39248
ENSG00000141367,CLTC,330,-0.9249,626,0.92497
ENSG00000087191,PSMC5,218,-0.3162,271,0.31627
ENSG00000266402,SNHG25,532,0.51543,372,-0.5154
ENSG00000108654,DDX5,526,-0.0579,548,0.05797
ENSG00000154229,PRKCA,189,-0.7823,325,0.78239
ENSG00000108946,PRKAR1A,480,0.19007,420,-0.1900
ENSG00000172809,RPL38,634,-0.0774,669,0.07744
ENSG00000167863,ATP5PD,155,-0.8931,289,0.89313
ENSG00000189159,JPT1,241,-0.4214,323,0.42148
ENSG00000188612,SUMO2,511,0.28283,420,-0.2828
ENSG00000177885,GRB2,181,-0.2347,213,0.23475
ENSG00000132475,H3F3B,1554,1.65075,495,-1.6507
ENSG00000132471,WBP2,705,-0.0846,748,0.08468
ENSG00000182534,MXRA7,363,0.16520,324,-0.1652
ENSG00000161547,SRSF2,175,-0.4550,241,0.45504
ENSG00000035862,TIMP2,450,1.45515,164,-1.4551
ENSG00000167281,RBFOX3,125,-0.9238,237,0.92381
ENSG00000171246,NPTX1,213,-1.2516,507,1.25161
ENSG00000175866,BAIAP2,161,-0.8021,282,0.80217
ENSG00000181409,AATK,925,2.53233,159,-2.5323
ENSG00000184009,ACTG1,2810,0.58365,1875,-0.5836
ENSG00000225663,MCRIP1,401,0.12265,369,-0.1226
ENSG00000185624,P4HB,144,-0.2059,166,0.20598
ENSG00000141522,ARHGDIA,395,0.07768,375,-0.0776
ENSG00000141552,ANAPC11,313,0.29868,255,-0.2986
ENSG00000169738,DCXR,250,-0.2536,298,0.25367
ENSG00000169727,GPS1,263,0.26596,219,-0.2659
ENSG00000169710,FASN,409,0.29916,332,-0.2991
ENSG00000141551,CSNK1D,157,-0.2884,192,0.28841
ENSG00000141542,RAB40B,404,1.10005,188,-1.1000
ENSG00000118680,MYL12B,179,-1.0704,376,1.07044
ENSG00000170579,DLGAP1,141,-1.1921,322,1.19213
ENSG00000082397,EPB41L3,312,0.51702,218,-0.5170
ENSG00000178127,NDUFV2,221,-0.3858,288,0.38584
ENSG00000101558,VAPA,388,-0.1057,418,0.10575
ENSG00000171885,AQP4,1114,1.07593,528,-1.0759
ENSG00000134769,DTNA,239,-0.1709,269,0.17090
ENSG00000166974,MAPRE2,264,0.01795,261,-0.0179
ENSG00000141425,RPRD1A,137,-0.4390,186,0.43906
ENSG00000101489,CELF4,117,-0.6652,187,0.66520
ENSG00000132872,SYT4,167,-1.2070,386,1.20700
ENSG00000152234,ATP5F1A,505,-0.4934,711,0.49340
ENSG00000177576,C18orf32,448,0.62890,289,-0.6289
ENSG00000265681,RPL17,2515,0.51016,1766,-0.5101
ENSG00000134440,NARS,93,-1.1547,208,1.15477
ENSG00000166562,SEC11C,348,1.35849,136,-1.3584
ENSG00000133313,CNDP2,412,1.08697,194,-1.0869
ENSG00000197971,MBP,41996,4.15500,2357,-4.1550
ENSG00000141759,TXNL4A,483,0.96864,247,-0.9686
ENSG00000099804,CDC34,168,-0.2205,196,0.22057
ENSG00000172270,BSG,617,-1.1969,1416,1.19695
ENSG00000099864,PALM,273,-0.2169,318,0.21695
ENSG00000182087,TMEM259,366,0.65447,232,-0.6544
ENSG00000099817,POLR2E,431,0.12496,395,-0.1249
ENSG00000167468,GPX4,674,-0.4916,948,0.49169
ENSG00000099624,ATP5F1D,840,-0.1328,921,0.13286
ENSG00000099622,CIRBP,829,0.75288,492,-0.7528
ENSG00000115286,NDUFS7,636,0.82432,359,-0.8243
ENSG00000115268,RPS15,2008,0.60049,1324,-0.6004
ENSG00000115266,APC2,244,-0.0148,246,0.01485
ENSG00000127540,UQCR11,585,-0.4760,814,0.47607
ENSG00000129968,ABHD17A,249,-0.1601,278,0.16018
ENSG00000133243,BTBD2,155,-0.6890,251,0.68905
ENSG00000065000,AP3D1,283,0.57221,190,-0.5722
ENSG00000104904,OAZ1,757,-0.4495,1035,0.44950
ENSG00000130332,LSM7,165,-0.3917,217,0.39170
ENSG00000099860,GADD45B,1086,1.06780,518,-1.0678
ENSG00000176533,GNG7,435,1.44495,160,-1.4449
ENSG00000176490,DIRAS1,166,-0.8881,307,0.88810
ENSG00000104969,SGTA,479,1.37107,185,-1.3710
ENSG00000104964,TLE5,726,-0.6185,1115,0.61858
ENSG00000186111,PIP5K1C,164,-0.5997,248,0.59977
ENSG00000167654,ATCAY,160,-0.1509,178,0.15097
ENSG00000167658,EEF2,1145,0.37711,882,-0.3771
ENSG00000126934,MAP2K2,326,0.04452,316,-0.0445
ENSG00000167671,UBXN6,305,0.10665,283,-0.1066
ENSG00000167680,SEMA6B,149,-0.7247,247,0.72475
ENSG00000130255,RPL36,1251,0.28322,1028,-0.2832
ENSG00000174917,MICOS13,335,-0.1733,378,0.17330
ENSG00000167733,HSD11B1L,68,-1.6225,212,1.62257
ENSG00000174886,NDUFA11,434,-0.1621,485,0.16219
ENSG00000125648,SLC25A23,255,-0.4898,359,0.48986
ENSG00000104833,TUBB4A,1811,0.87687,986,-0.8768
ENSG00000198816,ZNF358,219,0.20782,190,-0.2078
ENSG00000032444,PNPLA6,164,-0.3117,204,0.31170
ENSG00000229833,PET100,158,-0.9154,299,0.91542
ENSG00000181029,TRAPPC5,212,-0.9802,419,0.98020
ENSG00000260001,TGFBR3L,156,-0.6943,253,0.69438
ENSG00000178531,CTXN1,611,-0.7215,1008,0.72150
ENSG00000267855,NDUFA7,227,-0.1390,250,0.13907
ENSG00000233927,RPS28,1222,0.26773,1015,-0.2677
ENSG00000185236,RAB11B,448,0.66902,281,-0.6690
ENSG00000198258,UBL5,549,-0.2281,644,0.22818
ENSG00000127445,PIN1,883,0.41111,664,-0.4111
ENSG00000105376,ICAM5,62,-1.8379,222,1.83791
ENSG00000105401,CDC37,244,-0.2888,298,0.28881
ENSG00000129355,CDKN2D,176,-0.7833,304,0.78334
ENSG00000105518,TMEM205,290,0.55656,197,-0.5565
ENSG00000105520,PLPPR2,98,-1.3685,255,1.36856
ENSG00000130175,PRKCSH,641,2.22830,136,-2.2283
ENSG00000196361,ELAVL3,347,0.50745,244,-0.5074
ENSG00000105583,WDR83OS,389,0.98192,197,-0.9819
ENSG00000105576,TNPO2,121,-0.6926,196,0.69263
ENSG00000123144,TRIR,404,0.13806,367,-0.1380
ENSG00000171223,JUNB,702,1.82477,198,-1.8247
ENSG00000167815,PRDX2,890,0.11217,824,-0.1121
ENSG00000105613,MAST1,152,-0.6252,235,0.62528
ENSG00000179218,CALR,298,0.18485,262,-0.1848
ENSG00000179262,RAD23A,202,-0.1433,223,0.14331
ENSG00000179271,GADD45GIP1,322,-0.0679,337,0.06798
ENSG00000008441,NFIX,280,0.22082,240,-0.2208
ENSG00000104979,C19orf53,467,0.66233,295,-0.6623
ENSG00000072062,PRKACA,117,-0.7208,193,0.72089
ENSG00000072071,ADGRL1,154,-0.8087,269,0.80873
ENSG00000132002,DNAJB1,666,2.57088,112,-2.5708
ENSG00000099797,TECR,575,0.74292,343,-0.7429
ENSG00000099795,NDUFB7,238,-1.1152,516,1.11523
ENSG00000011243,AKAP8L,116,-1.3586,297,1.35868
ENSG00000072958,AP1M1,83,-1.1922,189,1.19225
ENSG00000105393,BABAM1,134,-0.5678,199,0.56782
ENSG00000127220,ABHD8,46,-2.3041,231,2.30412
ENSG00000130477,UNC13A,96,-1.3701,249,1.37010
ENSG00000130479,MAP1S,63,-1.9338,244,1.93383
ENSG00000105640,RPL18A,773,0.13767,703,-0.1376
ENSG00000007080,CCDC124,205,-0.0708,216,0.07088
ENSG00000099308,MAST3,425,-0.6442,665,0.64425
ENSG00000105649,RAB3A,274,-1.4369,743,1.43691
ENSG00000130522,JUND,3553,2.00972,882,-2.0097
ENSG00000130520,LSM4,102,-1.1283,224,1.12837
ENSG00000130511,SSBP4,219,-0.1169,238,0.11692
ENSG00000105701,FKBP8,870,-0.2120,1007,0.21207
ENSG00000221983,UBA52,797,0.14130,723,-0.1413
ENSG00000006015,REX1BD,268,-0.6030,408,0.60302
ENSG00000105696,TMEM59L,448,-1.4294,1207,1.42948
ENSG00000105669,COPE,364,0.09520,341,-0.0952
ENSG00000064607,SUGP2,160,-0.8161,282,0.81618
ENSG00000186010,NDUFA13,838,-0.2603,1004,0.26037
ENSG00000250067,YJEFN3,186,-0.8299,331,0.82990
ENSG00000169021,UQCRFS1,221,-0.4729,308,0.47291
ENSG00000105220,GPI,555,-0.6367,864,0.63677
ENSG00000105711,SCN1B,96,-1.5887,289,1.58872
ENSG00000266964,FXYD1,420,0.37859,323,-0.3785
ENSG00000221946,FXYD7,355,-0.4973,501,0.49738
ENSG00000105698,USF2,323,0.52905,223,-0.5290
ENSG00000105695,MAG,2339,4.27563,120,-4.2756
ENSG00000126267,COX6B1,555,-0.3014,684,0.30142
ENSG00000105290,APLP1,2732,1.51395,956,-1.5139
ENSG00000105270,CLIP3,497,-0.4303,670,0.43039
ENSG00000105258,POLR2I,312,0.31962,250,-0.3196
ENSG00000105254,TBCB,589,1.01394,292,-1.0139
ENSG00000126247,CAPNS1,547,-0.4001,722,0.40011
ENSG00000161281,COX7A1,113,-0.8784,208,0.87846
ENSG00000167642,SPINT2,69,-1.5265,200,1.52653
ENSG00000167641,PPP1R14A,1678,4.38074,80,-4.3807
ENSG00000099341,PSMD8,155,-1.0681,325,1.06814
ENSG00000178982,EIF3K,220,-1.0155,445,1.01551
ENSG00000130402,ACTN4,251,0.20827,217,-0.2082
ENSG00000104823,ECH1,423,1.08713,199,-1.0871
ENSG00000068903,SIRT2,1485,2.39964,281,-2.3996
ENSG00000128016,ZFP36,203,-0.3789,264,0.37891
ENSG00000105193,RPS16,668,0.76068,394,-0.7606
ENSG00000174521,TTC9B,290,-0.8373,519,0.83739
ENSG00000105223,PLD3,462,-1.2922,1132,1.29220
ENSG00000105372,RPS19,833,0.90776,444,-0.9077
ENSG00000105404,RABAC1,444,0.21346,383,-0.2134
ENSG00000105409,ATP1A3,299,-1.3819,780,1.38196
ENSG00000105723,GSK3A,108,-1.1517,240,1.15170
ENSG00000105767,CADM4,509,1.74640,151,-1.7464
ENSG00000130203,APOE,5027,0.99957,2514,-0.9995
ENSG00000104853,CLPTM1,155,-0.6158,238,0.61588
ENSG00000125743,SNRPD2,322,-0.4262,433,0.42623
ENSG00000011485,PPP5C,195,-0.2076,225,0.20761
ENSG00000182013,PNMA8A,195,-0.7542,329,0.75423
ENSG00000204851,PNMA8B,178,-0.6282,275,0.62829
ENSG00000160014,CALM3,1552,-0.9711,3042,0.97117
ENSG00000042753,AP2S1,286,-0.6510,449,0.65101
ENSG00000160007,ARHGAP35,97,-1.2137,226,1.21378
ENSG00000130748,TMEM160,308,-0.7463,517,0.74634
ENSG00000118160,SLC8A2,131,-1.0335,268,1.03355
ENSG00000105402,NAPA,288,-0.8432,518,0.84328
ENSG00000178980,SELENOW,3378,0.40763,2546,-0.4076
ENSG00000063177,RPL18,1436,0.67206,901,-0.6720
ENSG00000063180,CA11,338,-0.8670,617,0.86707
ENSG00000104805,NUCB1,107,-1.0206,217,1.02062
ENSG00000087086,FTL,4573,1.28374,1878,-1.2837
ENSG00000104852,SNRNP70,379,0.30564,306,-0.3056
ENSG00000104888,SLC17A7,670,-1.0780,1414,1.07800
ENSG00000142541,RPL13A,1357,1.08122,641,-1.0812
ENSG00000142534,RPS11,990,0.47776,711,-0.4777
ENSG00000126457,PRMT1,325,0.65445,206,-0.6544
ENSG00000196961,AP2A1,166,-0.4233,223,0.42334
ENSG00000104960,PTOV1,464,0.23197,395,-0.2319
ENSG00000161671,EMC10,431,1.55354,147,-1.5535
ENSG00000131409,LRRC4B,188,-0.3794,245,0.37946
ENSG00000105568,PPP2R1A,547,-0.4470,745,0.44707
ENSG00000126583,PRKCG,126,-0.9692,248,0.96924
ENSG00000170906,NDUFA3,694,-0.4727,963,0.47278
ENSG00000125505,MBOAT7,151,-0.9352,290,0.93529
ENSG00000170889,RPS9,724,0.58905,481,-0.5890
ENSG00000167614,TTYH1,1506,0.53473,1039,-0.5347
ENSG00000129990,SYT5,104,-1.6794,336,1.67943
ENSG00000133265,HSPBP1,106,-0.8076,186,0.80761
ENSG00000160469,BRSK1,232,-0.2827,282,0.28278
ENSG00000108107,RPL28,2419,0.93826,1262,-0.9382
ENSG00000063245,EPN1,104,-1.6494,328,1.64945
ENSG00000198300,PEG3,178,-0.3011,220,0.30113
ENSG00000121413,ZSCAN18,385,0.41110,289,-0.4111
ENSG00000083845,RPS5,615,0.49507,436,-0.4950
ENSG00000130725,UBE2M,317,-0.3539,406,0.35390
ENSG00000125841,NRSN2,263,-0.6020,400,0.60206
ENSG00000088832,FKBP1A,227,-1.0577,472,1.05776
ENSG00000198053,SIRPA,343,-0.6215,527,0.62155
ENSG00000132670,PTPRA,199,-0.7237,329,0.72378
ENSG00000125901,MRPS26,198,0.08715,187,-0.0871
ENSG00000171867,PRNP,905,-0.2390,1068,0.23905
ENSG00000089199,CHGB,203,-0.2287,238,0.22873
ENSG00000125827,TMX4,74,-1.2929,183,1.29292
ENSG00000182621,PLCB1,80,-1.7138,264,1.71387
ENSG00000132639,SNAP25,1737,-1.2339,4086,1.23394
ENSG00000125868,DSTN,437,-0.4132,581,0.41328
ENSG00000125814,NAPB,347,-1.2691,838,1.26910
ENSG00000101439,CST3,6363,-0.3446,8080,0.34462
ENSG00000197586,ENTPD6,186,-1.0542,387,1.05429
ENSG00000100994,PYGB,208,-0.1657,233,0.16571
ENSG00000100997,ABHD12,266,0.08707,250,-0.0870
ENSG00000101400,SNTA1,264,0.08786,248,-0.0878
ENSG00000101421,CHMP4B,113,-0.8258,200,0.82581
ENSG00000125971,DYNLRB1,471,0.02785,462,-0.0278
ENSG00000101460,MAP1LC3A,612,-0.0508,634,0.05088
ENSG00000126005,MMP24OS,232,0.23200,197,-0.2320
ENSG00000125995,ROMO1,320,0.72330,194,-0.7233
ENSG00000171222,SCAND1,255,0.26103,212,-0.2610
ENSG00000260032,NORAD,850,-0.5510,1246,0.55106
ENSG00000088367,EPB41L1,308,-0.0292,315,0.02921
ENSG00000080845,DLGAP4,104,-0.8770,192,0.87705
ENSG00000101079,NDRG3,361,-0.2975,444,0.29757
ENSG00000166619,BLCAP,299,-0.1373,329,0.13730
ENSG00000053438,NNAT,287,-0.7800,493,0.78000
ENSG00000132821,VSTM2L,48,-2.6570,306,2.65700
ENSG00000132824,SERINC3,317,-0.4054,420,0.40542
ENSG00000168734,PKIG,92,-1.7404,310,1.74042
ENSG00000166913,YWHAB,447,-0.6918,722,0.69189
ENSG00000124145,SDC4,617,2.12014,141,-2.1201
ENSG00000244274,DBNDD2,4907,3.70651,375,-3.7065
ENSG00000124140,SLC12A5,171,-1.4092,454,1.40921
ENSG00000124126,PREX1,644,1.98326,162,-1.9832
ENSG00000244687,UBE2V1,139,-0.4094,185,0.40943
ENSG00000054793,ATP9A,257,-0.4334,348,0.43341
ENSG00000064787,BCAS1,1365,3.79525,98,-3.7952
ENSG00000022277,RTF2,272,0.47862,195,-0.4786
ENSG00000087460,GNAS,2549,-0.5272,3673,0.52728
ENSG00000124172,ATP5F1E,1263,0.31258,1017,-0.3125
ENSG00000101182,PSMA7,326,0.42321,243,-0.4232
ENSG00000171858,RPS21,1052,0.27654,868,-0.2765
ENSG00000075043,KCNQ2,113,-1.2928,277,1.29282
ENSG00000101210,EEF1A2,601,-1.0914,1282,1.09144
ENSG00000125534,PPDPF,909,1.05582,437,-1.0558
ENSG00000197457,STMN3,545,-0.7075,891,0.70756
ENSG00000101152,DNAJC5,131,-1.3293,331,1.32934
ENSG00000171703,TCEA2,201,-0.5318,291,0.53187
ENSG00000154723,ATP5PF,290,-0.6179,445,0.61794
ENSG00000142192,APP,1242,0.12110,1142,-0.1211
ENSG00000142168,SOD1,890,0.08873,837,-0.0887
ENSG00000159082,SYNJ1,141,-0.4215,189,0.42151
ENSG00000184221,OLIG1,995,2.53093,172,-2.5309
ENSG00000241837,ATP5PO,286,-0.5163,409,0.51630
ENSG00000159228,CBR1,1136,2.63684,182,-2.6368
ENSG00000182670,TTC3,255,-0.3052,316,0.30526
ENSG00000182093,GET1,213,0.13052,194,-0.1305
ENSG00000160194,NDUFV3,182,-0.0041,183,0.00415
ENSG00000160209,PDXK,243,-0.3742,315,0.37428
ENSG00000160213,CSTB,260,0.13745,236,-0.1374
ENSG00000141959,PFKL,378,0.48989,269,-0.4898
ENSG00000160307,S100B,4816,2.82241,680,-2.8224
ENSG00000160310,PRMT2,315,0.78379,183,-0.7837
ENSG00000131100,ATP6V1E1,486,-0.4936,684,0.49363
ENSG00000070413,DGCR2,236,0.23433,200,-0.2343
ENSG00000184113,CLDN5,195,-0.2362,229,0.23621
ENSG00000184702,SEPTIN5,89,-1.4568,244,1.45683
ENSG00000203618,GP1BB,227,0.16888,202,-0.1688
ENSG00000241973,PI4KA,429,-0.9533,830,0.95331
ENSG00000185651,UBE2L3,186,-0.3062,230,0.30621
ENSG00000100030,MAPK1,215,-1.0762,454,1.07624
ENSG00000128266,GNAZ,143,-0.4976,202,0.49766
ENSG00000250479,CHCHD10,402,-1.3987,1062,1.39875
ENSG00000240972,MIF,1227,-0.4907,1725,0.49075
ENSG00000099977,DDT,302,0.63043,195,-0.6304
ENSG00000100095,SEZ6L,116,-1.3089,288,1.30897
ENSG00000225783,MIAT,217,-0.5160,310,0.51607
ENSG00000184076,UQCR10,505,-0.5618,745,0.56189
ENSG00000198832,SELENOM,416,0.03666,406,-0.0366
ENSG00000128245,YWHAH,811,-1.1889,1849,1.18892
ENSG00000100320,RBFOX2,171,-0.4332,232,0.43325
ENSG00000100379,KCTD17,194,-0.3659,250,0.36599
ENSG00000241360,PDXP,303,-0.9554,588,0.95540
ENSG00000100097,LGALS1,278,-0.4140,371,0.41402
ENSG00000213923,CSNK1E,181,0.08318,171,-0.0831
ENSG00000100201,DDX17,531,0.15850,475,-0.1585
ENSG00000100242,SUN2,1180,2.61590,192,-2.6159
ENSG00000221890,NPTXR,367,-0.6949,594,0.69493
ENSG00000183741,CBX6,198,-0.7343,330,0.73431
ENSG00000100316,RPL3,983,0.50615,692,-0.5061
ENSG00000100321,SYNGR1,338,-0.6176,520,0.61769
ENSG00000128272,ATF4,443,0.45521,323,-0.4552
ENSG00000187051,RPS19BP1,196,-0.1715,221,0.17159
ENSG00000100380,ST13,419,1.07695,198,-1.0769
ENSG00000100387,RBX1,309,0.42902,229,-0.4290
ENSG00000100401,RANGAP1,378,0.15958,338,-0.1595
ENSG00000100412,ACO2,390,-0.3561,499,0.35617
ENSG00000196419,XRCC6,149,-0.5412,217,0.54123
ENSG00000100138,SNU13,190,-1.4878,534,1.48782
ENSG00000198911,SREBF2,235,-0.5662,348,0.56624
ENSG00000100167,SEPTIN3,331,-0.7236,547,0.72367
ENSG00000183172,SMDT1,213,-0.3486,271,0.34867
ENSG00000184983,NDUFA6,196,-0.2944,240,0.29444
ENSG00000100243,CYB5R3,239,-0.1547,266,0.15470
ENSG00000186732,MPPED1,113,-0.8658,206,0.86584
ENSG00000130540,SULT4A1,263,-0.6682,418,0.66822
ENSG00000100364,KIAA0930,604,1.24175,255,-1.2417
ENSG00000130638,ATXN10,113,-1.1857,259,1.18571
ENSG00000100427,MLC1,209,-0.1559,233,0.15592
ENSG00000100241,SBF1,281,0.50644,197,-0.5064
ENSG00000008735,MAPK8IP2,333,-0.7028,542,0.70286
ENSG00000169100,SLC25A6,375,-0.5231,539,0.52313
ENSG00000205542,TMSB4X,1560,0.34623,1227,-0.3462
ENSG00000046653,GPM6B,2004,1.09654,937,-1.0965
ENSG00000173674,EIF1AX,146,-0.4159,195,0.41599
ENSG00000130066,SAT1,242,0.28753,198,-0.2875
ENSG00000156298,TSPAN7,778,-1.0094,1566,1.00943
ENSG00000182220,ATP6AP2,231,-0.8057,404,0.80570
ENSG00000215301,DDX3X,196,-0.2715,236,0.27153
ENSG00000147123,NDUFB11,212,-0.4820,296,0.48206
ENSG00000130985,UBA1,306,-0.3319,385,0.33192
ENSG00000102225,CDK16,170,-0.3849,222,0.38499
ENSG00000102226,USP11,315,-0.5483,460,0.54838
ENSG00000008056,SYN1,401,-1.2232,937,1.22325
ENSG00000101940,WDR13,168,-0.2061,194,0.20615
ENSG00000102109,PCSK1N,888,-1.1869,2023,1.18695
ENSG00000102003,SYP,368,-1.6404,1148,1.64048
ENSG00000179222,MAGED1,102,-1.3482,260,1.34828
ENSG00000184205,TSPYL2,213,-0.5293,307,0.52930
ENSG00000102316,MAGED2,148,-0.6878,239,0.68788
ENSG00000147162,OGT,117,-1.0597,244,1.05977
ENSG00000198034,RPS4X,1517,1.24128,641,-1.2412
ENSG00000186462,NAP1L2,58,-2.1233,253,2.12331
ENSG00000229807,XIST,237,-0.2926,291,0.29262
ENSG00000131174,COX7B,355,-0.8063,622,0.80637
ENSG00000102144,PGK1,433,-0.3678,559,0.36788
ENSG00000186310,NAP1L3,153,-0.8360,274,0.83600
ENSG00000241343,RPL36A,731,0.75996,431,-0.7599
ENSG00000126945,HNRNPH2,132,-0.4030,175,0.40308
ENSG00000184905,TCEAL2,298,-0.1317,326,0.13170
ENSG00000184515,BEX5,63,-1.9801,249,1.98010
ENSG00000198932,GPRASP1,90,-1.0415,186,1.04159
ENSG00000133169,BEX1,402,-1.0687,843,1.06872
ENSG00000102409,BEX4,493,-0.5433,719,0.54331
ENSG00000133134,BEX2,349,-0.5318,505,0.53181
ENSG00000166681,BEX3,682,-0.4130,908,0.41302
ENSG00000133142,TCEAL4,403,0.81832,229,-0.8183
ENSG00000196507,TCEAL3,309,0.45427,225,-0.4542
ENSG00000123562,MORF4L2,436,-0.3677,563,0.36771
ENSG00000123560,PLP1,18587,4.00700,1156,-4.0070
ENSG00000147224,PRPS1,218,0.03781,213,-0.0378
ENSG00000101856,PGRMC1,416,0.19098,364,-0.1909
ENSG00000005022,SLC25A5,227,0.14884,205,-0.1488
ENSG00000198918,RPL39,1213,0.99218,610,-0.9921
ENSG00000125356,NDUFA1,426,-0.5837,638,0.58370
ENSG00000005893,LAMP2,838,2.82580,118,-2.8258
ENSG00000125675,GRIA3,156,-0.2497,186,0.24974
ENSG00000165704,HPRT1,86,-1.3099,214,1.30997
ENSG00000134590,RTL8C,480,-0.4426,652,0.44260
ENSG00000022267,FHL1,184,-0.5722,274,0.57227
ENSG00000182195,LDOC1,121,-0.5005,171,0.50055
ENSG00000010404,IDS,1349,-0.5531,1979,0.55312
ENSG00000102181,CD99L2,195,-0.2556,233,0.25560
ENSG00000130822,PNCK,39,-2.4786,220,2.47868
ENSG00000185825,BCAP31,328,0.25924,274,-0.2592
ENSG00000067829,IDH3G,199,0.07164,189,-0.0716
ENSG00000180879,SSR4,196,0.23836,166,-0.2383
ENSG00000067840,PDZD4,135,-1.4884,380,1.48843
ENSG00000147403,RPL10,2353,0.87707,1281,-0.8770
ENSG00000071553,ATP6AP1,412,0.22713,352,-0.2271
ENSG00000203879,GDI1,831,-0.2811,1010,0.28114
ENSG00000196976,LAGE3,319,0.82135,180,-0.8213
ENSG00000198888,MT-ND1,6877,-1.5035,19500,1.50357
ENSG00000198763,MT-ND2,6812,-0.9303,12982,0.93031
ENSG00000198804,MT-CO1,15667,-1.2760,37940,1.27600
ENSG00000198712,MT-CO2,14752,-1.1713,33224,1.17130
ENSG00000228253,MT-ATP8,421,-0.4846,589,0.48462
ENSG00000198899,MT-ATP6,6744,-1.5425,19646,1.54253
ENSG00000198938,MT-CO3,9631,-1.2997,23710,1.29973
ENSG00000198840,MT-ND3,2564,-1.4570,7040,1.45709
ENSG00000212907,MT-ND4L,588,-0.7957,1020,0.79574
ENSG00000198886,MT-ND4,9800,-1.2895,23957,1.28956
ENSG00000198786,MT-ND5,1457,-0.9097,2738,0.90979
ENSG00000198695,MT-ND6,44,-2.5023,252,2.50230
ENSG00000198727,MT-CYB,5779,-1.2875,14109,1.28753
