Feature ID,Feature Name,Feature count topic 1,Feature log2 fold change topic 1,Feature count topic 2to3,Feature log2 fold change topic 2to3,Feature count topic 4to8,Feature log2 fold change topic 4to8
ENSG00000175756,AURKAIP1,15,-4.6776,685,1.45125,297,-0.6353
ENSG00000242485,MRPL20,15,-4.1538,234,-0.1283,304,0.91297
ENSG00000160075,SSU72,16,-4.2977,293,0.09862,325,0.69616
ENSG00000078369,GNB1,15,-5.1202,598,0.40926,537,0.41108
ENSG00000187730,GABRD,118,-1.0437,2,-6.8395,340,3.04641
ENSG00000067606,PRKCZ,15,-4.0395,192,-0.3436,290,1.11732
ENSG00000158109,TPRG1L,16,-3.8760,177,-0.3304,264,1.09589
ENSG00000069424,KCNAB2,15,-4.1158,104,-1.4773,345,2.20582
ENSG00000116251,RPL22,1931,1.37818,737,-0.3553,745,-0.6069
ENSG00000097021,ACOT7,16,-4.2230,261,-0.0380,318,0.82746
ENSG00000171735,CAMTA1,15,-4.2026,82,-1.9552,378,2.65726
ENSG00000116288,PARK7,15,-5.3340,473,-0.3337,712,1.15119
ENSG00000074800,ENO1,372,-1.4099,1543,1.13404,769,-0.5839
ENSG00000171603,CLSTN1,577,-1.0679,1166,0.05674,1229,0.34225
ENSG00000054523,KIF1B,15,-4.2963,454,1.06129,257,-0.2562
ENSG00000116661,FBXO2,15,-4.3319,123,-1.4419,400,2.18838
ENSG00000077549,CAPZB,243,0.06270,138,-0.9464,271,0.64504
ENSG00000173436,MICOS10,579,-0.5395,666,-0.3620,912,0.51696
ENSG00000158747,NBL1,625,1.55232,146,-1.0485,239,-0.3542
ENSG00000162545,CAMK2N1,2009,0.31397,489,-2.0704,2067,1.05283
ENSG00000158828,PINK1,15,-5.1539,220,-1.4283,707,2.21841
ENSG00000075151,EIF4G3,15,-3.7995,115,-0.9548,265,1.68900
ENSG00000070831,CDC42,109,-1.6716,263,-0.3535,381,0.84932
ENSG00000142676,RPL11,5361,2.11469,2044,0.30422,915,-1.7835
ENSG00000057757,PITHD1,15,-4.5068,417,0.54092,341,0.26630
ENSG00000117632,STMN1,740,-1.7311,2665,0.34158,2376,0.23149
ENSG00000142669,SH3BGRL3,1661,2.00365,589,0.06620,343,-1.4611
ENSG00000198830,HMGN2,15,-4.5390,679,1.69601,248,-0.8833
ENSG00000090273,NUDC,15,-4.3732,278,-0.0905,352,0.88464
ENSG00000130770,ATP5IF1,15,-5.7488,939,0.44274,825,0.38748
ENSG00000121769,FABP3,84,-1.5093,20,-3.7796,328,2.96237
ENSG00000121753,ADGRB2,15,-3.7882,100,-1.1760,268,1.89647
ENSG00000175130,MARCKSL1,573,-0.8814,2989,3.17041,283,-2.9445
ENSG00000121905,HPCA,18,-4.0179,6,-5.8209,427,5.33939
ENSG00000116560,SFPQ,15,-4.3388,575,1.61049,222,-0.8029
ENSG00000020129,NCDN,700,-0.2514,146,-2.8318,1109,1.74447
ENSG00000116871,MAP7D1,43,-2.8256,416,0.85481,267,-0.1270
ENSG00000197982,C1orf122,15,-4.9828,858,1.49253,363,-0.6705
ENSG00000168653,NDUFS5,350,-1.2665,520,-0.7385,972,1.06749
ENSG00000117410,ATP6V0B,582,-0.3104,697,-0.0185,731,0.15049
ENSG00000142937,RPS8,1775,0.30626,1911,0.51898,1245,-0.5831
ENSG00000117450,PRDX1,647,-0.1650,1128,0.96252,565,-0.7761
ENSG00000173660,UQCRH,59,-3.8763,494,-0.7991,1020,1.54650
ENSG00000123091,RNF11,15,-4.3920,180,-0.8832,396,1.65736
ENSG00000085832,EPS15,33,-2.8416,254,0.32441,237,0.39037
ENSG00000116209,TMEM59,125,-1.6859,419,0.24420,399,0.31372
ENSG00000116133,DHCR24,15,-4.0721,435,1.35183,201,-0.5526
ENSG00000116675,DNAJC6,15,-4.6122,230,-0.7294,454,1.51810
ENSG00000154027,AK5,205,-1.0430,77,-2.6916,561,2.22276
ENSG00000142875,PRKACB,74,-2.7369,455,0.05816,509,0.63553
ENSG00000153904,DDAH1,356,-0.1962,362,-0.1979,427,0.24557
ENSG00000143013,LMO4,23,-4.8029,189,-1.9232,859,2.67503
ENSG00000122406,RPL5,1454,0.57677,1215,0.31819,878,-0.5591
ENSG00000031698,SARS,528,-0.2687,605,-0.0548,649,0.16276
ENSG00000134243,SORT1,15,-4.2731,391,0.75117,275,0.05106
ENSG00000134248,LAMTOR5,16,-4.7482,350,-0.1720,469,0.97707
ENSG00000116459,ATP5PB,81,-1.9169,398,0.74449,269,-0.1206
ENSG00000009307,CSDE1,256,-0.3614,411,0.50637,296,-0.2796
ENSG00000163399,ATP1A1,316,-2.3068,761,-1.0965,1890,1.62423
ENSG00000198162,MAN1A2,41,-3.4731,160,-1.6243,584,2.27534
ENSG00000178104,PDE4DIP,15,-3.9573,183,-0.3316,273,1.10149
ENSG00000159164,SV2A,365,0.92721,2,-6.7458,267,1.11672
ENSG00000266472,MRPS21,136,-1.7763,194,-1.3737,578,1.72072
ENSG00000143420,ENSA,15,-4.7127,380,0.06453,433,0.74294
ENSG00000213190,MLLT11,280,-1.0177,61,-3.4885,771,2.51919
ENSG00000159377,PSMB4,15,-4.4224,552,1.34186,258,-0.5322
ENSG00000197956,S100A6,4836,3.13509,721,-0.7427,481,-2.1186
ENSG00000189171,S100A13,15,-4.8534,662,1.04758,381,-0.2289
ENSG00000160678,S100A1,50,-3.3762,797,1.18080,412,-0.4123
ENSG00000143543,JTB,656,1.06816,299,-0.3265,318,-0.3919
ENSG00000177954,RPS27,2736,1.63655,1168,0.09595,764,-1.1450
ENSG00000143549,TPM3,288,-0.0393,210,-0.6209,330,0.48412
ENSG00000132718,SYT11,15,-5.4929,803,0.48549,685,0.34152
ENSG00000160781,PAQR6,15,-5.0628,1417,3.21679,179,-2.4022
ENSG00000125462,C1orf61,1905,0.46079,1816,0.45245,1211,-0.6073
ENSG00000162729,IGSF8,438,0.79501,234,-0.3027,259,-0.2200
ENSG00000018625,ATP1A2,1308,0.06850,672,-1.1083,1478,0.74079
ENSG00000162734,PEA15,16,-5.4325,816,0.54501,668,0.28143
ENSG00000143256,PFDN2,34,-3.6797,591,0.88939,376,-0.1084
ENSG00000117152,RGS4,63,-3.0509,40,-3.9070,720,3.89828
ENSG00000143198,MGST3,2128,0.89868,1192,-0.1119,1121,-0.4244
ENSG00000143158,MPC2,15,-4.4037,135,-1.3750,418,2.12961
ENSG00000143153,ATP1B1,685,-1.8522,999,-1.4154,3062,1.77528
ENSG00000143156,NME7,15,-5.5338,254,-1.6158,934,2.41439
ENSG00000116161,CACYBP,250,-0.7437,572,0.74994,358,-0.3762
ENSG00000135821,GLUL,168,-3.2528,1139,-0.4147,1788,1.13314
ENSG00000159176,CSRP1,16,-5.6507,1961,2.77057,341,-1.9419
ENSG00000170075,GPR37L1,15,-4.3663,115,-1.5862,414,2.32715
ENSG00000058668,ATP2B4,422,0.67052,116,-1.5562,325,0.57543
ENSG00000069275,NUCKS1,430,-0.4423,404,-0.6129,656,0.66825
ENSG00000117691,NENF,15,-5.6913,1914,2.55210,388,-1.7219
ENSG00000143742,SRP9,15,-4.7630,392,0.05391,450,0.75480
ENSG00000163041,H3F3A,29,-4.5757,1140,1.39772,513,-0.5842
ENSG00000143761,ARF1,320,-0.5113,135,-1.9965,584,1.56919
ENSG00000143774,GUK1,889,-0.8435,1607,0.12349,1592,0.21913
ENSG00000168159,RNF187,159,-1.5681,407,-0.1242,500,0.62445
ENSG00000116906,GNPAT,171,-1.9277,1137,1.47575,456,-0.8366
ENSG00000173726,TOMM20,118,-1.5651,248,-0.4698,390,0.92561
ENSG00000179456,ZBTB18,15,-4.5035,118,-1.7016,459,2.44568
ENSG00000203667,COX20,15,-4.1926,338,0.55459,273,0.24301
ENSG00000153187,HNRNPU,286,-0.4424,358,-0.0930,401,0.26374
ENSG00000171863,RPS7,344,-2.0316,1776,0.68083,1261,-0.0430
ENSG00000115738,ID2,203,-0.5225,206,-0.5674,326,0.66823
ENSG00000119185,ITGB1BP1,187,-0.8466,235,-0.5547,378,0.78297
ENSG00000134308,YWHAQ,562,0.22420,489,-0.0111,478,-0.1010
ENSG00000115756,HPCAL1,15,-4.5261,92,-2.1216,477,2.84022
ENSG00000197872,FAM49A,82,-1.7384,80,-1.9346,352,2.12038
ENSG00000163032,VSNL1,17,-6.8197,426,-2.3623,2626,3.17878
ENSG00000143878,RHOB,1246,1.23150,926,0.83812,372,-1.4713
ENSG00000115128,SF3B6,836,-0.3833,2346,1.89546,589,-1.6447
ENSG00000084731,KIF3C,15,-3.9560,89,-1.5390,310,2.24975
ENSG00000084764,MAPRE3,15,-3.8061,22,-3.4880,303,3.88756
ENSG00000228474,OST4,475,0.18516,437,0.05316,410,-0.1321
ENSG00000243147,MRPL33,15,-4.3711,65,-2.4873,436,3.15851
ENSG00000213639,PPP1CB,15,-5.3693,438,-0.5137,748,1.32963
ENSG00000119801,YPEL5,244,-0.0429,88,-1.7785,316,1.17161
ENSG00000115944,COX7A2L,579,1.05258,149,-1.3192,331,0.17884
ENSG00000138078,PREPL,1037,0.38906,336,-1.5509,974,0.77401
ENSG00000171132,PRKCE,15,-3.7193,25,-3.2353,284,3.67337
ENSG00000143933,CALM2,2375,-0.4533,1910,-0.8957,3789,0.87567
ENSG00000179915,NRXN1,690,0.48985,227,-1.4293,597,0.64547
ENSG00000170634,ACYP2,15,-4.6261,503,0.77127,350,0.04093
ENSG00000115306,SPTBN1,15,-5.8061,1359,1.19580,708,-0.3627
ENSG00000115310,RTN4,266,-2.3826,709,-1.0076,1659,1.56218
ENSG00000143947,RPS27A,2404,0.31062,2783,0.68279,1600,-0.7316
ENSG00000163001,CFAP36,15,-4.3367,249,-0.2438,352,1.03343
ENSG00000014641,MDH1,18,-6.0014,382,-1.7184,1506,2.52840
ENSG00000169764,UGP2,163,-0.6606,50,-2.6200,340,1.95126
ENSG00000138069,RAB1A,15,-4.2019,69,-2.2148,383,2.89391
ENSG00000138071,ACTR2,101,-1.5400,169,-0.8390,343,1.22816
ENSG00000221823,PPP3R1,227,0.25973,51,-2.2236,245,1.15138
ENSG00000169564,PCBP1,15,-4.8112,373,-0.1061,478,0.91397
ENSG00000204843,DCTN1,95,-1.8611,345,0.18870,345,0.39616
ENSG00000066032,CTNNA2,15,-3.6538,34,-2.7035,267,3.23513
ENSG00000034510,TMSB10,4026,0.34779,3930,0.36506,2857,-0.4719
ENSG00000115486,GGCX,15,-3.6950,203,0.21022,208,0.56031
ENSG00000084090,STARD7,15,-4.4336,372,0.40339,334,0.40024
ENSG00000135940,COX5B,87,-4.1712,1304,-0.1286,1694,0.91398
ENSG00000170500,LONRF2,95,-1.1265,9,-4.7591,288,2.91749
ENSG00000071082,RPL31,430,-1.3102,1275,0.51582,984,-0.0137
ENSG00000175874,CREG2,15,-4.0175,25,-3.5120,352,3.95962
ENSG00000175701,MTLN,15,-4.3530,173,-0.9102,387,1.68142
ENSG00000155368,DBI,15,-5.7173,1519,1.67332,568,-0.8409
ENSG00000152082,MZT2B,52,-4.3624,1319,0.67280,983,0.13147
ENSG00000115762,PLEKHB2,204,-0.4186,171,-0.7910,314,0.78646
ENSG00000173272,MZT2A,720,1.26051,162,-1.3611,356,0.03185
ENSG00000168280,KIF5C,525,0.39159,264,-0.8193,454,0.37235
ENSG00000136531,SCN2A,245,0.00631,168,-0.6803,275,0.50145
ENSG00000128656,CHN1,521,-1.6721,687,-1.3864,2053,1.69888
ENSG00000154518,ATP5MC3,15,-5.7593,651,-0.2856,950,1.11123
ENSG00000170144,HNRNPA3,15,-4.3196,319,0.24994,319,0.54801
ENSG00000061676,NCKAP1,479,0.36952,218,-1.0121,432,0.50168
ENSG00000144369,FAM171B,314,0.11844,176,-0.9097,335,0.59036
ENSG00000151690,MFSD6,459,0.38022,493,0.60630,297,-0.6989
ENSG00000115419,GLS,16,-4.3466,96,-1.9142,431,2.63247
ENSG00000196950,SLC39A10,649,1.15613,80,-2.3937,375,0.47765
ENSG00000115541,HSPE1,15,-5.1936,922,1.28927,449,-0.4639
ENSG00000119013,NDUFB3,15,-4.9859,727,1.05278,417,-0.2315
ENSG00000116030,SUMO1,120,-1.2664,318,0.33379,279,0.14418
ENSG00000138443,ABI2,15,-3.9197,121,-1.0020,289,1.74263
ENSG00000114942,EEF1B2,25,-4.1658,508,0.42333,449,0.37167
ENSG00000078018,MAP2,187,-1.9699,409,-0.8778,864,1.36696
ENSG00000115365,LANCL1,15,-4.7272,581,0.94364,359,-0.1280
ENSG00000197756,RPL37A,16,-6.8276,2730,1.15483,1468,-0.3142
ENSG00000163466,ARPC2,58,-2.0382,177,-0.3801,266,0.94580
ENSG00000127838,PNKD,60,-2.3948,362,0.47796,299,0.19748
ENSG00000144567,RETREG2,16,-4.6478,635,1.14003,342,-0.3254
ENSG00000127824,TUBA4A,38,-3.8798,745,0.82970,495,-0.0407
ENSG00000054356,PTPRN,185,-0.6151,94,-1.8106,360,1.52938
ENSG00000116106,EPHA4,15,-3.7811,57,-2.0503,284,2.69560
ENSG00000135919,SERPINE2,148,-1.4828,99,-2.2536,541,2.22189
ENSG00000135916,ITM2C,484,-1.2204,882,-0.3244,1228,0.71260
ENSG00000115053,NCL,996,1.88636,309,-0.2851,253,-1.0872
ENSG00000187514,PTMA,5105,1.36148,4405,1.37331,1019,-2.1858
ENSG00000182600,SNORC,35,-3.4954,385,0.18157,401,0.57701
ENSG00000066248,NGEF,16,-4.5003,95,-2.1371,500,2.85228
ENSG00000130414,NDUFA10,706,1.24963,296,-0.3022,297,-0.5425
ENSG00000172428,COPS9,1052,-0.1408,1083,-0.1081,1191,0.15035
ENSG00000130294,KIF1A,15,-4.5056,260,-0.3781,403,1.17126
ENSG00000134121,CHL1,434,0.32571,152,-1.4793,423,0.78229
ENSG00000150995,ITPR1,186,-0.4476,49,-2.6534,335,1.82136
ENSG00000134108,ARL8B,550,1.36490,87,-1.8356,264,0.12838
ENSG00000241553,ARPC4,15,-4.0675,272,0.28390,265,0.50524
ENSG00000254999,BRK1,15,-4.7852,340,-0.2404,479,1.04544
ENSG00000157087,ATP2B2,15,-4.8688,57,-3.1868,629,3.84129
ENSG00000157103,SLC6A1,15,-4.5877,306,-0.1860,415,0.98589
ENSG00000157152,SYN2,15,-4.5875,53,-3.0079,516,3.64737
ENSG00000144713,RPL32,6765,1.76862,2495,-0.0659,1781,-1.1372
ENSG00000225733,FGD5-AS1,15,-4.0707,254,0.14326,273,0.64349
ENSG00000174748,RPL15,324,-1.8907,1712,0.95161,997,-0.3248
ENSG00000168028,RPSA,143,-1.9093,875,1.27754,404,-0.6421
ENSG00000114784,EIF1B,16,-4.4341,296,-0.0876,375,0.88401
ENSG00000188846,RPL14,2669,0.80842,2455,0.80514,1152,-1.1329
ENSG00000168036,CTNNB1,273,-0.5810,354,-0.1893,430,0.39460
ENSG00000187094,CCK,1728,-1.8420,1330,-2.4106,8141,2.47655
ENSG00000047849,MAP4,467,0.11114,295,-0.7107,487,0.46573
ENSG00000232112,TMA7,329,-2.2333,1708,0.40277,1485,0.24983
ENSG00000010256,UQCRC1,15,-4.0694,106,-1.3886,332,2.11886
ENSG00000178057,NDUFAF3,15,-4.1886,307,0.35538,284,0.43949
ENSG00000067560,RHOA,936,1.01814,802,0.90527,326,-1.3747
ENSG00000164076,CAMKV,264,-0.0597,143,-1.1519,329,0.84047
ENSG00000162244,RPL29,2846,1.42789,1302,0.03112,960,-0.9202
ENSG00000010322,NISCH,15,-4.3059,185,-0.7372,367,1.51198
ENSG00000114902,SPCS1,15,-4.7160,358,-0.0599,445,0.86574
ENSG00000113811,SELENOK,629,0.93755,236,-0.7931,365,-0.0071
ENSG00000168309,FAM107A,437,-0.0521,454,0.01373,453,0.01299
ENSG00000163630,SYNPR,15,-3.6603,148,-0.3438,222,1.09586
ENSG00000144746,ARL6IP5,15,-4.2845,214,-0.4526,349,1.23492
ENSG00000175161,CADM2,15,-4.0183,81,-1.7756,329,2.47420
ENSG00000269028,MTRNR2L12,15255,1.34534,3538,-1.2418,6990,-0.0907
ENSG00000080822,CLDND1,15,-5.4230,2119,4.47213,111,-3.6703
ENSG00000081154,PCNP,15,-3.6851,71,-1.6033,258,2.28161
ENSG00000114391,RPL24,1657,0.49467,1548,0.45164,1027,-0.6254
ENSG00000196776,CD47,143,-1.6268,272,-0.7266,512,1.15826
ENSG00000144834,TAGLN3,17,-5.4167,149,-2.4810,998,3.24101
ENSG00000114573,ATP6V1A,66,-2.4405,212,-0.7661,419,1.35944
ENSG00000172020,GAP43,15,-5.5694,56,-3.9344,1038,4.58828
ENSG00000138495,COX17,289,-0.8271,807,1.09687,395,-0.6835
ENSG00000065518,NDUFB4,249,-1.4736,412,-0.7892,805,1.16915
ENSG00000114023,FAM162A,16,-3.9634,139,-0.8332,294,1.58489
ENSG00000075785,RAB7A,15,-3.9569,212,-0.0610,262,0.83832
ENSG00000169714,CNBP,258,-0.1830,326,0.23608,280,-0.1139
ENSG00000184897,H1FX,24,-3.8851,252,-0.4056,395,1.16909
ENSG00000091513,TF,15,-6.4442,4699,6.36963,65,-5.5932
ENSG00000154917,RAB6B,229,-0.9538,183,-1.4273,547,1.46088
ENSG00000114125,RNF7,15,-4.2625,282,0.09129,315,0.70207
ENSG00000069849,ATP1B3,329,0.54589,67,-2.1204,288,0.89632
ENSG00000070087,PFN2,351,-1.1001,356,-1.2036,913,1.36526
ENSG00000163536,SERPINI1,549,-0.3664,226,-1.8959,900,1.43156
ENSG00000008952,SEC62,432,-0.1978,820,1.11766,367,-0.9130
ENSG00000136521,NDUFB5,15,-5.0618,1192,2.38998,269,-1.5685
ENSG00000242808,SOX2-OT,15,-5.1711,1752,4.28202,104,-3.4838
ENSG00000161203,AP2M1,2029,0.16443,1115,-0.8988,2089,0.55711
ENSG00000175182,FAM131A,102,-1.9868,354,-0.0725,427,0.65812
ENSG00000156976,EIF4A2,1108,-0.1110,599,-1.2051,1436,0.90130
ENSG00000114279,FGF12,15,-3.8284,49,-2.3410,297,2.95794
ENSG00000189058,APOD,4826,2.54903,2513,1.43638,149,-4.4606
ENSG00000182899,RPL35A,2999,1.64548,949,-0.4548,962,-0.7629
ENSG00000169020,ATP5ME,1473,-0.3759,2682,0.76177,1603,-0.5071
ENSG00000168993,CPLX1,172,-0.5982,95,-1.6576,327,1.43326
ENSG00000159692,CTBP1,15,-3.9205,60,-2.1270,314,2.78180
ENSG00000243449,C4orf48,26,-5.5858,2375,1.73144,853,-0.9006
ENSG00000185818,NAT8L,15,-4.6160,427,0.43297,377,0.37618
ENSG00000087274,ADD1,298,-0.1570,484,0.81266,271,-0.6379
ENSG00000163956,LRPAP1,175,-1.5659,472,-0.0136,536,0.52504
ENSG00000168824,NSG1,107,-0.8626,27,-3.0832,261,2.26926
ENSG00000074211,PPP2R2C,15,-3.6849,50,-2.1581,267,2.77729
ENSG00000179010,MRFAP1,806,0.40205,764,0.36874,549,-0.5038
ENSG00000237765,FAM200B,97,-2.8156,1628,2.58485,306,-1.8680
ENSG00000169744,LDB2,15,-3.4544,2,-6.2815,244,5.10533
ENSG00000151552,QDPR,15,-6.3505,3900,4.13118,263,-3.3034
ENSG00000163682,RPL9,3061,1.49512,1103,-0.3536,1079,-0.7022
ENSG00000154277,UCHL1,721,-1.4688,1731,-0.1124,2102,0.59176
ENSG00000109180,OCIAD1,15,-4.7619,367,-0.0672,459,0.87432
ENSG00000171476,HOPX,179,-2.1558,198,-2.1778,1042,2.43819
ENSG00000163453,IGFBP7,1617,1.76554,764,0.42234,360,-1.5401
ENSG00000018189,RUFY3,15,-3.7484,77,-1.5467,269,2.23669
ENSG00000138757,G3BP2,15,-4.5597,122,-1.7155,478,2.46258
ENSG00000118816,CCNI,189,-0.8800,165,-1.2124,421,1.28307
ENSG00000152795,HNRNPDL,26,-4.2839,492,0.12983,534,0.66498
ENSG00000145284,SCD5,15,-5.6501,1210,1.17990,637,-0.3485
ENSG00000109339,MAPK10,379,0.47870,4,-6.3341,379,1.54923
ENSG00000152583,SPARCL1,996,-1.2776,1029,-1.3585,2968,1.54359
ENSG00000177432,NAP1L5,15,-3.5131,3,-6.0112,253,5.07418
ENSG00000145335,SNCA,16,-4.8823,137,-1.9202,619,2.67717
ENSG00000164032,H2AFZ,482,-0.6972,481,-0.7910,902,0.90634
ENSG00000138814,PPP3CA,16,-5.1428,98,-2.6886,756,3.41691
ENSG00000109332,UBE2D3,15,-4.4950,607,1.46614,260,-0.6545
ENSG00000109475,RPL34,2611,0.61068,1902,0.08244,1633,-0.3887
ENSG00000145362,ANK2,15,-5.2883,452,-0.3610,694,1.17713
ENSG00000164096,C4orf3,15,-4.3487,424,0.81733,285,-0.0122
ENSG00000109390,NDUFC1,537,-0.1025,648,0.24411,549,-0.1548
ENSG00000153130,SCOC,15,-4.4502,313,0.03737,363,0.76171
ENSG00000145425,RPS3A,2464,0.93833,1853,0.51907,1059,-0.9577
ENSG00000109670,FBXW7,15,-4.2418,28,-3.5905,411,4.07316
ENSG00000109654,TRIM2,15,-5.0716,767,1.04143,444,-0.2186
ENSG00000120251,GRIA2,16,-4.4781,77,-2.3509,473,3.04658
ENSG00000052802,MSMO1,15,-4.2828,406,0.82432,272,-0.0211
ENSG00000109472,CPE,94,-4.2368,1378,-0.2461,1942,1.03159
ENSG00000164106,SCRG1,16,-4.7154,421,0.24323,423,0.56652
ENSG00000150625,GPM6A,19717,2.69566,1156,-2.4795,3798,-0.9511
ENSG00000151729,SLC25A4,77,-2.6901,12,-5.5405,690,4.34040
ENSG00000249915,PDCD6,1035,1.86689,276,-0.5753,286,-0.8835
ENSG00000171368,TPPP,15,-4.4949,668,1.74006,236,-0.9285
ENSG00000049656,CLPTM1L,15,-4.5766,323,-0.0699,404,0.87135
ENSG00000145494,NDUFS6,15,-4.5238,443,0.64320,337,0.16541
ENSG00000145495,MARCH6,428,-0.3321,565,0.14277,528,0.02514
ENSG00000176788,BASP1,264,-2.0495,901,-0.1823,1174,0.76896
ENSG00000113384,GOLPH3,238,-0.2804,372,0.55036,257,-0.3495
ENSG00000113387,SUB1,32,-4.2624,221,-1.5635,777,2.29808
ENSG00000079215,SLC1A3,16,-5.7075,104,-3.1858,1135,3.92253
ENSG00000145592,RPL37,1913,0.09707,2582,0.74110,1471,-0.6812
ENSG00000250722,SELENOP,1022,0.64406,2049,3.03286,96,-4.1517
ENSG00000112972,HMGCS1,15,-4.3922,324,0.18577,339,0.61368
ENSG00000145632,PLK2,15,-3.4800,44,-2.1254,231,2.71717
ENSG00000152932,RAB3C,116,-2.1714,419,-0.2241,564,0.82696
ENSG00000145675,PIK3R1,15,-4.0762,223,-0.1193,287,0.90076
ENSG00000131711,MAP1B,1156,-0.4262,1347,-0.2070,1635,0.34942
ENSG00000145741,BTF3,1012,1.26818,467,-0.1072,401,-0.6926
ENSG00000171617,ENC1,797,-1.2403,115,-4.3058,2591,2.91704
ENSG00000171530,TBCA,1087,1.23714,320,-0.9337,517,-0.1549
ENSG00000186468,RPS23,5813,1.52190,2999,0.36374,1634,-1.2684
ENSG00000127184,COX7C,439,-1.5502,1104,-0.1279,1360,0.62383
ENSG00000081189,MEF2C,220,-1.0451,33,-4.0710,625,2.70628
ENSG00000198961,PJA2,656,0.40741,424,-0.3614,523,0.05999
ENSG00000129625,REEP5,210,-1.5482,496,-0.2485,665,0.72977
ENSG00000169567,HINT1,1059,-0.8579,1964,0.15626,1903,0.19487
ENSG00000158985,CDC42SE2,15,-3.9530,249,0.25955,246,0.52437
ENSG00000164398,ACSL6,15,-5.4535,392,-0.8100,822,1.62339
ENSG00000131437,KIF3A,265,0.12511,55,-2.4831,318,1.34502
ENSG00000164402,SEPTIN8,15,-4.8161,938,2.13176,253,-1.3139
ENSG00000164405,UQCRQ,1053,-0.7467,2139,0.48884,1618,-0.1348
ENSG00000213585,VDAC1,623,0.69871,109,-2.2406,494,0.81657
ENSG00000113558,SKP1,378,-2.2804,1618,-0.0451,1928,0.67797
ENSG00000113575,PPP2CA,15,-4.0190,65,-2.1141,335,2.78217
ENSG00000119048,UBE2B,15,-4.2087,224,-0.2837,324,1.06703
ENSG00000145824,CXCL14,15,-4.6787,195,-1.0871,494,1.86802
ENSG00000177733,HNRNPA0,374,0.74152,102,-1.5011,272,0.49817
ENSG00000113013,HSPA9,919,1.69407,108,-2.0506,354,-0.0951
ENSG00000120727,PAIP2,39,-3.2211,513,0.94498,312,-0.1878
ENSG00000131495,NDUFA2,304,-0.1791,200,-0.9415,401,0.77254
ENSG00000131507,NDFIP1,403,-0.8625,175,-2.3007,956,1.92788
ENSG00000070808,CAMK2A,15,-4.8282,88,-2.5098,599,3.22520
ENSG00000164587,RPS14,3713,1.54004,1899,0.36396,1028,-1.2841
ENSG00000197043,ANXA6,74,-1.8999,68,-2.2139,364,2.37148
ENSG00000177556,ATOX1,15,-5.1002,971,1.60918,378,-0.7851
ENSG00000055163,CYFIP2,15,-4.4935,372,0.32025,354,0.48419
ENSG00000164609,SLU7,480,1.04397,204,-0.4711,244,-0.2795
ENSG00000145864,GABRB2,15,-4.2029,143,-1.0533,354,1.81028
ENSG00000022355,GABRA1,91,-2.0923,43,-3.3989,528,3.15654
ENSG00000113327,GABRG2,152,-0.5535,149,-0.6608,253,0.75090
ENSG00000181163,NPM1,840,1.18898,463,0.15921,330,-0.8347
ENSG00000170091,NSG2,15,-4.5750,71,-2.5596,504,3.24627
ENSG00000145920,CPLX2,15,-4.4083,124,-1.5185,425,2.26610
ENSG00000175416,CLTB,917,0.69457,430,-0.6416,621,0.06920
ENSG00000074317,SNCB,155,-2.3004,96,-3.1970,1030,3.15146
ENSG00000145912,NHP2,358,-0.0096,401,0.21237,344,-0.1692
ENSG00000169045,HNRNPH1,1022,1.37076,596,0.46187,315,-1.2288
ENSG00000127022,CANX,2000,1.93059,582,-0.3662,501,-1.0734
ENSG00000161011,SQSTM1,15,-4.1649,205,-0.3840,318,1.16270
ENSG00000050748,MAPK9,20,-4.4743,385,-0.0496,474,0.84809
ENSG00000204628,RACK1,311,-0.0811,329,0.01257,329,0.02704
ENSG00000137267,TUBB2A,65,-4.3165,979,-0.2903,1424,1.07800
ENSG00000137285,TUBB2B,15,-4.7768,280,-0.5798,500,1.37824
ENSG00000124785,NRN1,15,-4.0864,29,-3.3708,368,3.86477
ENSG00000112137,PHACTR1,79,-1.2793,32,-2.8153,258,2.42023
ENSG00000112186,CAP2,15,-4.0165,87,-1.6577,327,2.36531
ENSG00000152954,NRSN1,15,-3.5919,10,-4.4650,265,4.45786
ENSG00000112304,ACOT13,15,-3.6639,103,-0.9758,241,1.69806
ENSG00000112308,C6orf62,15,-4.5478,625,1.44805,272,-0.6351
ENSG00000204681,GABBR1,255,-0.1906,80,-2.1502,376,1.44003
ENSG00000196230,TUBB,19,-5.7152,1340,0.80400,917,0.02719
ENSG00000137312,FLOT1,45,-2.4459,155,-0.6504,283,1.25660
ENSG00000213760,ATP6V1G2,84,-2.5295,222,-1.1937,594,1.75052
ENSG00000231500,RPS18,4196,2.10962,1758,0.49497,658,-1.9663
ENSG00000112514,CUTA,21,-3.9835,327,0.21601,334,0.56842
ENSG00000124614,RPS10,359,-0.5974,629,0.37722,509,-0.0819
ENSG00000124507,PACSIN1,218,0.13983,16,-4.0041,271,1.69498
ENSG00000198755,RPL10A,1542,1.67160,586,-0.0961,443,-1.0292
ENSG00000137409,MTCH1,15,-5.6407,468,-0.7317,930,1.55036
ENSG00000214736,TOMM6,15,-4.4887,297,-0.1094,382,0.90730
ENSG00000124702,KLHDC3,15,-4.1989,198,-0.4850,330,1.26242
ENSG00000096384,HSP90AB1,1376,-0.2081,1240,-0.4289,1729,0.42740
ENSG00000172348,RCAN2,302,0.10269,77,-2.1816,362,1.25008
ENSG00000096092,TMEM14A,67,-2.6624,192,-1.2084,519,1.78682
ENSG00000156508,EEF1A1,8951,0.46591,13497,1.56751,3674,-1.7053
ENSG00000112695,COX7A2,860,-0.4051,771,-0.6567,1286,0.68401
ENSG00000112697,TMEM30A,214,-0.2056,283,0.29703,233,-0.1566
ENSG00000065609,SNAP91,15,-3.9357,82,-1.6531,308,2.35333
ENSG00000184486,POU3F2,15,-4.2371,439,1.08646,245,-0.2830
ENSG00000112335,SNX3,695,0.37753,353,-0.8169,607,0.37946
ENSG00000112290,WASF1,194,-0.7460,129,-1.5063,403,1.41668
ENSG00000277443,MARCKS,546,-0.2828,1164,1.28368,464,-1.0443
ENSG00000189241,TSPYL1,592,-0.7515,223,-2.4109,1306,1.91587
ENSG00000152661,GJA1,15,-5.7951,423,-1.0789,1070,1.89577
ENSG00000111897,SERINC1,1069,0.09796,1316,0.53935,872,-0.4996
ENSG00000112306,RPS12,6053,1.97972,2446,0.30220,1170,-1.6406
ENSG00000120265,PCMT1,125,-2.0901,386,-0.4190,595,0.98983
ENSG00000112096,SOD2,44,-2.2641,34,-2.8327,287,2.91738
ENSG00000112531,QKI,1060,0.49079,2005,2.36828,254,-2.7341
ENSG00000008018,PSMB1,15,-4.5917,717,1.75563,251,-0.9417
ENSG00000188191,PRKAR1B,15,-5.1120,284,-0.9550,658,1.75621
ENSG00000146540,C7orf50,17,-4.2967,690,1.98229,206,-1.1768
ENSG00000157954,WIPI2,150,-0.4656,55,-2.1542,267,1.61897
ENSG00000075624,ACTB,5570,0.53499,5256,0.52129,3280,-0.7086
ENSG00000075618,FSCN1,235,-0.5372,695,1.75684,199,-1.4393
ENSG00000136238,RAC1,871,0.71294,813,0.71817,418,-0.9909
ENSG00000189043,NDUFA4,984,-1.5874,1772,-0.7705,3432,1.18463
ENSG00000106537,TSPAN13,436,0.88578,143,-1.0713,273,0.18316
ENSG00000196683,TOMM7,15,-6.2148,1187,0.26090,1186,0.57353
ENSG00000172115,CYCS,274,-0.9724,283,-1.0336,641,1.19291
ENSG00000122566,HNRNPA2B1,16,-5.8530,1464,1.22541,748,-0.3918
ENSG00000086300,SNX10,15,-3.6231,29,-2.9284,263,3.41064
ENSG00000180354,MTURN,15,-5.2738,935,1.18484,490,-0.3584
ENSG00000122545,SEPTIN7,18,-5.8487,1303,0.66889,979,0.16336
ENSG00000155849,ELMO1,15,-3.7021,176,-0.0791,220,0.84253
ENSG00000058404,CAMK2B,15,-4.5305,35,-3.5783,502,4.12291
ENSG00000196262,PPIA,581,-1.4347,1268,-0.2498,1693,0.70421
ENSG00000164742,ADCY1,64,-2.1995,105,-1.6074,372,2.02129
ENSG00000132432,SEC61G,277,-1.4408,831,0.35736,723,0.16098
ENSG00000106153,CHCHD2,206,-2.5683,1118,0.04121,1263,0.63338
ENSG00000106609,TMEM248,1292,1.76887,444,-0.1953,352,-1.0434
ENSG00000106089,STX1A,15,-3.8917,172,-0.3662,262,1.13141
ENSG00000106682,EIF4H,197,-0.9819,420,0.27006,378,0.12981
ENSG00000263001,GTF2I,19,-4.9187,579,0.26737,574,0.54759
ENSG00000005486,RHBDD2,15,-4.7681,326,-0.2949,477,1.09850
ENSG00000146701,MDH2,16,-4.4467,194,-0.8307,411,1.60921
ENSG00000170027,YWHAG,685,-1.0354,675,-1.1774,1696,1.32145
ENSG00000075142,SRI,15,-4.7487,375,-0.0102,450,0.81773
ENSG00000001630,CYP51A1,649,1.24345,323,0.01133,254,-0.7613
ENSG00000127922,SEM1,1067,1.72728,284,-0.6897,337,-0.6929
ENSG00000166448,TMEM130,15,-4.9322,689,1.01473,406,-0.1946
ENSG00000241468,ATP5MF,16,-5.4719,462,-0.5508,809,1.36835
ENSG00000188186,LAMTOR4,129,-2.2535,675,0.38203,596,0.27217
ENSG00000166925,TSC22D4,16,-5.3146,1506,2.57952,299,-1.7547
ENSG00000172354,GNB2,15,-4.0840,226,-0.1026,288,0.88475
ENSG00000106367,AP1S1,262,-0.3836,275,-0.3524,369,0.44629
ENSG00000128564,VGF,31,-3.0090,14,-4.3790,350,4.12681
ENSG00000214253,FIS1,727,0.03174,1035,0.77179,582,-0.6800
ENSG00000091129,NRCAM,521,0.62778,136,-1.6675,417,0.65586
ENSG00000198898,CAPZA2,857,2.01562,80,-2.1695,264,-0.3604
ENSG00000196937,FAM3C,15,-4.2540,324,0.37732,296,0.42017
ENSG00000128609,NDUFA5,56,-3.1523,530,0.33062,494,0.40938
ENSG00000106299,WASL,15,-3.9335,170,-0.4381,273,1.20327
ENSG00000128524,ATP6V1F,76,-3.4192,1054,0.76478,729,0.00148
ENSG00000105887,MTPN,80,-1.7681,46,-2.7741,367,2.65970
ENSG00000105894,PTN,905,0.62290,509,-0.3885,619,-0.0507
ENSG00000236279,CLEC2L,537,1.44392,65,-2.1777,250,0.16565
ENSG00000090266,NDUFB2,340,-1.7614,1259,0.35466,1114,0.22457
ENSG00000174469,CNTNAP2,118,-1.8000,69,-2.7752,549,2.67584
ENSG00000171130,ATP6V0E2,179,-1.3509,351,-0.3446,499,0.76487
ENSG00000106615,RHEB,914,1.04288,464,-0.1480,435,-0.4978
ENSG00000130226,DPP6,24,-3.2766,29,-3.2023,321,3.52697
ENSG00000105993,DNAJB6,15,-4.9728,395,-0.2028,543,1.01355
ENSG00000164733,CTSB,1671,1.50023,505,-0.6608,624,-0.5168
ENSG00000156011,PSD3,15,-4.1552,117,-1.3359,351,2.07576
ENSG00000147416,ATP6V1B2,15,-4.4079,26,-3.9022,463,4.35464
ENSG00000158856,DMTN,15,-4.3525,42,-3.1037,439,3.69516
ENSG00000168490,PHYHIP,257,-0.9160,151,-1.8893,620,1.73268
ENSG00000104722,NEFM,556,0.87861,22,-4.2954,415,1.04969
ENSG00000277586,NEFL,650,-0.2433,290,-1.6468,961,1.22819
ENSG00000104765,BNIP3L,634,0.97893,443,0.41077,273,-0.8916
ENSG00000240694,PNMA2,16,-4.8388,294,-0.5847,526,1.38508
ENSG00000092964,DPYSL2,242,-2.6938,1770,0.47058,1485,0.23570
ENSG00000015592,STMN4,16,-4.2865,280,0.02967,326,0.76348
ENSG00000120899,PTK2B,329,0.51661,36,-3.0925,307,1.19808
ENSG00000120885,CLU,2408,-0.8854,2905,-0.6702,5066,0.88694
ENSG00000133872,SARAF,15,-5.9330,879,0.05490,1013,0.77552
ENSG00000104695,PPP2CB,250,-0.3629,134,-1.4772,398,1.20157
ENSG00000078668,VDAC3,15,-4.3277,79,-2.1333,417,2.83279
ENSG00000169139,UBE2V2,21,-3.7896,168,-0.7934,345,1.53510
ENSG00000047249,ATP6V1H,15,-3.9744,25,-3.5185,341,3.95409
ENSG00000008988,RPS20,15,-5.4535,1308,1.77006,457,-0.9409
ENSG00000137575,SDCBP,398,0.94996,42,-2.7709,271,0.75076
ENSG00000104388,RAB2A,17,-4.4566,110,-1.9130,496,2.64046
ENSG00000245910,SNHG6,297,-0.2475,327,-0.1088,363,0.19729
ENSG00000147604,RPL7,1031,0.09511,1927,1.55333,581,-1.4857
ENSG00000154582,ELOC,17,-4.1913,170,-0.8700,371,1.63397
ENSG00000104435,STMN2,720,0.45926,241,-1.4289,636,0.66645
ENSG00000176731,RBIS,896,1.85946,123,-1.6784,296,-0.3639
ENSG00000123119,NECAB1,115,-1.7201,325,-0.1263,403,0.65794
ENSG00000164951,PDP1,335,0.12140,3,-6.8738,430,1.91416
ENSG00000156467,UQCRB,1048,-0.1972,922,-0.4605,1313,0.44580
ENSG00000156482,RPL30,3973,0.81166,4574,1.36246,1339,-1.7067
ENSG00000164919,COX6C,314,-2.8411,1498,-0.5408,2553,1.20992
ENSG00000147669,POLR2K,325,0.25833,145,-1.1509,323,0.65108
ENSG00000164924,YWHAZ,42,-4.8332,376,-1.7694,1533,2.53089
ENSG00000104490,NCALD,26,-3.6178,189,-0.7730,382,1.50286
ENSG00000155097,ATP6V1C1,15,-3.8065,47,-2.3706,293,2.98037
ENSG00000164929,BAALC,491,-0.6896,1039,0.65597,693,-0.3051
ENSG00000164830,OXR1,35,-2.9584,25,-3.6298,377,3.69529
ENSG00000147684,NDUFB9,271,-1.3935,561,-0.2966,772,0.73459
ENSG00000160932,LY6E,373,0.13728,240,-0.6515,379,0.41173
ENSG00000176956,LY6H,42,-3.9729,1012,1.19624,521,-0.4011
ENSG00000178719,GRINA,16,-4.7914,230,-0.9628,535,1.75236
ENSG00000179091,CYC1,22,-3.6718,186,-0.5948,333,1.33734
ENSG00000161016,RPL8,3233,1.02926,2297,0.50282,1298,-1.0063
ENSG00000080503,SMARCA2,655,1.60425,47,-2.8499,282,0.17513
ENSG00000107295,SH3GL2,15,-3.9646,47,-2.5361,329,3.14761
ENSG00000155876,RRAGA,50,-2.1858,208,0.01504,237,0.60845
ENSG00000137154,RPS6,5427,3.15978,723,-0.9234,560,-2.0304
ENSG00000155886,SLC24A2,16,-4.2535,499,1.32726,235,-0.5224
ENSG00000165264,NDUFB6,80,-2.3536,279,-0.5079,461,1.11362
ENSG00000086061,DNAJA1,15,-4.2775,178,-0.7705,362,1.54271
ENSG00000168913,ENHO,569,0.05293,264,-1.2870,662,0.85376
ENSG00000137100,DCTN3,15,-4.3325,235,-0.3473,356,1.13433
ENSG00000122705,CLTA,17,-4.3053,263,-0.2501,373,1.03831
ENSG00000175768,TOMM5,189,-0.9730,563,1.01722,296,-0.5677
ENSG00000119125,GDA,16,-3.8659,187,-0.1769,251,0.94654
ENSG00000107372,ZFAND5,884,0.92858,388,-0.5278,495,-0.1614
ENSG00000165119,HNRNPK,15,-5.4453,876,0.74656,623,0.08097
ENSG00000148053,NTRK2,15,-5.3577,320,-1.0426,788,1.84929
ENSG00000106723,SPIN1,15,-3.9100,121,-1.0043,288,1.74412
ENSG00000165023,DIRAS2,16,-4.7130,688,1.34434,321,-0.5278
ENSG00000130956,HABP4,15,-4.0035,212,-0.1166,273,0.89473
ENSG00000136928,GABBR2,15,-3.9950,18,-3.9623,348,4.28712
ENSG00000106803,SEC61B,714,1.10628,460,0.38461,280,-0.9591
ENSG00000070214,SLC44A1,15,-5.1978,1897,5.15062,60,-4.3823
ENSG00000136810,TXN,1343,1.11814,443,-0.8491,689,-0.1088
ENSG00000173258,ZNF483,348,0.05905,202,-0.9113,387,0.62496
ENSG00000136888,ATP6V1G1,244,-0.6748,230,-0.8617,454,0.94882
ENSG00000119396,RAB14,15,-3.6624,123,-0.6817,233,1.41950
ENSG00000148180,GSN,15,-5.6365,2159,3.35299,250,-2.5286
ENSG00000119421,NDUFA8,15,-4.4463,178,-0.9639,415,1.73793
ENSG00000136942,RPL35,1788,0.90985,1019,-0.0686,924,-0.4637
ENSG00000136950,ARPC5L,189,-0.3113,118,-1.1775,282,0.99258
ENSG00000044574,HSPA5,16,-4.0392,214,-0.1600,284,0.93876
ENSG00000197958,RPL12,4436,2.00709,1420,-0.1295,977,-1.3118
ENSG00000136854,STXBP1,18,-5.1196,122,-2.5535,857,3.28937
ENSG00000106992,AK1,811,1.31678,548,0.72190,236,-1.4262
ENSG00000171159,C9orf16,926,0.14828,193,-2.4588,1093,1.31916
ENSG00000106976,DNM1,19,-5.2157,179,-2.1433,947,2.90871
ENSG00000197694,SPTAN1,188,-1.3147,141,-1.9092,598,1.93267
ENSG00000119335,SET,16,-4.2723,289,0.11532,317,0.67882
ENSG00000107130,NCS1,15,-4.5164,359,0.21753,367,0.58630
ENSG00000148303,RPL7A,3600,1.35195,1715,0.03537,1288,-0.8630
ENSG00000130558,OLFM1,624,-1.8742,323,-3.0452,3076,2.86036
ENSG00000130560,UBAC1,17,-5.7349,1410,1.25549,705,-0.4231
ENSG00000054148,PHPT1,15,-4.4873,234,-0.5423,407,1.33091
ENSG00000107223,EDF1,836,0.27610,774,0.17400,656,-0.2758
ENSG00000107317,PTGDS,4222,-0.1889,9548,1.60574,2920,-1.4124
ENSG00000107281,NPDC1,15,-4.8995,760,1.31945,362,-0.4991
ENSG00000176884,GRIN1,866,0.69355,179,-1.9855,678,0.73246
ENSG00000188229,TUBB4B,539,0.76523,279,-0.3967,332,-0.1363
ENSG00000182154,MRPL41,15,-4.9123,711,1.12230,388,-0.3022
ENSG00000067057,PFKP,15,-3.8464,21,-3.6216,312,3.99771
ENSG00000057608,GDI2,216,-0.5595,683,1.92694,172,-1.6132
ENSG00000165629,ATP5F1C,15,-4.4347,266,-0.2465,376,1.03987
ENSG00000123240,OPTN,339,0.65224,79,-1.8215,270,0.70141
ENSG00000122873,CISD1,15,-3.6995,117,-0.8000,243,1.53472
ENSG00000237949,LINC00844,626,-0.2363,2363,3.73719,87,-4.3511
ENSG00000165443,PHYHIPL,20,-4.4911,940,1.98115,281,-1.1703
ENSG00000156515,HK1,56,-2.2109,301,0.48244,247,0.17095
ENSG00000180817,PPA1,15,-4.6583,318,-0.2057,437,1.00747
ENSG00000197746,PSAP,2439,0.29387,2022,-0.0222,1977,-0.1288
ENSG00000138279,ANXA7,15,-4.0965,376,0.94797,231,-0.1499
ENSG00000107758,PPP3CB,21,-4.5777,236,-1.1854,640,1.95799
ENSG00000148660,CAMK2G,470,1.06996,97,-1.6557,274,0.30838
ENSG00000165637,VDAC2,15,-4.6243,419,0.38158,383,0.42726
ENSG00000138326,RPS24,3090,1.74277,1053,-0.2369,871,-0.9912
ENSG00000122378,PRXL2A,15,-4.4900,202,-0.8059,421,1.58727
ENSG00000165678,GHITM,15,-5.2829,522,-0.0857,662,0.90488
ENSG00000173267,SNCG,16,-4.8079,174,-1.4372,564,2.21174
ENSG00000171314,PGAM1,43,-3.8481,315,-1.0060,752,1.74120
ENSG00000120053,GOT1,154,-2.4136,627,-0.3142,904,0.94570
ENSG00000099194,SCD,15,-6.3882,3711,3.50917,387,-2.6761
ENSG00000166136,NDUFB8,714,-0.6176,941,-0.2037,1158,0.41982
ENSG00000198408,OGA,15,-3.7220,83,-1.3991,261,2.09815
ENSG00000059915,PSD,388,0.12895,99,-2.1670,457,1.22542
ENSG00000107874,CUEDC2,16,-5.1970,836,0.99247,501,-0.1677
ENSG00000148798,INA,15,-3.6212,8,-4.8179,271,4.66176
ENSG00000173915,ATP5MD,519,-1.6381,778,-1.1365,1951,1.49475
ENSG00000148834,GSTO1,15,-4.0925,255,0.12147,278,0.66577
ENSG00000198825,INPP5F,36,-3.3050,211,-0.7743,426,1.47670
ENSG00000166033,HTRA1,15,-5.0725,663,0.69958,486,0.12171
ENSG00000065154,OAT,15,-3.7682,39,-2.6364,289,3.20080
ENSG00000176171,BNIP3,15,-4.2641,221,-0.3707,340,1.15428
ENSG00000130643,CALY,233,-1.2173,21,-4.9821,751,3.03252
ENSG00000185627,PSMD13,209,-0.2577,213,-0.2607,265,0.32151
ENSG00000184524,CEND1,103,-2.0290,294,-0.4924,475,1.04424
ENSG00000177600,RPLP2,1120,0.12854,1104,0.12298,993,-0.1603
ENSG00000177700,POLR2L,355,0.06039,294,-0.2827,359,0.18970
ENSG00000078902,TOLLIP,15,-4.8239,330,-0.3478,500,1.15225
ENSG00000117984,CTSD,16,-4.9358,726,1.09329,405,-0.2728
ENSG00000110651,CD81,329,-1.4000,1652,1.67282,556,-1.1234
ENSG00000244734,HBB,61627,15.4345,2,-11.926,0,-14.490
ENSG00000166313,APBB1,233,-1.4321,965,1.09376,495,-0.5403
ENSG00000166441,RPL27A,16,-5.5292,1422,1.81557,481,-0.9854
ENSG00000255823,MTRNR2L8,15,-5.9530,653,-0.5221,1123,1.34852
ENSG00000110321,EIF4G2,729,0.08601,968,0.68951,574,-0.6289
ENSG00000050165,DKK3,508,-0.5203,266,-1.6662,913,1.39642
ENSG00000110696,C11orf58,15,-4.3082,289,0.07389,327,0.72085
ENSG00000110700,RPS13,3343,0.69922,4006,1.30269,1280,-1.5640
ENSG00000134333,LDHA,332,-0.1720,182,-1.2418,451,0.95733
ENSG00000085063,CD59,1404,1.51377,773,0.49188,379,-1.3756
ENSG00000110436,SLC1A2,194,-3.5111,854,-1.4521,2766,2.12430
ENSG00000149091,DGKZ,24,-3.7070,102,-1.7470,408,2.41459
ENSG00000172247,C1QTNF4,15,-4.1644,81,-1.9254,367,2.62619
ENSG00000211450,SELENOH,1167,1.25111,326,-1.0132,556,-0.1248
ENSG00000134825,TMEM258,179,-1.5975,850,1.16362,419,-0.5785
ENSG00000134824,FADS2,28,-3.9564,911,2.10950,247,-1.3160
ENSG00000167996,FTH1,7471,-0.7658,18017,0.84059,10579,-0.4550
ENSG00000254772,EEF1G,1026,1.30750,808,1.06864,257,-1.7762
ENSG00000168000,BSCL2,15,-4.9809,302,-0.6960,585,1.49862
ENSG00000162188,GNG3,570,-0.0810,147,-2.3416,785,1.44395
ENSG00000133318,RTN3,564,-1.8499,1403,-0.5114,2287,1.02553
ENSG00000176340,COX8A,570,-1.0827,1236,0.17913,1196,0.23812
ENSG00000002330,BAD,15,-4.2512,93,-1.7952,387,2.51372
ENSG00000173113,TRMT112,15,-4.2795,256,-0.1227,331,0.91264
ENSG00000126432,PRDX5,820,-0.1769,1025,0.22604,888,-0.1079
ENSG00000213465,ARL2,229,-0.4006,291,-0.0170,307,0.18514
ENSG00000149806,FAU,1288,-0.7299,3343,1.06921,1654,-0.6842
ENSG00000251562,MALAT1,38265,5.47118,707,-3.3360,924,-3.8386
ENSG00000172757,CFL1,16,-6.7594,2337,0.83681,1567,0.00306
ENSG00000175602,CCDC85B,439,-0.9745,863,0.12286,863,0.25821
ENSG00000175550,DRAP1,15,-4.6215,779,1.95308,238,-1.1389
ENSG00000175334,BANF1,17,-4.5073,743,1.76009,259,-0.9482
ENSG00000174684,B4GAT1,16,-5.5190,1309,1.62320,506,-0.7931
ENSG00000084207,GSTP1,227,-1.2705,1011,1.57099,362,-1.0468
ENSG00000167792,NDUFV1,137,-1.3364,351,0.17176,346,0.30748
ENSG00000110717,NDUFS8,15,-4.0566,149,-0.8149,312,1.57312
ENSG00000149357,LAMTOR1,225,-0.9164,489,0.40251,399,-0.0074
ENSG00000021300,PLEKHB1,15,-4.7894,1079,2.77038,186,-1.9575
ENSG00000175582,RAB6A,86,-2.3174,331,-0.2873,468,0.90711
ENSG00000118363,SPCS2,326,-0.2080,386,0.07601,374,0.03041
ENSG00000149273,RPS3,1593,1.22709,1064,0.59350,527,-1.2338
ENSG00000149269,PAK1,258,-0.3050,188,-0.9089,372,0.81428
ENSG00000151366,NDUFC2,1380,0.61134,729,-0.5128,973,0.04002
ENSG00000150316,CWC15,15,-4.9024,688,1.05896,393,-0.2392
ENSG00000109846,CRYAB,59,-5.4928,8279,4.39267,461,-3.5868
ENSG00000149294,NCAM1,15,-5.0285,568,0.43364,502,0.38509
ENSG00000168092,PAFAH1B2,15,-3.9154,220,0.07076,249,0.70759
ENSG00000137726,FXYD6,608,-0.3794,530,-0.6757,895,0.68632
ENSG00000167283,ATP5MG,855,-0.2437,1026,0.06204,1008,0.05685
ENSG00000118181,RPS25,1815,0.62012,2096,1.09420,815,-1.2967
ENSG00000154096,THY1,18,-5.6973,344,-1.5589,1214,2.36406
ENSG00000263873,AP003396.5,15,-3.2619,5,-4.9571,211,4.53133
ENSG00000137642,SORL1,549,1.06079,210,-0.6404,284,-0.1865
ENSG00000109971,HSPA8,756,-1.1680,1532,-0.0598,1765,0.47114
ENSG00000166257,SCN3B,87,-1.7379,334,0.45438,275,0.12701
ENSG00000154146,NRGN,259,-3.6025,1104,-1.6019,3970,2.27095
ENSG00000149557,FEZ1,15,-5.2847,1326,2.21159,340,-1.3857
ENSG00000084234,APLP2,394,-0.5751,263,-1.3323,717,1.22366
ENSG00000109956,B3GAT1,15,-4.5409,672,1.66458,251,-0.8518
ENSG00000111639,MRPL51,15,-4.2240,202,-0.4836,336,1.26228
ENSG00000111640,GAPDH,732,-2.6099,4513,0.23571,4453,0.45307
ENSG00000089693,MLF2,16,-4.6349,66,-2.7512,534,3.42556
ENSG00000159335,PTMS,1636,2.16314,136,-2.2545,456,-0.4793
ENSG00000111669,TPI1,209,-2.4359,539,-1.1245,1370,1.67333
ENSG00000111674,ENO2,64,-3.4884,274,-1.4889,910,2.15504
ENSG00000111678,C12orf57,15,-5.2704,919,1.14600,495,-0.3197
ENSG00000139182,CLSTN3,16,-4.2007,418,0.91063,263,-0.1094
ENSG00000139112,GABARAPL1,15,-5.0001,332,-0.5508,582,1.35674
ENSG00000023734,STRAP,15,-3.9906,29,-3.2711,343,3.76456
ENSG00000048540,LMO3,16,-4.8216,362,-0.1772,489,0.98428
ENSG00000111716,LDHB,104,-3.1696,748,-0.2153,1021,0.93635
ENSG00000139116,KIF21A,16,-3.9070,159,-0.5273,272,1.28781
ENSG00000018236,CNTN1,42,-3.2091,372,0.12622,401,0.61151
ENSG00000184613,NELL2,15,-4.4688,133,-1.4757,441,2.22939
ENSG00000134294,SLC38A2,15,-4.0208,406,1.26039,200,-0.4632
ENSG00000134287,ARF3,164,-1.7680,283,-1.0471,671,1.45894
ENSG00000181418,DDN,15,-3.7085,5,-5.5997,290,5.06268
ENSG00000123416,TUBA1B,867,-1.7753,3777,0.68547,2645,-0.0858
ENSG00000167552,TUBA1A,80,-4.2333,2964,1.88473,946,-1.0807
ENSG00000139644,TMBIM6,277,-0.5002,375,-0.0159,399,0.22216
ENSG00000135472,FAIM2,15,-4.9446,437,0.02338,513,0.78957
ENSG00000178449,COX14,739,1.27932,333,-0.1397,293,-0.6778
ENSG00000167778,SPRYD3,15,-4.2687,423,0.94476,261,-0.1412
ENSG00000123349,PFDN5,529,-0.4951,769,0.13413,736,0.09397
ENSG00000197111,PCBP2,266,-0.9766,548,0.21436,513,0.17799
ENSG00000135390,ATP5MC2,1545,0.77678,1266,0.51136,756,-0.8450
ENSG00000135486,HNRNPA1,407,-0.5201,555,-0.0208,595,0.23355
ENSG00000135426,TESPA1,244,0.27139,2,-6.7058,282,1.76270
ENSG00000135441,BLOC1S1,966,0.93380,572,0.03104,479,-0.5546
ENSG00000135404,CD63,2130,0.76142,1383,0.02507,1205,-0.4371
ENSG00000197728,RPS26,64,-3.7750,1359,1.22856,683,-0.4409
ENSG00000229117,RPL41,6563,0.79880,3577,-0.2665,3850,-0.2477
ENSG00000196465,MYL6B,20,-4.4700,391,-0.0022,466,0.80130
ENSG00000092841,MYL6,2780,0.68875,3833,1.67871,881,-1.9828
ENSG00000110955,ATP5F1B,72,-3.7238,764,-0.1877,1029,0.94901
ENSG00000110958,PTGES3,15,-4.7721,765,1.57937,304,-0.7613
ENSG00000196531,NACA,4678,1.89445,1353,-0.4080,1220,-1.0128
ENSG00000175203,DCTN2,15,-3.6514,123,-0.6628,231,1.40073
ENSG00000155980,KIF5A,16,-4.9417,202,-1.3942,634,2.17658
ENSG00000080371,RAB21,17,-4.2021,720,2.38972,161,-1.5899
ENSG00000187109,NAP1L1,1098,1.17814,438,-0.4610,504,-0.3846
ENSG00000067715,SYT1,265,-1.9774,324,-1.8307,1332,2.12813
ENSG00000139220,PPFIA2,124,-2.9695,517,-0.9290,1157,1.58261
ENSG00000070961,ATP2B1,15,-5.0866,13,-5.5324,753,5.70939
ENSG00000173598,NUDT4,108,-1.2642,111,-1.3517,321,1.53376
ENSG00000177889,UBE2N,15,-3.9572,258,0.32610,243,0.45919
ENSG00000184752,NDUFA12,367,-0.4006,214,-1.3725,593,1.15971
ENSG00000075415,SLC25A3,935,0.76840,270,-1.3820,660,0.42340
ENSG00000166598,HSP90B1,1410,1.19704,865,0.38208,515,-1.0239
ENSG00000074590,NUAK1,15,-3.8913,143,-0.6950,274,1.44792
ENSG00000136003,ISCU,254,-0.7343,99,-2.3384,553,1.87104
ENSG00000174437,ATP2A2,172,-1.4765,202,-1.3615,591,1.61651
ENSG00000111229,ARPC3,711,0.61430,773,0.94235,340,-1.1429
ENSG00000089009,RPL6,1329,-0.1627,2881,1.53128,930,-1.3452
ENSG00000176871,WSB2,22,-4.4578,400,-0.1469,527,0.94308
ENSG00000089220,PEBP1,1014,-0.9640,1766,-0.0973,2065,0.44583
ENSG00000089157,RPLP0,1141,1.02779,934,0.81469,409,-1.2929
ENSG00000111775,COX6A1,53,-4.8463,1033,-0.5106,1755,1.31273
ENSG00000088986,DYNLL1,1769,-0.1594,1366,-0.6511,2220,0.56529
ENSG00000157782,CABP1,15,-4.9817,48,-3.5557,686,4.17884
ENSG00000110931,CAMKK2,15,-4.1539,341,0.62992,261,0.16719
ENSG00000182196,ARL6IP4,15,-4.5530,350,0.11866,384,0.68492
ENSG00000111328,CDK2AP1,521,0.23616,609,0.60574,376,-0.6247
ENSG00000150991,UBC,1273,-0.4827,1952,0.25372,1710,-0.0132
ENSG00000132341,RAN,78,-2.6785,150,-1.8630,639,2.34277
ENSG00000150459,SAP18,334,-0.1131,153,-1.4780,445,1.05939
ENSG00000122026,RPL21,1842,0.97975,1124,0.13802,857,-0.6686
ENSG00000132963,POMP,1184,1.11553,801,0.49475,445,-1.0612
ENSG00000189403,HMGB1,1304,1.31848,364,-0.9525,586,-0.2096
ENSG00000120694,HSPH1,431,0.35147,313,-0.2069,348,-0.0199
ENSG00000133083,DCLK1,257,-0.1460,162,-0.9833,333,0.78239
ENSG00000023516,AKAP11,15,-3.9817,180,-0.3869,280,1.15635
ENSG00000151778,SERP2,249,-1.0880,610,0.41922,497,0.02294
ENSG00000102804,TSC22D1,1768,1.14850,168,-2.7969,1049,0.58091
ENSG00000133112,TPT1,7291,2.36554,1399,-0.7776,1421,-1.2431
ENSG00000136156,ITM2B,5528,-0.1643,8227,0.60579,5382,-0.4452
ENSG00000188243,COMMD6,15,-5.1668,1120,1.90710,355,-1.0822
ENSG00000102471,NDFIP2,15,-4.0934,258,0.13894,278,0.64866
ENSG00000139793,MBNL2,15,-4.3160,382,0.63480,292,0.16770
ENSG00000125249,RAP2A,15,-4.1592,155,-0.8742,337,1.63612
ENSG00000185896,LAMP1,15,-4.5738,779,2.06241,220,-1.2498
ENSG00000183087,GAS6,15,-3.9147,191,-0.2017,260,0.97320
ENSG00000129538,RNASE1,1615,1.00265,2619,2.95876,81,-4.8151
ENSG00000165795,NDRG2,132,-2.6037,977,0.62833,732,0.07430
ENSG00000092199,HNRNPC,430,0.80174,219,-0.3834,257,-0.1694
ENSG00000100804,PSMB5,15,-4.4557,283,-0.1587,376,0.95458
ENSG00000092096,SLC22A17,205,-1.9662,530,-0.5865,913,1.11499
ENSG00000129559,NEDD8,205,-1.6798,644,0.13434,664,0.41367
ENSG00000100442,FKBP3,17,-3.5742,62,-1.8159,261,2.45984
ENSG00000213741,RPS29,1662,1.00653,1111,0.35137,713,-0.8604
ENSG00000165502,RPL36AL,289,-1.0350,718,0.51938,543,-0.0824
ENSG00000139970,RTN1,44,-5.2046,513,-1.7749,2101,2.55545
ENSG00000100554,ATP6V1D,25,-3.8820,350,0.09683,387,0.68051
ENSG00000176903,PNMA1,15,-4.1943,136,-1.1328,354,1.88570
ENSG00000119705,SLIRP,413,0.40409,180,-1.0507,365,0.50203
ENSG00000198668,CALM1,639,-2.4789,2696,-0.3196,3910,0.95960
ENSG00000183648,NDUFB1,134,-3.0694,771,-0.4841,1267,1.18167
ENSG00000100604,CHGA,29,-3.4552,131,-1.3636,399,2.03722
ENSG00000165943,MOAP1,15,-4.8546,448,0.19228,467,0.62041
ENSG00000089737,DDX24,541,0.77938,133,-1.6298,388,0.52586
ENSG00000119632,IFI27L2,15,-4.1839,288,0.23317,291,0.55966
ENSG00000196405,EVL,15,-5.0100,561,0.43366,496,0.38469
ENSG00000214548,MEG3,524,0.50586,5,-6.4360,514,1.52541
ENSG00000078304,PPP2R5C,410,0.07839,563,0.75413,318,-0.6847
ENSG00000197102,DYNC1H1,1556,1.35334,585,-0.4034,618,-0.5560
ENSG00000080824,HSP90AA1,2615,0.49892,1612,-0.3514,1946,-0.0006
ENSG00000100664,EIF5,519,0.56468,334,-0.2017,358,-0.1468
ENSG00000166165,CKB,366,-2.8969,2445,0.00924,2842,0.69780
ENSG00000126214,KLC1,30,-4.3852,340,-0.9108,762,1.68364
ENSG00000156411,ATP5MPL,16,-6.0441,1066,0.25384,1069,0.57887
ENSG00000182809,CRIP2,595,0.85654,96,-2.2219,421,0.68191
ENSG00000128739,SNRPN,95,-3.6594,393,-1.7215,1538,2.38592
ENSG00000224078,SNHG14,1969,2.05485,77,-3.4600,632,-0.1632
ENSG00000166922,SCG5,15,-5.1570,185,-1.7034,723,2.48439
ENSG00000128463,EMC4,15,-4.3857,275,-0.1230,357,0.91703
ENSG00000140319,SRP14,1017,-0.6839,2096,0.60663,1448,-0.2614
ENSG00000166963,MAP1A,280,-0.5173,124,-1.9294,512,1.53820
ENSG00000140264,SERF2,1438,-0.2727,2779,1.05133,1321,-0.8195
ENSG00000166710,B2M,5847,2.47827,2001,0.38569,668,-2.2958
ENSG00000171766,GATM,15,-4.3653,421,0.77562,292,0.02961
ENSG00000255302,EID1,15,-4.6526,243,-0.6797,465,1.47129
ENSG00000104112,SCG3,15,-4.9549,273,-0.8412,584,1.63978
ENSG00000140280,LYSMD2,15,-4.0284,100,-1.4353,324,2.15941
ENSG00000128872,TMOD2,405,0.30357,110,-1.9054,416,0.99329
ENSG00000197535,MYO5A,15,-4.1224,175,-0.6168,319,1.38622
ENSG00000128989,ARPP19,538,-1.2500,324,-2.1826,1661,2.06957
ENSG00000103657,HERC1,880,0.87204,310,-0.9602,549,0.13375
ENSG00000166794,PPIB,15,-4.9903,967,1.83056,323,-1.0085
ENSG00000103769,RAB11A,235,-0.2628,305,0.19425,273,-0.0458
ENSG00000169032,MAP2K1,28,-3.7906,41,-3.4236,533,3.83505
ENSG00000174444,RPL4,1356,-1.3759,6398,1.53972,2369,-0.9934
ENSG00000137818,RPLP1,6315,1.67645,2575,0.04343,1735,-1.1387
ENSG00000067225,PKM,37,-4.6637,459,-1.0827,1159,1.86308
ENSG00000156642,NPTN,977,0.38710,264,-1.8397,940,0.90547
ENSG00000178741,COX5A,15,-5.2928,331,-0.9079,742,1.71548
ENSG00000198794,SCAMP5,16,-4.1501,68,-2.1976,371,2.87249
ENSG00000140391,TSPAN3,591,0.24795,352,-0.6723,556,0.36362
ENSG00000169783,LINGO1,15,-4.0389,123,-1.1110,317,1.85455
ENSG00000185787,MORF4L1,442,-1.4403,1198,0.15799,1200,0.34323
ENSG00000182774,RPS17,932,0.92961,603,0.20060,443,-0.6842
ENSG00000166503,HDGFL3,15,-3.8746,232,0.22656,234,0.55320
ENSG00000182768,NGRN,47,-3.9339,445,-0.6702,841,1.42682
ENSG00000185518,SV2B,15,-4.1921,69,-2.2120,381,2.89027
ENSG00000188536,HBA2,152529,16.3922,2,-13.233,1,-15.120
ENSG00000206172,HBA1,56863,15.0179,2,-11.809,1,-13.784
ENSG00000242173,ARHGDIG,15,-4.7600,418,0.18446,438,0.62578
ENSG00000130731,METTL26,15,-4.4919,376,0.34761,352,0.45712
ENSG00000103266,STUB1,16,-4.3868,191,-0.7883,394,1.56541
ENSG00000127585,FBXL16,15,-4.9503,76,-2.8500,660,3.54824
ENSG00000103260,METRN,15,-5.0439,623,0.60414,488,0.21606
ENSG00000063854,HAGH,29,-3.1103,73,-1.9318,328,2.48802
ENSG00000140990,NDUFB10,16,-4.6447,170,-1.2920,497,2.06394
ENSG00000140988,RPS2,2211,1.82590,873,0.11875,523,-1.3336
ENSG00000127561,SYNGR3,15,-3.9997,71,-1.9490,328,2.63078
ENSG00000205937,RNPS1,1092,1.82900,151,-1.6911,369,-0.3317
ENSG00000185883,ATP6V0C,98,-3.7027,777,-0.6826,1477,1.42328
ENSG00000103363,ELOB,137,-3.0628,1154,0.23972,1145,0.49067
ENSG00000103145,HCFC1R1,246,-0.7125,767,1.58217,258,-1.2008
ENSG00000089486,CDIP1,15,-4.0219,255,0.21733,260,0.56877
ENSG00000078328,RBFOX1,217,-0.0661,15,-4.2754,312,1.91835
ENSG00000184602,SNN,15,-4.4903,31,-3.7192,490,4.22915
ENSG00000186260,MRTFB,15,-4.0250,36,-3.0273,349,3.57365
ENSG00000166780,BMERB1,15,-4.3601,128,-1.4182,407,2.16777
ENSG00000134419,RPS15A,1308,1.02114,1122,0.91372,453,-1.3853
ENSG00000170540,ARL6IP1,15,-5.5005,382,-0.9115,859,1.72438
ENSG00000167191,GPRC5B,901,-0.2029,2125,1.70289,603,-1.5099
ENSG00000103316,CRYM,557,1.27806,22,-3.9718,312,0.63917
ENSG00000140740,UQCRC2,54,-2.2618,93,-1.6010,329,2.03217
ENSG00000004779,NDUFAB1,15,-4.7565,177,-1.3313,533,2.10735
ENSG00000166501,PRKCB,1877,2.14946,104,-2.8829,550,-0.3372
ENSG00000174938,SEZ6L2,15,-4.5273,149,-1.3557,455,2.11856
ENSG00000149932,TMEM219,16,-4.7679,931,2.15303,248,-1.3363
ENSG00000149925,ALDOA,15,-4.6334,224,-0.7999,464,1.58757
ENSG00000090238,YPEL3,1725,1.10849,873,-0.0902,771,-0.5864
ENSG00000099365,STX1B,15,-3.5135,17,-3.6144,248,3.89188
ENSG00000089280,FUS,408,-0.0567,700,1.08758,314,-0.9416
ENSG00000069329,VPS35,15,-3.9978,83,-1.7073,323,2.40931
ENSG00000129636,ITFG1,17,-3.8250,85,-1.6083,308,2.30111
ENSG00000087258,GNAO1,15,-4.8232,245,-0.8691,534,1.66239
ENSG00000087250,MT3,530,-4.1815,9055,0.12622,9850,0.66467
ENSG00000125148,MT2A,689,-0.8166,1667,0.77335,1033,-0.3772
ENSG00000169715,MT1E,182,-1.1741,377,-0.0338,426,0.45014
ENSG00000125144,MT1G,24,-4.5987,590,0.22353,601,0.58279
ENSG00000103034,NDRG4,15,-5.0881,224,-1.3227,671,2.11343
ENSG00000166595,CIAO2B,15,-4.6658,532,0.83467,355,-0.0211
ENSG00000159720,ATP6V0D1,15,-4.4440,164,-1.1082,421,1.87676
ENSG00000034713,GABARAPL2,88,-3.2908,455,-0.9330,1025,1.62320
ENSG00000166848,TERF2IP,1504,1.37027,468,-0.7242,627,-0.3749
ENSG00000230989,HSBP1,15,-5.1057,937,1.49923,394,-0.6751
ENSG00000131143,COX4I1,15,-7.2643,2827,0.55646,2303,0.28547
ENSG00000140941,MAP1LC3B,36,-3.5148,452,0.37766,410,0.38682
ENSG00000167515,TRAPPC2L,35,-3.4650,815,2.06683,226,-1.2949
ENSG00000167526,RPL13,4641,1.40315,2721,0.50818,1368,-1.2969
ENSG00000141002,TCF25,787,0.35759,756,0.34607,557,-0.4610
ENSG00000258947,TUBB3,15,-4.8428,186,-1.3476,566,2.12715
ENSG00000159842,ABR,161,-0.9226,64,-2.4905,402,2.05631
ENSG00000108953,YWHAE,703,-0.8466,1303,0.17026,1249,0.17921
ENSG00000007168,PAFAH1B1,206,-0.8758,257,-0.5972,426,0.82669
ENSG00000142507,PSMB6,15,-4.5554,300,-0.1786,405,0.97750
ENSG00000108528,SLC25A11,17,-4.2933,501,1.05805,285,-0.2530
ENSG00000108518,PFN1,1753,1.96800,633,0.07008,373,-1.4294
ENSG00000219200,RNASEK,756,-0.5985,818,-0.5377,1275,0.67647
ENSG00000170296,GABARAP,1432,0.49191,998,-0.1328,1026,-0.1545
ENSG00000161960,EIF4A1,922,1.73444,266,-0.5450,281,-0.7841
ENSG00000129244,ATP1B2,69,-3.5011,405,-0.9699,938,1.67815
ENSG00000183011,NAA38,217,-1.9164,971,0.54043,758,0.07452
ENSG00000220205,VAMP2,124,-2.9777,947,0.15872,993,0.56180
ENSG00000161970,RPL26,3159,1.55686,1291,-0.0623,986,-0.9561
ENSG00000141027,NCOR1,117,-1.2367,280,0.17468,274,0.28123
ENSG00000170315,UBB,816,-1.6379,3334,0.74654,2221,-0.1673
ENSG00000175061,SNHG29,42,-3.7693,656,0.48634,553,0.29330
ENSG00000124422,USP22,15,-3.9553,111,-1.1920,301,1.92499
ENSG00000256618,MTRNR2L1,16,-5.1479,390,-0.4569,639,1.26835
ENSG00000087095,NLK,222,0.04483,35,-2.9590,288,1.55529
ENSG00000109107,ALDOC,469,-1.1271,643,-0.7191,1177,1.00810
ENSG00000198242,RPL23A,1036,0.63163,904,0.47250,574,-0.7223
ENSG00000172301,COPRS,15,-4.6337,363,0.08123,409,0.72422
ENSG00000176749,CDK5R1,15,-4.4263,52,-2.8845,459,3.51734
ENSG00000277791,PSMB3,15,-4.2935,423,0.90080,268,-0.0967
ENSG00000125691,RPL23,2630,1.45511,1361,0.30251,798,-1.1599
ENSG00000108298,RPL19,2439,1.14429,1188,-0.1276,1069,-0.5854
ENSG00000171532,NEUROD2,557,1.15308,341,0.32866,214,-0.9461
ENSG00000173812,EIF1,981,-1.6008,5463,1.58957,1981,-1.0018
ENSG00000173786,CNP,303,-2.5065,5512,4.60258,211,-4.1580
ENSG00000033627,ATP6V0A1,15,-4.5733,73,-2.5194,502,3.20960
ENSG00000183978,COA3,15,-4.4506,280,-0.1714,376,0.96680
ENSG00000266967,AARSD1,16,-3.6713,270,0.84142,178,-0.0613
ENSG00000131469,RPL27,1616,1.02730,1244,0.67416,612,-1.1596
ENSG00000108840,HDAC5,18,-4.3410,569,1.22190,289,-0.4148
ENSG00000108309,RUNDC3A,192,-1.2033,78,-2.7389,590,2.33971
ENSG00000131095,GFAP,2233,0.03630,6038,2.74540,633,-2.9117
ENSG00000186868,MAPT,15,-3.8752,177,-0.2845,256,1.05141
ENSG00000073969,NSF,658,0.36941,113,-2.5583,668,1.18010
ENSG00000159199,ATP5MC1,15,-5.6211,1448,1.73082,520,-0.8995
ENSG00000239672,NME1,15,-3.6431,103,-0.9549,237,1.67662
ENSG00000243678,NME2,1387,0.73958,979,0.16491,771,-0.5325
ENSG00000264364,DYNLL2,15,-4.6333,233,-0.7286,462,1.51819
ENSG00000108387,SEPTIN4,380,-1.7763,3988,3.97432,228,-3.6081
ENSG00000108395,TRIM37,15,-3.8009,8,-4.8605,307,4.77194
ENSG00000141367,CLTC,41,-3.7008,125,-2.2486,709,2.85845
ENSG00000062716,VMP1,320,-0.6028,695,0.83598,403,-0.4999
ENSG00000087191,PSMC5,630,1.35782,150,-1.1785,283,-0.1301
ENSG00000108654,DDX5,1004,0.96647,608,0.10778,476,-0.6359
ENSG00000154229,PRKCA,15,-5.7500,695,-0.1509,923,0.97755
ENSG00000108946,PRKAR1A,656,-0.0238,622,-0.1294,685,0.11342
ENSG00000172809,RPL38,41,-4.4725,1054,0.54636,858,0.25995
ENSG00000167863,ATP5PD,58,-3.1302,320,-0.6456,589,1.33910
ENSG00000189159,JPT1,713,0.68557,327,-0.6889,490,0.10456
ENSG00000188612,SUMO2,110,-2.6520,733,0.32183,681,0.37492
ENSG00000177885,GRB2,106,-1.4413,333,0.44821,271,0.07694
ENSG00000132475,H3F3B,668,-0.1013,1571,1.89114,374,-1.7611
ENSG00000132471,WBP2,15,-4.6892,252,-0.6639,476,1.45727
ENSG00000182534,MXRA7,50,-4.0166,999,0.67686,739,0.11579
ENSG00000171246,NPTX1,15,-4.7024,338,-0.1492,447,0.95327
ENSG00000175866,BAIAP2,376,0.58472,58,-2.5256,327,0.99676
ENSG00000224877,NDUFAF8,16,-4.6070,354,0.06429,404,0.74014
ENSG00000184009,ACTG1,876,-0.9929,1434,-0.2468,1867,0.58099
ENSG00000141552,ANAPC11,321,-0.6062,410,-0.2513,521,0.45419
ENSG00000169738,DCXR,18,-4.7549,839,1.38339,382,-0.5658
ENSG00000118680,MYL12B,610,0.14119,1126,1.59701,324,-1.5557
ENSG00000170579,DLGAP1,15,-4.1286,209,-0.3020,307,1.08118
ENSG00000082397,EPB41L3,256,0.10492,249,0.07508,233,-0.1101
ENSG00000178127,NDUFV2,439,0.58218,290,-0.1338,294,-0.2071
ENSG00000101558,VAPA,15,-5.0309,645,0.70150,473,0.11903
ENSG00000171885,AQP4,16,-5.2510,1230,1.97621,371,-1.1502
ENSG00000166974,MAPRE2,15,-4.2053,219,-0.3153,324,1.09764
ENSG00000132872,SYT4,15,-4.7032,224,-0.8813,492,1.66955
ENSG00000152234,ATP5F1A,915,0.51483,126,-2.7637,846,1.12029
ENSG00000177576,C18orf32,129,-1.4405,483,0.83536,299,-0.2887
ENSG00000265681,RPL17,2281,-1.2240,9936,1.59684,3485,-1.0830
ENSG00000196628,TCF4,16,-3.8531,146,-0.6903,280,1.44100
ENSG00000166562,SEC11C,65,-2.2455,319,0.24941,309,0.39694
ENSG00000119541,VPS4B,15,-4.8084,923,2.08665,257,-1.2688
ENSG00000197971,MBP,15,-8.1064,13994,4.90002,559,-4.0610
ENSG00000141759,TXNL4A,16,-4.7205,278,-0.5405,482,1.33782
ENSG00000172270,BSG,813,0.27444,426,-0.8653,770,0.47168
ENSG00000099817,POLR2E,142,-1.1680,515,1.19456,241,-0.6938
ENSG00000167468,GPX4,15,-6.1303,624,-0.8157,1315,1.64188
ENSG00000099624,ATP5F1D,15,-6.0984,1261,0.55625,1026,0.27816
ENSG00000099622,CIRBP,228,-1.6566,1480,1.94430,415,-1.3538
ENSG00000115286,NDUFS7,15,-4.5675,576,1.19098,299,-0.3781
ENSG00000115268,RPS15,254,-2.7078,2749,1.36405,1230,-0.6399
ENSG00000127540,UQCR11,590,-1.5165,2172,0.69023,1497,-0.1357
ENSG00000104904,OAZ1,964,-0.6966,1096,-0.5620,1750,0.73333
ENSG00000130332,LSM7,34,-3.2183,329,0.30730,312,0.43673
ENSG00000267469,AC005944.1,15,-3.5770,49,-2.0851,246,2.69747
ENSG00000104964,TLE5,163,-2.9626,2669,2.10246,713,-1.3624
ENSG00000167658,EEF2,808,0.13854,807,0.16128,705,-0.1965
ENSG00000130255,RPL36,307,-2.2516,2206,1.11052,1164,-0.4337
ENSG00000174917,MICOS13,15,-4.8740,452,0.18461,474,0.62846
ENSG00000174886,NDUFA11,1357,0.90680,877,0.17419,662,-0.6479
ENSG00000104833,TUBB4A,15,-5.3194,963,1.18046,506,-0.3534
ENSG00000229833,PET100,15,-4.9627,393,-0.2024,539,1.01291
ENSG00000181029,TRAPPC5,20,-4.0057,138,-1.2951,403,2.02604
ENSG00000178531,CTXN1,103,-2.2788,59,-3.3043,681,3.20138
ENSG00000267855,NDUFA7,493,0.79849,149,-1.2811,337,0.35293
ENSG00000233927,RPS28,4731,0.51776,5192,0.83363,2550,-0.9826
ENSG00000198258,UBL5,66,-3.8684,805,-0.1321,1046,0.90314
ENSG00000127445,PIN1,761,0.37062,324,-1.1224,694,0.56405
ENSG00000129355,CDKN2D,15,-3.9887,32,-3.1599,341,3.67483
ENSG00000105583,WDR83OS,15,-4.7121,650,1.24574,325,-0.4294
ENSG00000123144,TRIR,15,-6.0316,1583,1.19028,829,-0.3550
ENSG00000167815,PRDX2,92,-3.0590,714,0.08531,789,0.63920
ENSG00000179218,CALR,15,-4.6111,533,0.93260,332,-0.1197
ENSG00000179271,GADD45GIP1,66,-3.3044,999,1.16396,521,-0.3996
ENSG00000104979,C19orf53,15,-4.7622,268,-0.6422,498,1.43874
ENSG00000099797,TECR,15,-4.2977,527,1.44972,228,-0.6434
ENSG00000099795,NDUFB7,21,-4.3605,343,-0.2386,482,1.02929
ENSG00000130479,MAP1S,17,-3.7391,269,0.48019,227,0.29792
ENSG00000105640,RPL18A,3690,2.39769,956,-0.2197,598,-1.6428
ENSG00000099308,MAST3,155,-1.2010,199,-0.9139,419,1.18474
ENSG00000105649,RAB3A,15,-4.8644,8,-6.0521,647,5.91024
ENSG00000130522,JUND,1616,1.22397,532,-0.7542,755,-0.2429
ENSG00000105701,FKBP8,16,-6.2070,1590,0.88275,1032,-0.0465
ENSG00000221983,UBA52,2094,1.98401,627,-0.2707,490,-1.1881
ENSG00000006015,REX1BD,15,-4.5131,745,2.05505,212,-1.2439
ENSG00000105696,TMEM59L,290,-1.5666,205,-2.2563,1120,2.26131
ENSG00000186010,NDUFA13,502,-1.3789,1974,1.05292,1041,-0.5109
ENSG00000250067,YJEFN3,148,-0.9628,61,-2.4772,379,2.07347
ENSG00000169021,UQCRFS1,15,-4.3723,140,-1.2832,406,2.04016
ENSG00000105185,PDCD5,778,1.11662,421,0.04922,333,-0.6963
ENSG00000105220,GPI,16,-4.7312,131,-1.8236,555,2.57613
ENSG00000105711,SCN1B,96,-2.0485,16,-4.8074,549,3.66571
ENSG00000266964,FXYD1,16,-4.4218,124,-1.5371,430,2.28460
ENSG00000221946,FXYD7,16,-4.5488,83,-2.3415,502,3.04493
ENSG00000126267,COX6B1,450,-1.0040,658,-0.4662,1001,0.76548
ENSG00000105290,APLP1,773,-0.4919,2229,1.76655,631,-1.4655
ENSG00000105270,CLIP3,37,-3.0945,242,-0.2882,347,0.99913
ENSG00000105258,POLR2I,15,-4.8098,728,1.36639,335,-0.5477
ENSG00000105254,TBCB,172,-1.4717,626,0.72811,419,-0.1803
ENSG00000126247,CAPNS1,20,-3.8505,168,-0.7837,344,1.53012
ENSG00000161281,COX7A1,902,1.03426,439,-0.2360,441,-0.4296
ENSG00000167642,SPINT2,15,-3.7577,13,-4.2599,297,4.40445
ENSG00000167641,PPP1R14A,15,-5.7284,2944,8.32539,7,-7.9754
ENSG00000099341,PSMD8,41,-2.3225,44,-2.4055,275,2.65534
ENSG00000178982,EIF3K,179,-1.2415,338,-0.2876,459,0.68719
ENSG00000105193,RPS16,324,-0.5888,940,1.59963,307,-1.2577
ENSG00000174521,TTC9B,15,-4.6952,370,0.03394,431,0.77263
ENSG00000105223,PLD3,19,-4.9880,470,-0.3183,700,1.12782
ENSG00000105372,RPS19,787,0.26714,997,0.82880,516,-0.8442
ENSG00000105404,RABAC1,160,-1.6129,543,0.37190,471,0.18168
ENSG00000105409,ATP1A3,832,0.90283,72,-3.1344,594,0.86829
ENSG00000130203,APOE,131,-3.8818,2017,0.32376,1908,0.45819
ENSG00000125743,SNRPD2,280,-1.5637,1087,0.73801,726,-0.1724
ENSG00000204851,PNMA8B,15,-3.6348,145,-0.3455,219,1.09580
ENSG00000160014,CALM3,923,-1.3633,1141,-1.1580,2871,1.42570
ENSG00000042753,AP2S1,21,-4.0944,269,-0.3346,403,1.11130
ENSG00000130748,TMEM160,513,0.23030,100,-2.4871,573,1.26622
ENSG00000105402,NAPA,16,-4.6132,468,0.49994,394,0.30977
ENSG00000178980,SELENOW,4068,-0.0037,6215,0.88525,3224,-0.7703
ENSG00000063177,RPL18,2689,0.80204,2488,0.81132,1163,-1.1346
ENSG00000063180,CA11,392,0.03935,60,-3.0233,510,1.57737
ENSG00000087086,FTL,3789,0.38948,4490,0.83923,2254,-0.9173
ENSG00000104888,SLC17A7,330,-1.1424,528,-0.4697,811,0.81147
ENSG00000142541,RPL13A,3224,1.70695,1668,0.55832,715,-1.6129
ENSG00000142534,RPS11,440,-1.4424,2199,1.57891,795,-1.0200
ENSG00000104960,PTOV1,16,-4.1936,333,0.43522,292,0.36093
ENSG00000105568,PPP2R1A,149,-2.2803,474,-0.5864,824,1.17252
ENSG00000170906,NDUFA3,225,-2.6664,1209,-0.1084,1519,0.78576
ENSG00000170889,RPS9,15,-4.9561,614,0.70844,448,0.11068
ENSG00000167614,TTYH1,43,-4.0223,752,0.36961,690,0.41910
ENSG00000108107,RPL28,2235,1.06565,1284,0.11024,981,-0.7068
ENSG00000198300,PEG3,15,-3.9309,264,0.41406,235,0.37157
ENSG00000121413,ZSCAN18,89,-1.1894,183,-0.0616,212,0.47845
ENSG00000083845,RPS5,1340,1.16744,870,0.46824,487,-1.0762
ENSG00000130725,UBE2M,15,-4.4062,39,-3.2952,458,3.86566
ENSG00000088832,FKBP1A,16,-4.8561,362,-0.2854,526,1.09183
ENSG00000198053,SIRPA,15,-4.4259,274,-0.1826,370,0.97692
ENSG00000088899,LZTS3,15,-3.8638,11,-4.5094,320,4.60017
ENSG00000171867,PRNP,1030,-0.0427,699,-0.7513,1206,0.57534
ENSG00000089199,CHGB,20,-3.3510,12,-4.3472,293,4.28196
ENSG00000132639,SNAP25,860,-1.6055,366,-3.0699,3517,2.72842
ENSG00000125851,PCSK2,15,-3.9177,141,-0.7444,281,1.49693
ENSG00000125868,DSTN,982,0.53767,648,-0.1848,688,-0.1430
ENSG00000125814,NAPB,259,-1.2221,588,0.08869,611,0.35444
ENSG00000101439,CST3,5379,-0.8156,6610,-0.5590,10611,0.77521
ENSG00000125971,DYNLRB1,589,0.09445,282,-1.1966,659,0.77729
ENSG00000101460,MAP1LC3A,542,0.00965,741,0.65219,457,-0.5607
ENSG00000125995,ROMO1,28,-3.7116,463,0.68321,340,0.09672
ENSG00000260032,NORAD,104,-3.6102,1032,-0.1652,1368,0.92041
ENSG00000088367,EPB41L1,396,0.98207,34,-3.0791,267,0.78688
ENSG00000101079,NDRG3,475,0.37863,47,-3.3766,493,1.37631
ENSG00000166619,BLCAP,141,-0.7600,102,-1.3925,295,1.35072
ENSG00000053438,NNAT,445,0.32255,188,-1.1783,423,0.62594
ENSG00000132824,SERINC3,52,-3.4215,548,0.19665,564,0.55777
ENSG00000168734,PKIG,408,0.72231,74,-2.1658,316,0.77294
ENSG00000166913,YWHAB,418,-0.6770,346,-1.0821,797,1.10548
ENSG00000244274,DBNDD2,15,-6.8790,5974,4.87766,240,-4.0506
ENSG00000124140,SLC12A5,19,-4.2661,248,-0.5041,418,1.28409
ENSG00000054793,ATP9A,16,-4.4883,571,1.26332,282,-0.4522
ENSG00000087460,GNAS,1909,-0.1789,1372,-0.7960,2477,0.67532
ENSG00000124172,ATP5F1E,1715,-0.4810,2515,0.16707,2345,0.06076
ENSG00000101182,PSMA7,471,-0.8847,1050,0.49789,798,-0.1029
ENSG00000171858,RPS21,2249,0.29634,1886,0.00278,1809,-0.1496
ENSG00000101210,EEF1A2,38,-4.5437,571,-0.5841,1019,1.37388
ENSG00000125534,PPDPF,289,-2.7894,4650,2.47466,946,-1.7567
ENSG00000197457,STMN3,545,0.00868,313,-0.9782,633,0.69527
ENSG00000171703,TCEA2,15,-4.3899,117,-1.5850,421,2.32770
ENSG00000154723,ATP5PF,1829,1.21047,431,-1.3274,934,0.05749
ENSG00000142192,APP,149,-2.8886,1262,0.49099,1048,0.23319
ENSG00000142168,SOD1,1139,-0.0998,915,-0.5160,1343,0.43999
ENSG00000184221,OLIG1,344,-1.3326,2515,3.43653,209,-3.0942
ENSG00000241837,ATP5PO,619,-0.0725,375,-0.9755,762,0.73816
ENSG00000159228,CBR1,688,0.75285,1006,1.97628,169,-2.4111
ENSG00000182670,TTC3,17,-4.0218,395,0.98062,237,-0.1849
ENSG00000160213,CSTB,15,-4.7767,322,-0.3293,483,1.13257
ENSG00000160307,S100B,90,-5.0591,7757,3.01426,1134,-2.1976
ENSG00000131100,ATP6V1E1,446,-0.6072,668,0.05463,683,0.20131
ENSG00000099901,RANBP1,479,0.85036,320,0.17869,243,-0.6142
ENSG00000241973,PI4KA,209,-1.0031,159,-1.5625,522,1.57179
ENSG00000100030,MAPK1,16,-4.3058,395,0.71596,285,0.08698
ENSG00000250479,CHCHD10,32,-4.7487,352,-1.3431,1066,2.11827
ENSG00000240972,MIF,26,-6.1747,2281,0.63969,1751,0.19565
ENSG00000099977,DDT,15,-4.6698,321,-0.2024,440,1.00460
ENSG00000100095,SEZ6L,15,-3.9894,176,-0.4467,284,1.21463
ENSG00000182944,EWSR1,164,-1.7312,770,0.91286,458,-0.3117
ENSG00000184076,UQCR10,803,-0.5559,879,-0.4698,1301,0.60736
ENSG00000198832,SELENOM,510,0.00644,435,-0.2922,537,0.22343
ENSG00000128245,YWHAH,1223,-0.8631,236,-3.5267,3021,2.41815
ENSG00000241360,PDXP,16,-4.4389,90,-2.1051,465,2.81725
ENSG00000100097,LGALS1,1582,2.58223,170,-1.5976,301,-1.0865
ENSG00000100201,DDX17,1138,1.72590,459,0.06877,297,-1.2023
ENSG00000221890,NPTXR,15,-4.3685,99,-1.8268,422,2.55295
ENSG00000183741,CBX6,70,-2.4605,445,0.51250,361,0.17158
ENSG00000100316,RPL3,1589,0.59692,1454,0.53074,889,-0.7526
ENSG00000100321,SYNGR1,55,-1.9065,51,-2.1943,270,2.36081
ENSG00000187051,RPS19BP1,15,-4.7536,608,1.00926,359,-0.1928
ENSG00000100380,ST13,786,0.87164,795,1.11399,283,-1.4821
ENSG00000100387,RBX1,16,-5.0831,832,1.18879,435,-0.3654
ENSG00000100412,ACO2,15,-4.3413,283,-0.0109,339,0.80542
ENSG00000100138,SNU13,15,-4.8636,670,1.06107,382,-0.2421
ENSG00000198911,SREBF2,216,-0.1053,70,-2.0209,297,1.32582
ENSG00000100167,SEPTIN3,16,-4.4998,352,0.19372,366,0.60928
ENSG00000183172,SMDT1,15,-4.0184,202,-0.2296,281,1.00547
ENSG00000184983,NDUFA6,15,-4.4957,220,-0.6615,415,1.44723
ENSG00000130540,SULT4A1,15,-3.6465,24,-3.2279,270,3.64942
ENSG00000130638,ATXN10,15,-4.0122,248,0.17354,261,0.61131
ENSG00000008735,MAPK8IP2,16,-3.9293,69,-1.9338,316,2.60916
ENSG00000169100,SLC25A6,15,-4.8551,510,0.45709,442,0.35813
ENSG00000002586,CD99,41,-3.7758,1217,2.21671,305,-1.4314
ENSG00000205542,TMSB4X,6987,1.14149,4708,0.51727,2550,-1.1002
ENSG00000046653,GPM6B,897,-0.6857,2398,1.21280,1062,-0.8375
ENSG00000149970,CNKSR2,1047,1.66804,185,-1.4219,387,-0.2882
ENSG00000156298,TSPAN7,243,-2.2754,646,-0.8927,1392,1.44224
ENSG00000182220,ATP6AP2,24,-3.9408,132,-1.5818,471,2.28807
ENSG00000147123,NDUFB11,15,-4.9833,602,0.62600,465,0.19316
ENSG00000102226,USP11,257,-0.2163,178,-0.8932,347,0.75961
ENSG00000008056,SYN1,165,-0.9958,97,-1.9684,422,1.81896
ENSG00000102109,PCSK1N,845,-0.4754,409,-1.7487,1482,1.41758
ENSG00000102003,SYP,260,-1.0791,171,-1.8697,701,1.80068
ENSG00000179222,MAGED1,15,-4.2537,184,-0.6893,353,1.46308
ENSG00000198034,RPS4X,1095,0.35416,1226,0.66381,709,-0.7369
ENSG00000186462,NAP1L2,19,-3.9206,204,-0.4381,328,1.20257
ENSG00000131174,COX7B,15,-5.4429,342,-1.0289,835,1.83818
ENSG00000102144,PGK1,885,0.57761,303,-1.2845,709,0.51234
ENSG00000186310,NAP1L3,15,-4.6664,134,-1.6786,514,2.43455
ENSG00000241343,RPL36A,2889,2.49212,496,-0.8807,520,-1.3151
ENSG00000126945,HNRNPH2,15,-4.1399,188,-0.5073,318,1.28114
ENSG00000184905,TCEAL2,24,-3.3898,29,-3.3365,354,3.65758
ENSG00000184515,BEX5,271,-0.6097,248,-0.8456,481,0.90967
ENSG00000133169,BEX1,151,-2.8706,147,-3.1040,1495,3.32533
ENSG00000102409,BEX4,28,-4.3590,618,0.38418,563,0.41689
ENSG00000133134,BEX2,47,-4.2457,1195,0.84058,791,-0.0384
ENSG00000182916,TCEAL7,15,-4.8848,917,1.89505,292,-1.0751
ENSG00000166681,BEX3,1543,0.05387,1061,-0.6258,1656,0.43914
ENSG00000133142,TCEAL4,935,1.38126,493,0.26767,305,-1.0707
ENSG00000123562,MORF4L2,114,-2.3601,542,0.05067,606,0.59912
ENSG00000123560,PLP1,227,-4.2748,14769,5.89924,251,-5.3019
ENSG00000101856,PGRMC1,497,0.55417,389,0.15800,319,-0.4152
ENSG00000005022,SLC25A5,15,-4.6510,165,-1.3323,495,2.10291
ENSG00000198918,RPL39,5606,1.51888,3091,0.49982,1502,-1.3872
ENSG00000125356,NDUFA1,390,-1.3798,839,-0.2095,1087,0.65583
ENSG00000165704,HPRT1,15,-3.6274,2,-6.4568,275,5.28004
ENSG00000134590,RTL8C,21,-4.7127,253,-1.1846,686,1.96377
ENSG00000203930,LINC00632,1959,1.54544,98,-3.4532,900,0.32529
ENSG00000010404,IDS,45,-4.8924,1065,-0.1883,1447,0.99716
ENSG00000185825,BCAP31,15,-4.1218,231,-0.1072,296,0.89094
ENSG00000180879,SSR4,15,-4.0552,248,0.11067,272,0.67479
ENSG00000147403,RPL10,3685,1.91131,1713,0.53105,686,-1.7888
ENSG00000071553,ATP6AP1,305,-0.3435,213,-1.0146,457,0.90387
ENSG00000203879,GDI1,16,-5.3057,526,-0.1538,699,0.97269
ENSG00000196976,LAGE3,107,-1.8420,319,-0.1744,410,0.72491
ENSG00000129824,RPS4Y1,1264,1.51821,466,-0.2894,431,-0.7639
ENSG00000198888,MT-ND1,2917,-2.8259,13918,-0.5215,23393,1.19024
ENSG00000198763,MT-ND2,8750,-1.1798,14474,-0.4491,21963,0.80549
ENSG00000198804,MT-CO1,9892,-1.5080,19962,-0.4789,31407,0.91940
ENSG00000198712,MT-CO2,5504,-2.2919,18803,-0.4730,30218,1.07230
ENSG00000228253,MT-ATP8,521,-1.1266,457,-1.4661,1412,1.56015
ENSG00000198899,MT-ATP6,7271,-1.6279,15217,-0.5550,25375,1.01361
ENSG00000198938,MT-CO3,13290,-0.9196,21305,-0.1982,26675,0.51756
ENSG00000198840,MT-ND3,10463,-0.0741,6270,-0.9958,12912,0.75190
ENSG00000212907,MT-ND4L,1958,0.13557,1340,-0.5480,1959,0.34189
ENSG00000198886,MT-ND4,11922,-0.9428,16516,-0.4915,25479,0.76585
ENSG00000198786,MT-ND5,2097,-1.1191,3637,-0.2917,4924,0.65629
ENSG00000198695,MT-ND6,15,-4.8191,199,-1.2137,550,1.99673
ENSG00000198727,MT-CYB,14398,0.00070,9081,-0.8316,16515,0.60560
