"term","NES","LA_in_leadingEdge","gene_name","source","name"
"+ Reg of Nuclear-Transcribed mRNA Cat Proc, Deadenylation-Dep Decay (GO:1900153)",1.82219467105198,4,"ZFP36","seurat","+ Reg of Nuclear-Transcribed mRNA Cat Proc, Deadenylation-Dep Decay"
"+ Reg of Nuclear-Transcribed mRNA Cat Proc, Deadenylation-Dep Decay (GO:1900153)",1.82219467105198,4,"ZFP36L1","seurat","+ Reg of Nuclear-Transcribed mRNA Cat Proc, Deadenylation-Dep Decay"
"+ Reg of Nuclear-Transcribed mRNA Cat Proc, Deadenylation-Dep Decay (GO:1900153)",1.82219467105198,4,"PABPC1","seurat","+ Reg of Nuclear-Transcribed mRNA Cat Proc, Deadenylation-Dep Decay"
"+ Reg of Nuclear-Transcribed mRNA Cat Proc, Deadenylation-Dep Decay (GO:1900153)",1.82219467105198,4,"TNRC6B","seurat","+ Reg of Nuclear-Transcribed mRNA Cat Proc, Deadenylation-Dep Decay"
"- Reg of Intrinsic Apoptotic Sgnlng Pway in Resp to DNA Damage by P53 Cls Mediator (GO:1902166)",1.89214554510834,2,"S100A9","seurat","- Reg of Intrinsic Apoptotic Sgnlng Pway in Resp to DNA Damage by P53 Cls [...]"
"- Reg of Intrinsic Apoptotic Sgnlng Pway in Resp to DNA Damage by P53 Cls Mediator (GO:1902166)",1.89214554510834,2,"CD44","seurat","- Reg of Intrinsic Apoptotic Sgnlng Pway in Resp to DNA Damage by P53 Cls [...]"
"Anterograde Trans-Synaptic Signaling (GO:0098916)",-1.65649319969671,5,"SST","seurat","Anterograde Trans-Synaptic Signaling"
"Anterograde Trans-Synaptic Signaling (GO:0098916)",-1.65649319969671,5,"CRH","seurat","Anterograde Trans-Synaptic Signaling"
"Anterograde Trans-Synaptic Signaling (GO:0098916)",-1.65649319969671,5,"CORT","seurat","Anterograde Trans-Synaptic Signaling"
"Anterograde Trans-Synaptic Signaling (GO:0098916)",-1.65649319969671,5,"GRM2","seurat","Anterograde Trans-Synaptic Signaling"
"Anterograde Trans-Synaptic Signaling (GO:0098916)",-1.65649319969671,5,"SLC6A1","seurat","Anterograde Trans-Synaptic Signaling"
"Astrocyte Development (GO:0014002)",1.84085899427445,1,"S100A9","seurat","Astrocyte Development"
"Calcium Ion Transport (GO:0006816)",-1.75347450733804,2,"RAMP2","seurat","Calcium Ion Transport"
"Calcium Ion Transport (GO:0006816)",-1.75347450733804,2,"CACNG3","seurat","Calcium Ion Transport"
"Cellular Respiration (GO:0045333)",-1.60460755997484,2,"SURF1","seurat","Cellular Respiration"
"Cellular Respiration (GO:0045333)",-1.60460755997484,2,"NDUFV1","seurat","Cellular Respiration"
"Cellular Response to Cadmium Ion (GO:0071276)",2.14203242190832,7,"MT1A","seurat","Cellular Response to Cadmium Ion"
"Cellular Response to Cadmium Ion (GO:0071276)",2.14203242190832,7,"MT1X","seurat","Cellular Response to Cadmium Ion"
"Cellular Response to Cadmium Ion (GO:0071276)",2.14203242190832,7,"MT1M","seurat","Cellular Response to Cadmium Ion"
"Cellular Response to Cadmium Ion (GO:0071276)",2.14203242190832,7,"MT2A","seurat","Cellular Response to Cadmium Ion"
"Cellular Response to Cadmium Ion (GO:0071276)",2.14203242190832,7,"SLC11A1","seurat","Cellular Response to Cadmium Ion"
"Cellular Response to Cadmium Ion (GO:0071276)",2.14203242190832,7,"MT1E","seurat","Cellular Response to Cadmium Ion"
"Cellular Response to Cadmium Ion (GO:0071276)",2.14203242190832,7,"MT1G","seurat","Cellular Response to Cadmium Ion"
"Cellular Response to Copper Ion (GO:0071280)",2.09711250361763,6,"MT1A","seurat","Cellular Response to Copper Ion"
"Cellular Response to Copper Ion (GO:0071280)",2.09711250361763,6,"MT1X","seurat","Cellular Response to Copper Ion"
"Cellular Response to Copper Ion (GO:0071280)",2.09711250361763,6,"MT1M","seurat","Cellular Response to Copper Ion"
"Cellular Response to Copper Ion (GO:0071280)",2.09711250361763,6,"MT2A","seurat","Cellular Response to Copper Ion"
"Cellular Response to Copper Ion (GO:0071280)",2.09711250361763,6,"MT1E","seurat","Cellular Response to Copper Ion"
"Cellular Response to Copper Ion (GO:0071280)",2.09711250361763,6,"MT1G","seurat","Cellular Response to Copper Ion"
"Cellular Response to Cytokine Stimulus (GO:0071345)",2.1843714423488,17,"SOCS3","seurat","Cellular Response to Cytokine Stimulus"
"Cellular Response to Cytokine Stimulus (GO:0071345)",2.1843714423488,17,"CHI3L1","seurat","Cellular Response to Cytokine Stimulus"
"Cellular Response to Cytokine Stimulus (GO:0071345)",2.1843714423488,17,"MT1X","seurat","Cellular Response to Cytokine Stimulus"
"Cellular Response to Cytokine Stimulus (GO:0071345)",2.1843714423488,17,"OSMR","seurat","Cellular Response to Cytokine Stimulus"
"Cellular Response to Cytokine Stimulus (GO:0071345)",2.1843714423488,17,"ZFP36","seurat","Cellular Response to Cytokine Stimulus"
"Cellular Response to Cytokine Stimulus (GO:0071345)",2.1843714423488,17,"YBX3","seurat","Cellular Response to Cytokine Stimulus"
"Cellular Response to Cytokine Stimulus (GO:0071345)",2.1843714423488,17,"CCL2","seurat","Cellular Response to Cytokine Stimulus"
"Cellular Response to Cytokine Stimulus (GO:0071345)",2.1843714423488,17,"GBP1","seurat","Cellular Response to Cytokine Stimulus"
"Cellular Response to Cytokine Stimulus (GO:0071345)",2.1843714423488,17,"IFITM2","seurat","Cellular Response to Cytokine Stimulus"
"Cellular Response to Cytokine Stimulus (GO:0071345)",2.1843714423488,17,"MT2A","seurat","Cellular Response to Cytokine Stimulus"
"Cellular Response to Cytokine Stimulus (GO:0071345)",2.1843714423488,17,"GBP2","seurat","Cellular Response to Cytokine Stimulus"
"Cellular Response to Cytokine Stimulus (GO:0071345)",2.1843714423488,17,"ZFP36L1","seurat","Cellular Response to Cytokine Stimulus"
"Cellular Response to Cytokine Stimulus (GO:0071345)",2.1843714423488,17,"IFI16","seurat","Cellular Response to Cytokine Stimulus"
"Cellular Response to Cytokine Stimulus (GO:0071345)",2.1843714423488,17,"F3","seurat","Cellular Response to Cytokine Stimulus"
"Cellular Response to Cytokine Stimulus (GO:0071345)",2.1843714423488,17,"TNFRSF1A","seurat","Cellular Response to Cytokine Stimulus"
"Cellular Response to Cytokine Stimulus (GO:0071345)",2.1843714423488,17,"SOX9","seurat","Cellular Response to Cytokine Stimulus"
"Cellular Response to Cytokine Stimulus (GO:0071345)",2.1843714423488,17,"DAPK1","seurat","Cellular Response to Cytokine Stimulus"
"Cellular Response to Interleukin-1 (GO:0071347)",1.99720354574654,7,"IL1R1","seurat","Cellular Response to Interleukin-1"
"Cellular Response to Interleukin-1 (GO:0071347)",1.99720354574654,7,"CCL2","seurat","Cellular Response to Interleukin-1"
"Cellular Response to Interleukin-1 (GO:0071347)",1.99720354574654,7,"GBP1","seurat","Cellular Response to Interleukin-1"
"Cellular Response to Interleukin-1 (GO:0071347)",1.99720354574654,7,"GBP2","seurat","Cellular Response to Interleukin-1"
"Cellular Response to Interleukin-1 (GO:0071347)",1.99720354574654,7,"SOX9","seurat","Cellular Response to Interleukin-1"
"Cellular Response to Interleukin-1 (GO:0071347)",1.99720354574654,7,"NFKBIA","seurat","Cellular Response to Interleukin-1"
"Cellular Response to Interleukin-1 (GO:0071347)",1.99720354574654,7,"RPS6KA5","seurat","Cellular Response to Interleukin-1"
"Cellular Response to Lipopolysaccharide (GO:0071222)",1.97252680026696,4,"ZFP36","seurat","Cellular Response to Lipopolysaccharide"
"Cellular Response to Lipopolysaccharide (GO:0071222)",1.97252680026696,4,"CCL2","seurat","Cellular Response to Lipopolysaccharide"
"Cellular Response to Lipopolysaccharide (GO:0071222)",1.97252680026696,4,"GBP2","seurat","Cellular Response to Lipopolysaccharide"
"Cellular Response to Lipopolysaccharide (GO:0071222)",1.97252680026696,4,"TNFRSF1B","seurat","Cellular Response to Lipopolysaccharide"
"Cellular Response to Metal Ion (GO:0071248)",1.93267098770769,8,"MT1A","seurat","Cellular Response to Metal Ion"
"Cellular Response to Metal Ion (GO:0071248)",1.93267098770769,8,"MT1X","seurat","Cellular Response to Metal Ion"
"Cellular Response to Metal Ion (GO:0071248)",1.93267098770769,8,"MT1M","seurat","Cellular Response to Metal Ion"
"Cellular Response to Metal Ion (GO:0071248)",1.93267098770769,8,"ALOX5AP","seurat","Cellular Response to Metal Ion"
"Cellular Response to Metal Ion (GO:0071248)",1.93267098770769,8,"MT2A","seurat","Cellular Response to Metal Ion"
"Cellular Response to Metal Ion (GO:0071248)",1.93267098770769,8,"MT1E","seurat","Cellular Response to Metal Ion"
"Cellular Response to Metal Ion (GO:0071248)",1.93267098770769,8,"MT1G","seurat","Cellular Response to Metal Ion"
"Cellular Response to Metal Ion (GO:0071248)",1.93267098770769,8,"ITPKB","seurat","Cellular Response to Metal Ion"
"Cellular Response to Molecule of Bacterial Origin (GO:0071219)",1.91167900150791,4,"ZFP36","seurat","Cellular Response to Molecule of Bacterial Origin"
"Cellular Response to Molecule of Bacterial Origin (GO:0071219)",1.91167900150791,4,"CCL2","seurat","Cellular Response to Molecule of Bacterial Origin"
"Cellular Response to Molecule of Bacterial Origin (GO:0071219)",1.91167900150791,4,"GBP2","seurat","Cellular Response to Molecule of Bacterial Origin"
"Cellular Response to Molecule of Bacterial Origin (GO:0071219)",1.91167900150791,4,"TNFRSF1B","seurat","Cellular Response to Molecule of Bacterial Origin"
"Cellular Response to Tumor Necrosis Factor (GO:0071356)",2.09332097172212,10,"CHI3L1","seurat","Cellular Response to Tumor Necrosis Factor"
"Cellular Response to Tumor Necrosis Factor (GO:0071356)",2.09332097172212,10,"ZFP36","seurat","Cellular Response to Tumor Necrosis Factor"
"Cellular Response to Tumor Necrosis Factor (GO:0071356)",2.09332097172212,10,"YBX3","seurat","Cellular Response to Tumor Necrosis Factor"
"Cellular Response to Tumor Necrosis Factor (GO:0071356)",2.09332097172212,10,"CCL2","seurat","Cellular Response to Tumor Necrosis Factor"
"Cellular Response to Tumor Necrosis Factor (GO:0071356)",2.09332097172212,10,"GBP1","seurat","Cellular Response to Tumor Necrosis Factor"
"Cellular Response to Tumor Necrosis Factor (GO:0071356)",2.09332097172212,10,"GBP2","seurat","Cellular Response to Tumor Necrosis Factor"
"Cellular Response to Tumor Necrosis Factor (GO:0071356)",2.09332097172212,10,"TNFRSF1B","seurat","Cellular Response to Tumor Necrosis Factor"
"Cellular Response to Tumor Necrosis Factor (GO:0071356)",2.09332097172212,10,"ZFP36L1","seurat","Cellular Response to Tumor Necrosis Factor"
"Cellular Response to Tumor Necrosis Factor (GO:0071356)",2.09332097172212,10,"TNFRSF1A","seurat","Cellular Response to Tumor Necrosis Factor"
"Cellular Response to Tumor Necrosis Factor (GO:0071356)",2.09332097172212,10,"NFKBIA","seurat","Cellular Response to Tumor Necrosis Factor"
"Cellular Response to Zinc Ion (GO:0071294)",2.15055662838581,6,"MT1A","seurat","Cellular Response to Zinc Ion"
"Cellular Response to Zinc Ion (GO:0071294)",2.15055662838581,6,"MT1X","seurat","Cellular Response to Zinc Ion"
"Cellular Response to Zinc Ion (GO:0071294)",2.15055662838581,6,"MT1M","seurat","Cellular Response to Zinc Ion"
"Cellular Response to Zinc Ion (GO:0071294)",2.15055662838581,6,"MT2A","seurat","Cellular Response to Zinc Ion"
"Cellular Response to Zinc Ion (GO:0071294)",2.15055662838581,6,"MT1E","seurat","Cellular Response to Zinc Ion"
"Cellular Response to Zinc Ion (GO:0071294)",2.15055662838581,6,"MT1G","seurat","Cellular Response to Zinc Ion"
"Chemical Synaptic Transmission (GO:0007268)",-1.49936309065004,6,"SST","seurat","Chemical Synaptic Transmission"
"Chemical Synaptic Transmission (GO:0007268)",-1.49936309065004,6,"CRH","seurat","Chemical Synaptic Transmission"
"Chemical Synaptic Transmission (GO:0007268)",-1.49936309065004,6,"CORT","seurat","Chemical Synaptic Transmission"
"Chemical Synaptic Transmission (GO:0007268)",-1.49936309065004,6,"GRM2","seurat","Chemical Synaptic Transmission"
"Chemical Synaptic Transmission (GO:0007268)",-1.49936309065004,6,"SLC6A1","seurat","Chemical Synaptic Transmission"
"Chemical Synaptic Transmission (GO:0007268)",-1.49936309065004,6,"GABBR1","seurat","Chemical Synaptic Transmission"
"Cytokine-Mediated Signaling Pathway (GO:0019221)",2.07584740344634,10,"SOCS3","seurat","Cytokine-Mediated Signaling Pathway"
"Cytokine-Mediated Signaling Pathway (GO:0019221)",2.07584740344634,10,"OSMR","seurat","Cytokine-Mediated Signaling Pathway"
"Cytokine-Mediated Signaling Pathway (GO:0019221)",2.07584740344634,10,"IL1R1","seurat","Cytokine-Mediated Signaling Pathway"
"Cytokine-Mediated Signaling Pathway (GO:0019221)",2.07584740344634,10,"CCL2","seurat","Cytokine-Mediated Signaling Pathway"
"Cytokine-Mediated Signaling Pathway (GO:0019221)",2.07584740344634,10,"FCER1G","seurat","Cytokine-Mediated Signaling Pathway"
"Cytokine-Mediated Signaling Pathway (GO:0019221)",2.07584740344634,10,"TNFRSF1B","seurat","Cytokine-Mediated Signaling Pathway"
"Cytokine-Mediated Signaling Pathway (GO:0019221)",2.07584740344634,10,"F3","seurat","Cytokine-Mediated Signaling Pathway"
"Cytokine-Mediated Signaling Pathway (GO:0019221)",2.07584740344634,10,"TNFRSF1A","seurat","Cytokine-Mediated Signaling Pathway"
"Cytokine-Mediated Signaling Pathway (GO:0019221)",2.07584740344634,10,"NFKBIA","seurat","Cytokine-Mediated Signaling Pathway"
"Cytokine-Mediated Signaling Pathway (GO:0019221)",2.07584740344634,10,"RPS6KA5","seurat","Cytokine-Mediated Signaling Pathway"
"Cytoplasmic Translation (GO:0002181)",2.07753785677202,9,"RPS20","seurat","Cytoplasmic Translation"
"Cytoplasmic Translation (GO:0002181)",2.07753785677202,9,"RPS24","seurat","Cytoplasmic Translation"
"Cytoplasmic Translation (GO:0002181)",2.07753785677202,9,"RPS8","seurat","Cytoplasmic Translation"
"Cytoplasmic Translation (GO:0002181)",2.07753785677202,9,"RPS15A","seurat","Cytoplasmic Translation"
"Cytoplasmic Translation (GO:0002181)",2.07753785677202,9,"RPS19","seurat","Cytoplasmic Translation"
"Cytoplasmic Translation (GO:0002181)",2.07753785677202,9,"RPL28","seurat","Cytoplasmic Translation"
"Cytoplasmic Translation (GO:0002181)",2.07753785677202,9,"RPS2","seurat","Cytoplasmic Translation"
"Cytoplasmic Translation (GO:0002181)",2.07753785677202,9,"RPL5","seurat","Cytoplasmic Translation"
"Cytoplasmic Translation (GO:0002181)",2.07753785677202,9,"RPL29","seurat","Cytoplasmic Translation"
"Defense Response to Bacterium (GO:0042742)",1.95997069483661,11,"S100A8","seurat","Defense Response to Bacterium"
"Defense Response to Bacterium (GO:0042742)",1.95997069483661,11,"S100A9","seurat","Defense Response to Bacterium"
"Defense Response to Bacterium (GO:0042742)",1.95997069483661,11,"HAMP","seurat","Defense Response to Bacterium"
"Defense Response to Bacterium (GO:0042742)",1.95997069483661,11,"ADM","seurat","Defense Response to Bacterium"
"Defense Response to Bacterium (GO:0042742)",1.95997069483661,11,"GBP1","seurat","Defense Response to Bacterium"
"Defense Response to Bacterium (GO:0042742)",1.95997069483661,11,"FCER1G","seurat","Defense Response to Bacterium"
"Defense Response to Bacterium (GO:0042742)",1.95997069483661,11,"SLC11A1","seurat","Defense Response to Bacterium"
"Defense Response to Bacterium (GO:0042742)",1.95997069483661,11,"GBP2","seurat","Defense Response to Bacterium"
"Defense Response to Bacterium (GO:0042742)",1.95997069483661,11,"CEBPB","seurat","Defense Response to Bacterium"
"Defense Response to Bacterium (GO:0042742)",1.95997069483661,11,"TAB2","seurat","Defense Response to Bacterium"
"Defense Response to Bacterium (GO:0042742)",1.95997069483661,11,"RPS19","seurat","Defense Response to Bacterium"
"Defense Response to Virus (GO:0051607)",1.71653664863016,8,"IFITM2","seurat","Defense Response to Virus"
"Defense Response to Virus (GO:0051607)",1.71653664863016,8,"IFITM3","seurat","Defense Response to Virus"
"Defense Response to Virus (GO:0051607)",1.71653664863016,8,"DDIT4","seurat","Defense Response to Virus"
"Defense Response to Virus (GO:0051607)",1.71653664863016,8,"GBP2","seurat","Defense Response to Virus"
"Defense Response to Virus (GO:0051607)",1.71653664863016,8,"PLSCR1","seurat","Defense Response to Virus"
"Defense Response to Virus (GO:0051607)",1.71653664863016,8,"GPNMB","seurat","Defense Response to Virus"
"Defense Response to Virus (GO:0051607)",1.71653664863016,8,"IFI16","seurat","Defense Response to Virus"
"Defense Response to Virus (GO:0051607)",1.71653664863016,8,"ZNF395","seurat","Defense Response to Virus"
"Dendritic Spine Morphogenesis (GO:0060997)",-1.94662053384803,1,"WNT7A","seurat","Dendritic Spine Morphogenesis"
"Endothelial Cell Migration (GO:0043542)",1.86918988535796,4,"S100A8","seurat","Endothelial Cell Migration"
"Endothelial Cell Migration (GO:0043542)",1.86918988535796,4,"S100A9","seurat","Endothelial Cell Migration"
"Endothelial Cell Migration (GO:0043542)",1.86918988535796,4,"VEGFA","seurat","Endothelial Cell Migration"
"Endothelial Cell Migration (GO:0043542)",1.86918988535796,4,"RAB13","seurat","Endothelial Cell Migration"
"Granulocyte Chemotaxis (GO:0071621)",2.19516027986263,7,"S100A8","seurat","Granulocyte Chemotaxis"
"Granulocyte Chemotaxis (GO:0071621)",2.19516027986263,7,"S100A9","seurat","Granulocyte Chemotaxis"
"Granulocyte Chemotaxis (GO:0071621)",2.19516027986263,7,"CCL2","seurat","Granulocyte Chemotaxis"
"Granulocyte Chemotaxis (GO:0071621)",2.19516027986263,7,"FCER1G","seurat","Granulocyte Chemotaxis"
"Granulocyte Chemotaxis (GO:0071621)",2.19516027986263,7,"VEGFA","seurat","Granulocyte Chemotaxis"
"Granulocyte Chemotaxis (GO:0071621)",2.19516027986263,7,"EDN1","seurat","Granulocyte Chemotaxis"
"Granulocyte Chemotaxis (GO:0071621)",2.19516027986263,7,"LGALS3","seurat","Granulocyte Chemotaxis"
"Hematopoietic Stem Cell Proliferation (GO:0071425)",-1.87043234590779,2,"CD34","seurat","Hematopoietic Stem Cell Proliferation"
"Hematopoietic Stem Cell Proliferation (GO:0071425)",-1.87043234590779,2,"YJEFN3","seurat","Hematopoietic Stem Cell Proliferation"
"Inflammatory Response (GO:0006954)",2.28118133076926,14,"SERPINA3","seurat","Inflammatory Response"
"Inflammatory Response (GO:0006954)",2.28118133076926,14,"S100A8","seurat","Inflammatory Response"
"Inflammatory Response (GO:0006954)",2.28118133076926,14,"S100A9","seurat","Inflammatory Response"
"Inflammatory Response (GO:0006954)",2.28118133076926,14,"CD44","seurat","Inflammatory Response"
"Inflammatory Response (GO:0006954)",2.28118133076926,14,"CHI3L1","seurat","Inflammatory Response"
"Inflammatory Response (GO:0006954)",2.28118133076926,14,"FPR1","seurat","Inflammatory Response"
"Inflammatory Response (GO:0006954)",2.28118133076926,14,"ADM","seurat","Inflammatory Response"
"Inflammatory Response (GO:0006954)",2.28118133076926,14,"CCL2","seurat","Inflammatory Response"
"Inflammatory Response (GO:0006954)",2.28118133076926,14,"FOS","seurat","Inflammatory Response"
"Inflammatory Response (GO:0006954)",2.28118133076926,14,"SLC11A1","seurat","Inflammatory Response"
"Inflammatory Response (GO:0006954)",2.28118133076926,14,"TXNIP","seurat","Inflammatory Response"
"Inflammatory Response (GO:0006954)",2.28118133076926,14,"TNFRSF1A","seurat","Inflammatory Response"
"Inflammatory Response (GO:0006954)",2.28118133076926,14,"CEBPB","seurat","Inflammatory Response"
"Inflammatory Response (GO:0006954)",2.28118133076926,14,"TAB2","seurat","Inflammatory Response"
"Inorganic Cation Transmembrane Transport (GO:0098662)",-1.46420135692951,8,"KCNG1","seurat","Inorganic Cation Transmembrane Transport"
"Inorganic Cation Transmembrane Transport (GO:0098662)",-1.46420135692951,8,"SLC6A12","seurat","Inorganic Cation Transmembrane Transport"
"Inorganic Cation Transmembrane Transport (GO:0098662)",-1.46420135692951,8,"ATP6V0E2","seurat","Inorganic Cation Transmembrane Transport"
"Inorganic Cation Transmembrane Transport (GO:0098662)",-1.46420135692951,8,"SLC6A1","seurat","Inorganic Cation Transmembrane Transport"
"Inorganic Cation Transmembrane Transport (GO:0098662)",-1.46420135692951,8,"ATP1A3","seurat","Inorganic Cation Transmembrane Transport"
"Inorganic Cation Transmembrane Transport (GO:0098662)",-1.46420135692951,8,"ATP6V0C","seurat","Inorganic Cation Transmembrane Transport"
"Inorganic Cation Transmembrane Transport (GO:0098662)",-1.46420135692951,8,"ATP1B1","seurat","Inorganic Cation Transmembrane Transport"
"Inorganic Cation Transmembrane Transport (GO:0098662)",-1.46420135692951,8,"ATP5F1B","seurat","Inorganic Cation Transmembrane Transport"
"Interleukin-1-Mediated Signaling Pathway (GO:0070498)",1.88490951549339,3,"IL1R1","seurat","Interleukin-1-Mediated Signaling Pathway"
"Interleukin-1-Mediated Signaling Pathway (GO:0070498)",1.88490951549339,3,"NFKBIA","seurat","Interleukin-1-Mediated Signaling Pathway"
"Interleukin-1-Mediated Signaling Pathway (GO:0070498)",1.88490951549339,3,"RPS6KA5","seurat","Interleukin-1-Mediated Signaling Pathway"
"Intracellular Monoatomic Cation Homeostasis (GO:0030003)",1.70760947285221,11,"MT1A","seurat","Intracellular Monoatomic Cation Homeostasis"
"Intracellular Monoatomic Cation Homeostasis (GO:0030003)",1.70760947285221,11,"CP","seurat","Intracellular Monoatomic Cation Homeostasis"
"Intracellular Monoatomic Cation Homeostasis (GO:0030003)",1.70760947285221,11,"HAMP","seurat","Intracellular Monoatomic Cation Homeostasis"
"Intracellular Monoatomic Cation Homeostasis (GO:0030003)",1.70760947285221,11,"MT1X","seurat","Intracellular Monoatomic Cation Homeostasis"
"Intracellular Monoatomic Cation Homeostasis (GO:0030003)",1.70760947285221,11,"MT1M","seurat","Intracellular Monoatomic Cation Homeostasis"
"Intracellular Monoatomic Cation Homeostasis (GO:0030003)",1.70760947285221,11,"MT2A","seurat","Intracellular Monoatomic Cation Homeostasis"
"Intracellular Monoatomic Cation Homeostasis (GO:0030003)",1.70760947285221,11,"SLC11A1","seurat","Intracellular Monoatomic Cation Homeostasis"
"Intracellular Monoatomic Cation Homeostasis (GO:0030003)",1.70760947285221,11,"MT1E","seurat","Intracellular Monoatomic Cation Homeostasis"
"Intracellular Monoatomic Cation Homeostasis (GO:0030003)",1.70760947285221,11,"EDN1","seurat","Intracellular Monoatomic Cation Homeostasis"
"Intracellular Monoatomic Cation Homeostasis (GO:0030003)",1.70760947285221,11,"MT1G","seurat","Intracellular Monoatomic Cation Homeostasis"
"Intracellular Monoatomic Cation Homeostasis (GO:0030003)",1.70760947285221,11,"SMAD1","seurat","Intracellular Monoatomic Cation Homeostasis"
"Intracellular Zinc Ion Homeostasis (GO:0006882)",2.12689156996081,6,"MT1A","seurat","Intracellular Zinc Ion Homeostasis"
"Intracellular Zinc Ion Homeostasis (GO:0006882)",2.12689156996081,6,"MT1X","seurat","Intracellular Zinc Ion Homeostasis"
"Intracellular Zinc Ion Homeostasis (GO:0006882)",2.12689156996081,6,"MT1M","seurat","Intracellular Zinc Ion Homeostasis"
"Intracellular Zinc Ion Homeostasis (GO:0006882)",2.12689156996081,6,"MT2A","seurat","Intracellular Zinc Ion Homeostasis"
"Intracellular Zinc Ion Homeostasis (GO:0006882)",2.12689156996081,6,"MT1E","seurat","Intracellular Zinc Ion Homeostasis"
"Intracellular Zinc Ion Homeostasis (GO:0006882)",2.12689156996081,6,"MT1G","seurat","Intracellular Zinc Ion Homeostasis"
"Learning (GO:0007612)",-1.8331041035113,1,"SLC6A1","seurat","Learning"
"Modulation of Chemical Synaptic Transmission (GO:0050804)",-1.69218291345105,2,"GRM2","seurat","Modulation of Chemical Synaptic Transmission"
"Modulation of Chemical Synaptic Transmission (GO:0050804)",-1.69218291345105,2,"LRP8","seurat","Modulation of Chemical Synaptic Transmission"
"Negative Regulation of Apoptotic Process (GO:0043066)",1.62210847004919,18,"SOCS3","seurat","Negative Regulation of Apoptotic Process"
"Negative Regulation of Apoptotic Process (GO:0043066)",1.62210847004919,18,"S100A9","seurat","Negative Regulation of Apoptotic Process"
"Negative Regulation of Apoptotic Process (GO:0043066)",1.62210847004919,18,"CD44","seurat","Negative Regulation of Apoptotic Process"
"Negative Regulation of Apoptotic Process (GO:0043066)",1.62210847004919,18,"ANGPTL4","seurat","Negative Regulation of Apoptotic Process"
"Negative Regulation of Apoptotic Process (GO:0043066)",1.62210847004919,18,"CCL2","seurat","Negative Regulation of Apoptotic Process"
"Negative Regulation of Apoptotic Process (GO:0043066)",1.62210847004919,18,"BAG3","seurat","Negative Regulation of Apoptotic Process"
"Negative Regulation of Apoptotic Process (GO:0043066)",1.62210847004919,18,"VEGFA","seurat","Negative Regulation of Apoptotic Process"
"Negative Regulation of Apoptotic Process (GO:0043066)",1.62210847004919,18,"PLAUR","seurat","Negative Regulation of Apoptotic Process"
"Negative Regulation of Apoptotic Process (GO:0043066)",1.62210847004919,18,"TNFRSF6B","seurat","Negative Regulation of Apoptotic Process"
"Negative Regulation of Apoptotic Process (GO:0043066)",1.62210847004919,18,"NUPR1","seurat","Negative Regulation of Apoptotic Process"
"Negative Regulation of Apoptotic Process (GO:0043066)",1.62210847004919,18,"HSPA1B","seurat","Negative Regulation of Apoptotic Process"
"Negative Regulation of Apoptotic Process (GO:0043066)",1.62210847004919,18,"HSPA1A","seurat","Negative Regulation of Apoptotic Process"
"Negative Regulation of Apoptotic Process (GO:0043066)",1.62210847004919,18,"IER3","seurat","Negative Regulation of Apoptotic Process"
"Negative Regulation of Apoptotic Process (GO:0043066)",1.62210847004919,18,"TMBIM1","seurat","Negative Regulation of Apoptotic Process"
"Negative Regulation of Apoptotic Process (GO:0043066)",1.62210847004919,18,"HSPB1","seurat","Negative Regulation of Apoptotic Process"
"Negative Regulation of Apoptotic Process (GO:0043066)",1.62210847004919,18,"PDK4","seurat","Negative Regulation of Apoptotic Process"
"Negative Regulation of Apoptotic Process (GO:0043066)",1.62210847004919,18,"SOX9","seurat","Negative Regulation of Apoptotic Process"
"Negative Regulation of Apoptotic Process (GO:0043066)",1.62210847004919,18,"MCL1","seurat","Negative Regulation of Apoptotic Process"
"Negative Regulation of Cell Population Proliferation (GO:0008285)",1.53563726257718,12,"SCIN","seurat","Negative Regulation of Cell Population Proliferation"
"Negative Regulation of Cell Population Proliferation (GO:0008285)",1.53563726257718,12,"PLAAT4","seurat","Negative Regulation of Cell Population Proliferation"
"Negative Regulation of Cell Population Proliferation (GO:0008285)",1.53563726257718,12,"BTG2","seurat","Negative Regulation of Cell Population Proliferation"
"Negative Regulation of Cell Population Proliferation (GO:0008285)",1.53563726257718,12,"NUPR1","seurat","Negative Regulation of Cell Population Proliferation"
"Negative Regulation of Cell Population Proliferation (GO:0008285)",1.53563726257718,12,"HSPA1B","seurat","Negative Regulation of Cell Population Proliferation"
"Negative Regulation of Cell Population Proliferation (GO:0008285)",1.53563726257718,12,"HSPA1A","seurat","Negative Regulation of Cell Population Proliferation"
"Negative Regulation of Cell Population Proliferation (GO:0008285)",1.53563726257718,12,"ADAMTS1","seurat","Negative Regulation of Cell Population Proliferation"
"Negative Regulation of Cell Population Proliferation (GO:0008285)",1.53563726257718,12,"S100A11","seurat","Negative Regulation of Cell Population Proliferation"
"Negative Regulation of Cell Population Proliferation (GO:0008285)",1.53563726257718,12,"GPNMB","seurat","Negative Regulation of Cell Population Proliferation"
"Negative Regulation of Cell Population Proliferation (GO:0008285)",1.53563726257718,12,"SOX9","seurat","Negative Regulation of Cell Population Proliferation"
"Negative Regulation of Cell Population Proliferation (GO:0008285)",1.53563726257718,12,"LMNA","seurat","Negative Regulation of Cell Population Proliferation"
"Negative Regulation of Cell Population Proliferation (GO:0008285)",1.53563726257718,12,"BTG1","seurat","Negative Regulation of Cell Population Proliferation"
"Negative Regulation of Cellular Process (GO:0048523)",1.48230719363683,15,"S100A9","seurat","Negative Regulation of Cellular Process"
"Negative Regulation of Cellular Process (GO:0048523)",1.48230719363683,15,"SCIN","seurat","Negative Regulation of Cellular Process"
"Negative Regulation of Cellular Process (GO:0048523)",1.48230719363683,15,"PLAAT4","seurat","Negative Regulation of Cellular Process"
"Negative Regulation of Cellular Process (GO:0048523)",1.48230719363683,15,"BTG2","seurat","Negative Regulation of Cellular Process"
"Negative Regulation of Cellular Process (GO:0048523)",1.48230719363683,15,"NUPR1","seurat","Negative Regulation of Cellular Process"
"Negative Regulation of Cellular Process (GO:0048523)",1.48230719363683,15,"HSPA1B","seurat","Negative Regulation of Cellular Process"
"Negative Regulation of Cellular Process (GO:0048523)",1.48230719363683,15,"HSPA1A","seurat","Negative Regulation of Cellular Process"
"Negative Regulation of Cellular Process (GO:0048523)",1.48230719363683,15,"ADAMTS1","seurat","Negative Regulation of Cellular Process"
"Negative Regulation of Cellular Process (GO:0048523)",1.48230719363683,15,"S100A11","seurat","Negative Regulation of Cellular Process"
"Negative Regulation of Cellular Process (GO:0048523)",1.48230719363683,15,"GPNMB","seurat","Negative Regulation of Cellular Process"
"Negative Regulation of Cellular Process (GO:0048523)",1.48230719363683,15,"TXNIP","seurat","Negative Regulation of Cellular Process"
"Negative Regulation of Cellular Process (GO:0048523)",1.48230719363683,15,"LMNA","seurat","Negative Regulation of Cellular Process"
"Negative Regulation of Cellular Process (GO:0048523)",1.48230719363683,15,"BCL6","seurat","Negative Regulation of Cellular Process"
"Negative Regulation of Cellular Process (GO:0048523)",1.48230719363683,15,"BTG1","seurat","Negative Regulation of Cellular Process"
"Negative Regulation of Cellular Process (GO:0048523)",1.48230719363683,15,"NFKBIA","seurat","Negative Regulation of Cellular Process"
"Negative Regulation of Cytokine Production (GO:0001818)",1.68912371158038,7,"ZFP36","seurat","Negative Regulation of Cytokine Production"
"Negative Regulation of Cytokine Production (GO:0001818)",1.68912371158038,7,"GBP1","seurat","Negative Regulation of Cytokine Production"
"Negative Regulation of Cytokine Production (GO:0001818)",1.68912371158038,7,"SRGN","seurat","Negative Regulation of Cytokine Production"
"Negative Regulation of Cytokine Production (GO:0001818)",1.68912371158038,7,"SLC11A1","seurat","Negative Regulation of Cytokine Production"
"Negative Regulation of Cytokine Production (GO:0001818)",1.68912371158038,7,"GPNMB","seurat","Negative Regulation of Cytokine Production"
"Negative Regulation of Cytokine Production (GO:0001818)",1.68912371158038,7,"NFKBIA","seurat","Negative Regulation of Cytokine Production"
"Negative Regulation of Cytokine Production (GO:0001818)",1.68912371158038,7,"RPS6KA5","seurat","Negative Regulation of Cytokine Production"
"Negative Regulation of Gene Expression (GO:0010629)",1.5842045877297,17,"S100A9","seurat","Negative Regulation of Gene Expression"
"Negative Regulation of Gene Expression (GO:0010629)",1.5842045877297,17,"ZFP36","seurat","Negative Regulation of Gene Expression"
"Negative Regulation of Gene Expression (GO:0010629)",1.5842045877297,17,"SRGN","seurat","Negative Regulation of Gene Expression"
"Negative Regulation of Gene Expression (GO:0010629)",1.5842045877297,17,"SLC11A1","seurat","Negative Regulation of Gene Expression"
"Negative Regulation of Gene Expression (GO:0010629)",1.5842045877297,17,"TIPARP","seurat","Negative Regulation of Gene Expression"
"Negative Regulation of Gene Expression (GO:0010629)",1.5842045877297,17,"VEGFA","seurat","Negative Regulation of Gene Expression"
"Negative Regulation of Gene Expression (GO:0010629)",1.5842045877297,17,"APLNR","seurat","Negative Regulation of Gene Expression"
"Negative Regulation of Gene Expression (GO:0010629)",1.5842045877297,17,"BTG2","seurat","Negative Regulation of Gene Expression"
"Negative Regulation of Gene Expression (GO:0010629)",1.5842045877297,17,"HSPA1B","seurat","Negative Regulation of Gene Expression"
"Negative Regulation of Gene Expression (GO:0010629)",1.5842045877297,17,"HSPA1A","seurat","Negative Regulation of Gene Expression"
"Negative Regulation of Gene Expression (GO:0010629)",1.5842045877297,17,"EDN1","seurat","Negative Regulation of Gene Expression"
"Negative Regulation of Gene Expression (GO:0010629)",1.5842045877297,17,"GPNMB","seurat","Negative Regulation of Gene Expression"
"Negative Regulation of Gene Expression (GO:0010629)",1.5842045877297,17,"IFI16","seurat","Negative Regulation of Gene Expression"
"Negative Regulation of Gene Expression (GO:0010629)",1.5842045877297,17,"RPS6KA5","seurat","Negative Regulation of Gene Expression"
"Negative Regulation of Gene Expression (GO:0010629)",1.5842045877297,17,"DAPK1","seurat","Negative Regulation of Gene Expression"
"Negative Regulation of Gene Expression (GO:0010629)",1.5842045877297,17,"PABPC1","seurat","Negative Regulation of Gene Expression"
"Negative Regulation of Gene Expression (GO:0010629)",1.5842045877297,17,"TNRC6B","seurat","Negative Regulation of Gene Expression"
"Negative Regulation of Growth (GO:0045926)",2.08662700208285,10,"MT1A","seurat","Negative Regulation of Growth"
"Negative Regulation of Growth (GO:0045926)",2.08662700208285,10,"MT1X","seurat","Negative Regulation of Growth"
"Negative Regulation of Growth (GO:0045926)",2.08662700208285,10,"MT1M","seurat","Negative Regulation of Growth"
"Negative Regulation of Growth (GO:0045926)",2.08662700208285,10,"MT2A","seurat","Negative Regulation of Growth"
"Negative Regulation of Growth (GO:0045926)",2.08662700208285,10,"MT1E","seurat","Negative Regulation of Growth"
"Negative Regulation of Growth (GO:0045926)",2.08662700208285,10,"HSPA1B","seurat","Negative Regulation of Growth"
"Negative Regulation of Growth (GO:0045926)",2.08662700208285,10,"HSPA1A","seurat","Negative Regulation of Growth"
"Negative Regulation of Growth (GO:0045926)",2.08662700208285,10,"MT1G","seurat","Negative Regulation of Growth"
"Negative Regulation of Growth (GO:0045926)",2.08662700208285,10,"BCL6","seurat","Negative Regulation of Growth"
"Negative Regulation of Growth (GO:0045926)",2.08662700208285,10,"BTG1","seurat","Negative Regulation of Growth"
"Negative Regulation of Interleukin-2 Production (GO:0032703)",2.05970938887085,2,"ZFP36","seurat","Negative Regulation of Interleukin-2 Production"
"Negative Regulation of Interleukin-2 Production (GO:0032703)",2.05970938887085,2,"GBP1","seurat","Negative Regulation of Interleukin-2 Production"
"Negative Regulation of Programmed Cell Death (GO:0043069)",1.67968846209167,15,"SOCS3","seurat","Negative Regulation of Programmed Cell Death"
"Negative Regulation of Programmed Cell Death (GO:0043069)",1.67968846209167,15,"S100A9","seurat","Negative Regulation of Programmed Cell Death"
"Negative Regulation of Programmed Cell Death (GO:0043069)",1.67968846209167,15,"CD44","seurat","Negative Regulation of Programmed Cell Death"
"Negative Regulation of Programmed Cell Death (GO:0043069)",1.67968846209167,15,"ANGPTL4","seurat","Negative Regulation of Programmed Cell Death"
"Negative Regulation of Programmed Cell Death (GO:0043069)",1.67968846209167,15,"BAG3","seurat","Negative Regulation of Programmed Cell Death"
"Negative Regulation of Programmed Cell Death (GO:0043069)",1.67968846209167,15,"VEGFA","seurat","Negative Regulation of Programmed Cell Death"
"Negative Regulation of Programmed Cell Death (GO:0043069)",1.67968846209167,15,"PLAUR","seurat","Negative Regulation of Programmed Cell Death"
"Negative Regulation of Programmed Cell Death (GO:0043069)",1.67968846209167,15,"TNFRSF6B","seurat","Negative Regulation of Programmed Cell Death"
"Negative Regulation of Programmed Cell Death (GO:0043069)",1.67968846209167,15,"NUPR1","seurat","Negative Regulation of Programmed Cell Death"
"Negative Regulation of Programmed Cell Death (GO:0043069)",1.67968846209167,15,"HSPA1B","seurat","Negative Regulation of Programmed Cell Death"
"Negative Regulation of Programmed Cell Death (GO:0043069)",1.67968846209167,15,"HSPA1A","seurat","Negative Regulation of Programmed Cell Death"
"Negative Regulation of Programmed Cell Death (GO:0043069)",1.67968846209167,15,"IER3","seurat","Negative Regulation of Programmed Cell Death"
"Negative Regulation of Programmed Cell Death (GO:0043069)",1.67968846209167,15,"HSPB1","seurat","Negative Regulation of Programmed Cell Death"
"Negative Regulation of Programmed Cell Death (GO:0043069)",1.67968846209167,15,"SOX9","seurat","Negative Regulation of Programmed Cell Death"
"Negative Regulation of Programmed Cell Death (GO:0043069)",1.67968846209167,15,"MCL1","seurat","Negative Regulation of Programmed Cell Death"
"Negative Regulation of Viral Genome Replication (GO:0045071)",1.8691149817904,5,"IFITM2","seurat","Negative Regulation of Viral Genome Replication"
"Negative Regulation of Viral Genome Replication (GO:0045071)",1.8691149817904,5,"IFITM3","seurat","Negative Regulation of Viral Genome Replication"
"Negative Regulation of Viral Genome Replication (GO:0045071)",1.8691149817904,5,"PLSCR1","seurat","Negative Regulation of Viral Genome Replication"
"Negative Regulation of Viral Genome Replication (GO:0045071)",1.8691149817904,5,"IFI16","seurat","Negative Regulation of Viral Genome Replication"
"Negative Regulation of Viral Genome Replication (GO:0045071)",1.8691149817904,5,"SRPK1","seurat","Negative Regulation of Viral Genome Replication"
"Negative Regulation of Viral Process (GO:0048525)",1.9885906304114,6,"ZFP36","seurat","Negative Regulation of Viral Process"
"Negative Regulation of Viral Process (GO:0048525)",1.9885906304114,6,"IFITM2","seurat","Negative Regulation of Viral Process"
"Negative Regulation of Viral Process (GO:0048525)",1.9885906304114,6,"IFITM3","seurat","Negative Regulation of Viral Process"
"Negative Regulation of Viral Process (GO:0048525)",1.9885906304114,6,"PLSCR1","seurat","Negative Regulation of Viral Process"
"Negative Regulation of Viral Process (GO:0048525)",1.9885906304114,6,"IFI16","seurat","Negative Regulation of Viral Process"
"Negative Regulation of Viral Process (GO:0048525)",1.9885906304114,6,"SRPK1","seurat","Negative Regulation of Viral Process"
"Negative Regulation of Viral Transcription (GO:0032897)",1.83496464544964,2,"ZFP36","seurat","Negative Regulation of Viral Transcription"
"Negative Regulation of Viral Transcription (GO:0032897)",1.83496464544964,2,"IFITM3","seurat","Negative Regulation of Viral Transcription"
"Neutrophil Chemotaxis (GO:0030593)",2.06478863889053,5,"S100A8","seurat","Neutrophil Chemotaxis"
"Neutrophil Chemotaxis (GO:0030593)",2.06478863889053,5,"S100A9","seurat","Neutrophil Chemotaxis"
"Neutrophil Chemotaxis (GO:0030593)",2.06478863889053,5,"FCER1G","seurat","Neutrophil Chemotaxis"
"Neutrophil Chemotaxis (GO:0030593)",2.06478863889053,5,"EDN1","seurat","Neutrophil Chemotaxis"
"Neutrophil Chemotaxis (GO:0030593)",2.06478863889053,5,"LGALS3","seurat","Neutrophil Chemotaxis"
"Neutrophil Migration (GO:1990266)",2.05869237591673,5,"S100A8","seurat","Neutrophil Migration"
"Neutrophil Migration (GO:1990266)",2.05869237591673,5,"S100A9","seurat","Neutrophil Migration"
"Neutrophil Migration (GO:1990266)",2.05869237591673,5,"FCER1G","seurat","Neutrophil Migration"
"Neutrophil Migration (GO:1990266)",2.05869237591673,5,"EDN1","seurat","Neutrophil Migration"
"Neutrophil Migration (GO:1990266)",2.05869237591673,5,"LGALS3","seurat","Neutrophil Migration"
"Nitric Oxide Mediated Signal Transduction (GO:0007263)",1.85729042394341,1,"FPR1","seurat","Nitric Oxide Mediated Signal Transduction"
"Nuclear-Transcribed mRNA Catabolic Process (GO:0000956)",1.71967180474312,4,"ZFP36","seurat","Nuclear-Transcribed mRNA Catabolic Process"
"Nuclear-Transcribed mRNA Catabolic Process (GO:0000956)",1.71967180474312,4,"ZFP36L1","seurat","Nuclear-Transcribed mRNA Catabolic Process"
"Nuclear-Transcribed mRNA Catabolic Process (GO:0000956)",1.71967180474312,4,"PNRC1","seurat","Nuclear-Transcribed mRNA Catabolic Process"
"Nuclear-Transcribed mRNA Catabolic Process (GO:0000956)",1.71967180474312,4,"PNRC2","seurat","Nuclear-Transcribed mRNA Catabolic Process"
"Positive Regulation of Angiogenesis (GO:0045766)",1.71634963620276,8,"CHI3L1","seurat","Positive Regulation of Angiogenesis"
"Positive Regulation of Angiogenesis (GO:0045766)",1.71634963620276,8,"ANGPTL4","seurat","Positive Regulation of Angiogenesis"
"Positive Regulation of Angiogenesis (GO:0045766)",1.71634963620276,8,"VEGFA","seurat","Positive Regulation of Angiogenesis"
"Positive Regulation of Angiogenesis (GO:0045766)",1.71634963620276,8,"APLNR","seurat","Positive Regulation of Angiogenesis"
"Positive Regulation of Angiogenesis (GO:0045766)",1.71634963620276,8,"HSPB1","seurat","Positive Regulation of Angiogenesis"
"Positive Regulation of Angiogenesis (GO:0045766)",1.71634963620276,8,"F3","seurat","Positive Regulation of Angiogenesis"
"Positive Regulation of Angiogenesis (GO:0045766)",1.71634963620276,8,"BTG1","seurat","Positive Regulation of Angiogenesis"
"Positive Regulation of Angiogenesis (GO:0045766)",1.71634963620276,8,"SMAD1","seurat","Positive Regulation of Angiogenesis"
"Positive Regulation of Apoptotic Process (GO:0043065)",1.57121397969421,14,"GADD45B","seurat","Positive Regulation of Apoptotic Process"
"Positive Regulation of Apoptotic Process (GO:0043065)",1.57121397969421,14,"TNFRSF12A","seurat","Positive Regulation of Apoptotic Process"
"Positive Regulation of Apoptotic Process (GO:0043065)",1.57121397969421,14,"SCIN","seurat","Positive Regulation of Apoptotic Process"
"Positive Regulation of Apoptotic Process (GO:0043065)",1.57121397969421,14,"CCL2","seurat","Positive Regulation of Apoptotic Process"
"Positive Regulation of Apoptotic Process (GO:0043065)",1.57121397969421,14,"NUPR1","seurat","Positive Regulation of Apoptotic Process"
"Positive Regulation of Apoptotic Process (GO:0043065)",1.57121397969421,14,"GADD45A","seurat","Positive Regulation of Apoptotic Process"
"Positive Regulation of Apoptotic Process (GO:0043065)",1.57121397969421,14,"F3","seurat","Positive Regulation of Apoptotic Process"
"Positive Regulation of Apoptotic Process (GO:0043065)",1.57121397969421,14,"JUN","seurat","Positive Regulation of Apoptotic Process"
"Positive Regulation of Apoptotic Process (GO:0043065)",1.57121397969421,14,"LGALS3","seurat","Positive Regulation of Apoptotic Process"
"Positive Regulation of Apoptotic Process (GO:0043065)",1.57121397969421,14,"BCL6","seurat","Positive Regulation of Apoptotic Process"
"Positive Regulation of Apoptotic Process (GO:0043065)",1.57121397969421,14,"BTG1","seurat","Positive Regulation of Apoptotic Process"
"Positive Regulation of Apoptotic Process (GO:0043065)",1.57121397969421,14,"MCL1","seurat","Positive Regulation of Apoptotic Process"
"Positive Regulation of Apoptotic Process (GO:0043065)",1.57121397969421,14,"DAPK1","seurat","Positive Regulation of Apoptotic Process"
"Positive Regulation of Apoptotic Process (GO:0043065)",1.57121397969421,14,"FOXO3","seurat","Positive Regulation of Apoptotic Process"
"Positive Regulation of Blood Coagulation (GO:0030194)",1.84653053686724,1,"F3","seurat","Positive Regulation of Blood Coagulation"
"Positive Regulation of Cellular Process (GO:0048522)",1.51620786365515,14,"S100A8","seurat","Positive Regulation of Cellular Process"
"Positive Regulation of Cellular Process (GO:0048522)",1.51620786365515,14,"S100A9","seurat","Positive Regulation of Cellular Process"
"Positive Regulation of Cellular Process (GO:0048522)",1.51620786365515,14,"HILPDA","seurat","Positive Regulation of Cellular Process"
"Positive Regulation of Cellular Process (GO:0048522)",1.51620786365515,14,"OSMR","seurat","Positive Regulation of Cellular Process"
"Positive Regulation of Cellular Process (GO:0048522)",1.51620786365515,14,"ZFP36","seurat","Positive Regulation of Cellular Process"
"Positive Regulation of Cellular Process (GO:0048522)",1.51620786365515,14,"TNFRSF1B","seurat","Positive Regulation of Cellular Process"
"Positive Regulation of Cellular Process (GO:0048522)",1.51620786365515,14,"VEGFA","seurat","Positive Regulation of Cellular Process"
"Positive Regulation of Cellular Process (GO:0048522)",1.51620786365515,14,"NUPR1","seurat","Positive Regulation of Cellular Process"
"Positive Regulation of Cellular Process (GO:0048522)",1.51620786365515,14,"EDN1","seurat","Positive Regulation of Cellular Process"
"Positive Regulation of Cellular Process (GO:0048522)",1.51620786365515,14,"TIMP1","seurat","Positive Regulation of Cellular Process"
"Positive Regulation of Cellular Process (GO:0048522)",1.51620786365515,14,"ZFP36L1","seurat","Positive Regulation of Cellular Process"
"Positive Regulation of Cellular Process (GO:0048522)",1.51620786365515,14,"SOX9","seurat","Positive Regulation of Cellular Process"
"Positive Regulation of Cellular Process (GO:0048522)",1.51620786365515,14,"IRS2","seurat","Positive Regulation of Cellular Process"
"Positive Regulation of Cellular Process (GO:0048522)",1.51620786365515,14,"RPS15A","seurat","Positive Regulation of Cellular Process"
"Positive Regulation of Cytokine Production (GO:0001819)",2.04194953895876,11,"S100A9","seurat","Positive Regulation of Cytokine Production"
"Positive Regulation of Cytokine Production (GO:0001819)",2.04194953895876,11,"CHI3L1","seurat","Positive Regulation of Cytokine Production"
"Positive Regulation of Cytokine Production (GO:0001819)",2.04194953895876,11,"HILPDA","seurat","Positive Regulation of Cytokine Production"
"Positive Regulation of Cytokine Production (GO:0001819)",2.04194953895876,11,"IL1R1","seurat","Positive Regulation of Cytokine Production"
"Positive Regulation of Cytokine Production (GO:0001819)",2.04194953895876,11,"FCER1G","seurat","Positive Regulation of Cytokine Production"
"Positive Regulation of Cytokine Production (GO:0001819)",2.04194953895876,11,"SLC11A1","seurat","Positive Regulation of Cytokine Production"
"Positive Regulation of Cytokine Production (GO:0001819)",2.04194953895876,11,"HSPA1B","seurat","Positive Regulation of Cytokine Production"
"Positive Regulation of Cytokine Production (GO:0001819)",2.04194953895876,11,"HSPA1A","seurat","Positive Regulation of Cytokine Production"
"Positive Regulation of Cytokine Production (GO:0001819)",2.04194953895876,11,"IFI16","seurat","Positive Regulation of Cytokine Production"
"Positive Regulation of Cytokine Production (GO:0001819)",2.04194953895876,11,"F3","seurat","Positive Regulation of Cytokine Production"
"Positive Regulation of Cytokine Production (GO:0001819)",2.04194953895876,11,"CEBPB","seurat","Positive Regulation of Cytokine Production"
"Positive Regulation of DNA-binding Transcription Factor Activity (GO:0051091)",1.83102609134811,8,"S100A8","seurat","Positive Regulation of DNA-binding Transcription Factor Activity"
"Positive Regulation of DNA-binding Transcription Factor Activity (GO:0051091)",1.83102609134811,8,"S100A9","seurat","Positive Regulation of DNA-binding Transcription Factor Activity"
"Positive Regulation of DNA-binding Transcription Factor Activity (GO:0051091)",1.83102609134811,8,"HSPA1B","seurat","Positive Regulation of DNA-binding Transcription Factor Activity"
"Positive Regulation of DNA-binding Transcription Factor Activity (GO:0051091)",1.83102609134811,8,"HSPA1A","seurat","Positive Regulation of DNA-binding Transcription Factor Activity"
"Positive Regulation of DNA-binding Transcription Factor Activity (GO:0051091)",1.83102609134811,8,"EDN1","seurat","Positive Regulation of DNA-binding Transcription Factor Activity"
"Positive Regulation of DNA-binding Transcription Factor Activity (GO:0051091)",1.83102609134811,8,"RPS6KA5","seurat","Positive Regulation of DNA-binding Transcription Factor Activity"
"Positive Regulation of DNA-binding Transcription Factor Activity (GO:0051091)",1.83102609134811,8,"ARID5B","seurat","Positive Regulation of DNA-binding Transcription Factor Activity"
"Positive Regulation of DNA-binding Transcription Factor Activity (GO:0051091)",1.83102609134811,8,"ERC1","seurat","Positive Regulation of DNA-binding Transcription Factor Activity"
"Positive Regulation of Defense Response (GO:0031349)",1.8980671294863,7,"S100A8","seurat","Positive Regulation of Defense Response"
"Positive Regulation of Defense Response (GO:0031349)",1.8980671294863,7,"S100A9","seurat","Positive Regulation of Defense Response"
"Positive Regulation of Defense Response (GO:0031349)",1.8980671294863,7,"GPR4","seurat","Positive Regulation of Defense Response"
"Positive Regulation of Defense Response (GO:0031349)",1.8980671294863,7,"PLSCR1","seurat","Positive Regulation of Defense Response"
"Positive Regulation of Defense Response (GO:0031349)",1.8980671294863,7,"TNFRSF1A","seurat","Positive Regulation of Defense Response"
"Positive Regulation of Defense Response (GO:0031349)",1.8980671294863,7,"LGALS3","seurat","Positive Regulation of Defense Response"
"Positive Regulation of Defense Response (GO:0031349)",1.8980671294863,7,"NFKBIA","seurat","Positive Regulation of Defense Response"
"Positive Regulation of Endocytosis (GO:0045807)",1.86285500744361,3,"FCGR2A","seurat","Positive Regulation of Endocytosis"
"Positive Regulation of Endocytosis (GO:0045807)",1.86285500744361,3,"FCER1G","seurat","Positive Regulation of Endocytosis"
"Positive Regulation of Endocytosis (GO:0045807)",1.86285500744361,3,"SLC11A1","seurat","Positive Regulation of Endocytosis"
"Positive Regulation of Gene Expression (GO:0010628)",1.52436450667948,11,"S100A9","seurat","Positive Regulation of Gene Expression"
"Positive Regulation of Gene Expression (GO:0010628)",1.52436450667948,11,"HILPDA","seurat","Positive Regulation of Gene Expression"
"Positive Regulation of Gene Expression (GO:0010628)",1.52436450667948,11,"CCL2","seurat","Positive Regulation of Gene Expression"
"Positive Regulation of Gene Expression (GO:0010628)",1.52436450667948,11,"SLC11A1","seurat","Positive Regulation of Gene Expression"
"Positive Regulation of Gene Expression (GO:0010628)",1.52436450667948,11,"VEGFA","seurat","Positive Regulation of Gene Expression"
"Positive Regulation of Gene Expression (GO:0010628)",1.52436450667948,11,"PLSCR1","seurat","Positive Regulation of Gene Expression"
"Positive Regulation of Gene Expression (GO:0010628)",1.52436450667948,11,"HSPA1B","seurat","Positive Regulation of Gene Expression"
"Positive Regulation of Gene Expression (GO:0010628)",1.52436450667948,11,"HSPA1A","seurat","Positive Regulation of Gene Expression"
"Positive Regulation of Gene Expression (GO:0010628)",1.52436450667948,11,"IFI16","seurat","Positive Regulation of Gene Expression"
"Positive Regulation of Gene Expression (GO:0010628)",1.52436450667948,11,"F3","seurat","Positive Regulation of Gene Expression"
"Positive Regulation of Gene Expression (GO:0010628)",1.52436450667948,11,"SOX9","seurat","Positive Regulation of Gene Expression"
"Positive Regulation of Inflammatory Response (GO:0050729)",2.26778339615223,10,"S100A8","seurat","Positive Regulation of Inflammatory Response"
"Positive Regulation of Inflammatory Response (GO:0050729)",2.26778339615223,10,"S100A9","seurat","Positive Regulation of Inflammatory Response"
"Positive Regulation of Inflammatory Response (GO:0050729)",2.26778339615223,10,"OSMR","seurat","Positive Regulation of Inflammatory Response"
"Positive Regulation of Inflammatory Response (GO:0050729)",2.26778339615223,10,"GBP1","seurat","Positive Regulation of Inflammatory Response"
"Positive Regulation of Inflammatory Response (GO:0050729)",2.26778339615223,10,"GPR4","seurat","Positive Regulation of Inflammatory Response"
"Positive Regulation of Inflammatory Response (GO:0050729)",2.26778339615223,10,"GBP2","seurat","Positive Regulation of Inflammatory Response"
"Positive Regulation of Inflammatory Response (GO:0050729)",2.26778339615223,10,"NUPR1","seurat","Positive Regulation of Inflammatory Response"
"Positive Regulation of Inflammatory Response (GO:0050729)",2.26778339615223,10,"TNFRSF1A","seurat","Positive Regulation of Inflammatory Response"
"Positive Regulation of Inflammatory Response (GO:0050729)",2.26778339615223,10,"LGALS3","seurat","Positive Regulation of Inflammatory Response"
"Positive Regulation of Inflammatory Response (GO:0050729)",2.26778339615223,10,"NFKBIA","seurat","Positive Regulation of Inflammatory Response"
"Positive Regulation of Intracellular Signal Transduction (GO:1902533)",1.45196870003884,14,"S100A8","seurat","Positive Regulation of Intracellular Signal Transduction"
"Positive Regulation of Intracellular Signal Transduction (GO:1902533)",1.45196870003884,14,"S100A9","seurat","Positive Regulation of Intracellular Signal Transduction"
"Positive Regulation of Intracellular Signal Transduction (GO:1902533)",1.45196870003884,14,"CHI3L1","seurat","Positive Regulation of Intracellular Signal Transduction"
"Positive Regulation of Intracellular Signal Transduction (GO:1902533)",1.45196870003884,14,"IL1R1","seurat","Positive Regulation of Intracellular Signal Transduction"
"Positive Regulation of Intracellular Signal Transduction (GO:1902533)",1.45196870003884,14,"VEGFA","seurat","Positive Regulation of Intracellular Signal Transduction"
"Positive Regulation of Intracellular Signal Transduction (GO:1902533)",1.45196870003884,14,"EFNA1","seurat","Positive Regulation of Intracellular Signal Transduction"
"Positive Regulation of Intracellular Signal Transduction (GO:1902533)",1.45196870003884,14,"NUPR1","seurat","Positive Regulation of Intracellular Signal Transduction"
"Positive Regulation of Intracellular Signal Transduction (GO:1902533)",1.45196870003884,14,"EDN1","seurat","Positive Regulation of Intracellular Signal Transduction"
"Positive Regulation of Intracellular Signal Transduction (GO:1902533)",1.45196870003884,14,"F3","seurat","Positive Regulation of Intracellular Signal Transduction"
"Positive Regulation of Intracellular Signal Transduction (GO:1902533)",1.45196870003884,14,"TNFRSF1A","seurat","Positive Regulation of Intracellular Signal Transduction"
"Positive Regulation of Intracellular Signal Transduction (GO:1902533)",1.45196870003884,14,"ARRDC3","seurat","Positive Regulation of Intracellular Signal Transduction"
"Positive Regulation of Intracellular Signal Transduction (GO:1902533)",1.45196870003884,14,"NEK6","seurat","Positive Regulation of Intracellular Signal Transduction"
"Positive Regulation of Intracellular Signal Transduction (GO:1902533)",1.45196870003884,14,"TAB2","seurat","Positive Regulation of Intracellular Signal Transduction"
"Positive Regulation of Intracellular Signal Transduction (GO:1902533)",1.45196870003884,14,"RPS20","seurat","Positive Regulation of Intracellular Signal Transduction"
"Positive Regulation of Multicellular Organismal Process (GO:0051240)",1.54971337931948,14,"S100A9","seurat","Positive Regulation of Multicellular Organismal Process"
"Positive Regulation of Multicellular Organismal Process (GO:0051240)",1.54971337931948,14,"HILPDA","seurat","Positive Regulation of Multicellular Organismal Process"
"Positive Regulation of Multicellular Organismal Process (GO:0051240)",1.54971337931948,14,"SLC11A1","seurat","Positive Regulation of Multicellular Organismal Process"
"Positive Regulation of Multicellular Organismal Process (GO:0051240)",1.54971337931948,14,"VEGFA","seurat","Positive Regulation of Multicellular Organismal Process"
"Positive Regulation of Multicellular Organismal Process (GO:0051240)",1.54971337931948,14,"PLAAT4","seurat","Positive Regulation of Multicellular Organismal Process"
"Positive Regulation of Multicellular Organismal Process (GO:0051240)",1.54971337931948,14,"GPNMB","seurat","Positive Regulation of Multicellular Organismal Process"
"Positive Regulation of Multicellular Organismal Process (GO:0051240)",1.54971337931948,14,"IFI16","seurat","Positive Regulation of Multicellular Organismal Process"
"Positive Regulation of Multicellular Organismal Process (GO:0051240)",1.54971337931948,14,"SOX9","seurat","Positive Regulation of Multicellular Organismal Process"
"Positive Regulation of Multicellular Organismal Process (GO:0051240)",1.54971337931948,14,"FABP5","seurat","Positive Regulation of Multicellular Organismal Process"
"Positive Regulation of Multicellular Organismal Process (GO:0051240)",1.54971337931948,14,"ZBTB16","seurat","Positive Regulation of Multicellular Organismal Process"
"Positive Regulation of Multicellular Organismal Process (GO:0051240)",1.54971337931948,14,"CEBPB","seurat","Positive Regulation of Multicellular Organismal Process"
"Positive Regulation of Multicellular Organismal Process (GO:0051240)",1.54971337931948,14,"LPIN1","seurat","Positive Regulation of Multicellular Organismal Process"
"Positive Regulation of Multicellular Organismal Process (GO:0051240)",1.54971337931948,14,"RPS19","seurat","Positive Regulation of Multicellular Organismal Process"
"Positive Regulation of Multicellular Organismal Process (GO:0051240)",1.54971337931948,14,"NCOA1","seurat","Positive Regulation of Multicellular Organismal Process"
"Positive Regulation of NF-kappaB Transcription Factor Activity (GO:0051092)",1.79991136249953,6,"S100A8","seurat","Positive Regulation of NF-kappaB Transcription Factor Activity"
"Positive Regulation of NF-kappaB Transcription Factor Activity (GO:0051092)",1.79991136249953,6,"S100A9","seurat","Positive Regulation of NF-kappaB Transcription Factor Activity"
"Positive Regulation of NF-kappaB Transcription Factor Activity (GO:0051092)",1.79991136249953,6,"HSPA1B","seurat","Positive Regulation of NF-kappaB Transcription Factor Activity"
"Positive Regulation of NF-kappaB Transcription Factor Activity (GO:0051092)",1.79991136249953,6,"HSPA1A","seurat","Positive Regulation of NF-kappaB Transcription Factor Activity"
"Positive Regulation of NF-kappaB Transcription Factor Activity (GO:0051092)",1.79991136249953,6,"RPS6KA5","seurat","Positive Regulation of NF-kappaB Transcription Factor Activity"
"Positive Regulation of NF-kappaB Transcription Factor Activity (GO:0051092)",1.79991136249953,6,"ERC1","seurat","Positive Regulation of NF-kappaB Transcription Factor Activity"
"Positive Regulation of Phagocytosis (GO:0050766)",2.09910677048962,4,"FCGR2A","seurat","Positive Regulation of Phagocytosis"
"Positive Regulation of Phagocytosis (GO:0050766)",2.09910677048962,4,"CCL2","seurat","Positive Regulation of Phagocytosis"
"Positive Regulation of Phagocytosis (GO:0050766)",2.09910677048962,4,"FCER1G","seurat","Positive Regulation of Phagocytosis"
"Positive Regulation of Phagocytosis (GO:0050766)",2.09910677048962,4,"SLC11A1","seurat","Positive Regulation of Phagocytosis"
"Positive Regulation of Receptor Internalization (GO:0002092)",1.85206098576975,3,"HAMP","seurat","Positive Regulation of Receptor Internalization"
"Positive Regulation of Receptor Internalization (GO:0002092)",1.85206098576975,3,"VEGFA","seurat","Positive Regulation of Receptor Internalization"
"Positive Regulation of Receptor Internalization (GO:0002092)",1.85206098576975,3,"APLNR","seurat","Positive Regulation of Receptor Internalization"
"Positive Regulation of Response to External Stimulus (GO:0032103)",1.98238561809656,7,"S100A8","seurat","Positive Regulation of Response to External Stimulus"
"Positive Regulation of Response to External Stimulus (GO:0032103)",1.98238561809656,7,"S100A9","seurat","Positive Regulation of Response to External Stimulus"
"Positive Regulation of Response to External Stimulus (GO:0032103)",1.98238561809656,7,"GPR4","seurat","Positive Regulation of Response to External Stimulus"
"Positive Regulation of Response to External Stimulus (GO:0032103)",1.98238561809656,7,"PLSCR1","seurat","Positive Regulation of Response to External Stimulus"
"Positive Regulation of Response to External Stimulus (GO:0032103)",1.98238561809656,7,"TNFRSF1A","seurat","Positive Regulation of Response to External Stimulus"
"Positive Regulation of Response to External Stimulus (GO:0032103)",1.98238561809656,7,"LGALS3","seurat","Positive Regulation of Response to External Stimulus"
"Positive Regulation of Response to External Stimulus (GO:0032103)",1.98238561809656,7,"NFKBIA","seurat","Positive Regulation of Response to External Stimulus"
"Positive Regulation of Tumor Necrosis Factor Production (GO:0032760)",1.9721979220481,3,"S100A9","seurat","Positive Regulation of Tumor Necrosis Factor Production"
"Positive Regulation of Tumor Necrosis Factor Production (GO:0032760)",1.9721979220481,3,"FCGR2A","seurat","Positive Regulation of Tumor Necrosis Factor Production"
"Positive Regulation of Tumor Necrosis Factor Production (GO:0032760)",1.9721979220481,3,"HSPB1","seurat","Positive Regulation of Tumor Necrosis Factor Production"
"Positive Regulation of Tumor Necrosis Factor Superfamily Cytokine Production (GO:1903557)",1.95181581004209,3,"S100A9","seurat","Positive Regulation of Tumor Necrosis Factor Superfamily Cytokine [...]"
"Positive Regulation of Tumor Necrosis Factor Superfamily Cytokine Production (GO:1903557)",1.95181581004209,3,"FCGR2A","seurat","Positive Regulation of Tumor Necrosis Factor Superfamily Cytokine [...]"
"Positive Regulation of Tumor Necrosis Factor Superfamily Cytokine Production (GO:1903557)",1.95181581004209,3,"HSPB1","seurat","Positive Regulation of Tumor Necrosis Factor Superfamily Cytokine [...]"
"Positive Regulation of mRNA Catabolic Process (GO:0061014)",1.91162574809815,5,"ZFP36","seurat","Positive Regulation of mRNA Catabolic Process"
"Positive Regulation of mRNA Catabolic Process (GO:0061014)",1.91162574809815,5,"BTG2","seurat","Positive Regulation of mRNA Catabolic Process"
"Positive Regulation of mRNA Catabolic Process (GO:0061014)",1.91162574809815,5,"ZFP36L1","seurat","Positive Regulation of mRNA Catabolic Process"
"Positive Regulation of mRNA Catabolic Process (GO:0061014)",1.91162574809815,5,"PABPC1","seurat","Positive Regulation of mRNA Catabolic Process"
"Positive Regulation of mRNA Catabolic Process (GO:0061014)",1.91162574809815,5,"TNRC6B","seurat","Positive Regulation of mRNA Catabolic Process"
"Reg of Intrinsic Apoptotic Sgnlng Pway in Resp to DNA Damage by P53 Cls Mediator (GO:1902165)",1.89547588632489,2,"S100A9","seurat","Reg of Intrinsic Apoptotic Sgnlng Pway in Resp to DNA Damage by P53 Cls [...]"
"Reg of Intrinsic Apoptotic Sgnlng Pway in Resp to DNA Damage by P53 Cls Mediator (GO:1902165)",1.89547588632489,2,"CD44","seurat","Reg of Intrinsic Apoptotic Sgnlng Pway in Resp to DNA Damage by P53 Cls [...]"
"Regulation of Cytokine Production (GO:0001817)",1.88283299716556,10,"S100A9","seurat","Regulation of Cytokine Production"
"Regulation of Cytokine Production (GO:0001817)",1.88283299716556,10,"HILPDA","seurat","Regulation of Cytokine Production"
"Regulation of Cytokine Production (GO:0001817)",1.88283299716556,10,"SRGN","seurat","Regulation of Cytokine Production"
"Regulation of Cytokine Production (GO:0001817)",1.88283299716556,10,"SLC11A1","seurat","Regulation of Cytokine Production"
"Regulation of Cytokine Production (GO:0001817)",1.88283299716556,10,"TNFRSF1B","seurat","Regulation of Cytokine Production"
"Regulation of Cytokine Production (GO:0001817)",1.88283299716556,10,"GPNMB","seurat","Regulation of Cytokine Production"
"Regulation of Cytokine Production (GO:0001817)",1.88283299716556,10,"IFI16","seurat","Regulation of Cytokine Production"
"Regulation of Cytokine Production (GO:0001817)",1.88283299716556,10,"PER1","seurat","Regulation of Cytokine Production"
"Regulation of Cytokine Production (GO:0001817)",1.88283299716556,10,"BCL6","seurat","Regulation of Cytokine Production"
"Regulation of Cytokine Production (GO:0001817)",1.88283299716556,10,"RPS6KA5","seurat","Regulation of Cytokine Production"
"Regulation of Epidermal Cell Differentiation (GO:0045604)",1.9654589407898,3,"ZFP36","seurat","Regulation of Epidermal Cell Differentiation"
"Regulation of Epidermal Cell Differentiation (GO:0045604)",1.9654589407898,3,"MAFF","seurat","Regulation of Epidermal Cell Differentiation"
"Regulation of Epidermal Cell Differentiation (GO:0045604)",1.9654589407898,3,"ZFP36L1","seurat","Regulation of Epidermal Cell Differentiation"
"Regulation of Epithelial Cell Differentiation (GO:0030856)",1.8405671919652,4,"MAFF","seurat","Regulation of Epithelial Cell Differentiation"
"Regulation of Epithelial Cell Differentiation (GO:0030856)",1.8405671919652,4,"APOLD1","seurat","Regulation of Epithelial Cell Differentiation"
"Regulation of Epithelial Cell Differentiation (GO:0030856)",1.8405671919652,4,"SOX9","seurat","Regulation of Epithelial Cell Differentiation"
"Regulation of Epithelial Cell Differentiation (GO:0030856)",1.8405671919652,4,"CEBPB","seurat","Regulation of Epithelial Cell Differentiation"
"Regulation of Establishment of Endothelial Barrier (GO:1903140)",1.90498803812103,2,"VEGFA","seurat","Regulation of Establishment of Endothelial Barrier"
"Regulation of Establishment of Endothelial Barrier (GO:1903140)",1.90498803812103,2,"TNFRSF1A","seurat","Regulation of Establishment of Endothelial Barrier"
"Regulation of Inflammatory Response (GO:0050727)",1.79016697636002,10,"S100A8","seurat","Regulation of Inflammatory Response"
"Regulation of Inflammatory Response (GO:0050727)",1.79016697636002,10,"S100A9","seurat","Regulation of Inflammatory Response"
"Regulation of Inflammatory Response (GO:0050727)",1.79016697636002,10,"IL1R1","seurat","Regulation of Inflammatory Response"
"Regulation of Inflammatory Response (GO:0050727)",1.79016697636002,10,"GPR4","seurat","Regulation of Inflammatory Response"
"Regulation of Inflammatory Response (GO:0050727)",1.79016697636002,10,"TNFRSF1B","seurat","Regulation of Inflammatory Response"
"Regulation of Inflammatory Response (GO:0050727)",1.79016697636002,10,"IFI16","seurat","Regulation of Inflammatory Response"
"Regulation of Inflammatory Response (GO:0050727)",1.79016697636002,10,"TNFRSF1A","seurat","Regulation of Inflammatory Response"
"Regulation of Inflammatory Response (GO:0050727)",1.79016697636002,10,"LGALS3","seurat","Regulation of Inflammatory Response"
"Regulation of Inflammatory Response (GO:0050727)",1.79016697636002,10,"BCL6","seurat","Regulation of Inflammatory Response"
"Regulation of Inflammatory Response (GO:0050727)",1.79016697636002,10,"NFKBIA","seurat","Regulation of Inflammatory Response"
"Regulation of Interleukin-2 Production (GO:0032663)",1.83393074938496,2,"ZFP36","seurat","Regulation of Interleukin-2 Production"
"Regulation of Interleukin-2 Production (GO:0032663)",1.83393074938496,2,"GBP1","seurat","Regulation of Interleukin-2 Production"
"Regulation of Intrinsic Apoptotic Signaling Pathway (GO:2001242)",1.91388345793226,4,"S100A8","seurat","Regulation of Intrinsic Apoptotic Signaling Pathway"
"Regulation of Intrinsic Apoptotic Signaling Pathway (GO:2001242)",1.91388345793226,4,"S100A9","seurat","Regulation of Intrinsic Apoptotic Signaling Pathway"
"Regulation of Intrinsic Apoptotic Signaling Pathway (GO:2001242)",1.91388345793226,4,"PLAUR","seurat","Regulation of Intrinsic Apoptotic Signaling Pathway"
"Regulation of Intrinsic Apoptotic Signaling Pathway (GO:2001242)",1.91388345793226,4,"NUPR1","seurat","Regulation of Intrinsic Apoptotic Signaling Pathway"
"Regulation of Leukocyte Activation (GO:0002694)",1.89222429707137,2,"S100A9","seurat","Regulation of Leukocyte Activation"
"Regulation of Leukocyte Activation (GO:0002694)",1.89222429707137,2,"PLSCR1","seurat","Regulation of Leukocyte Activation"
"Regulation of Macrophage Chemotaxis (GO:0010758)",1.99333300677005,3,"S100A9","seurat","Regulation of Macrophage Chemotaxis"
"Regulation of Macrophage Chemotaxis (GO:0010758)",1.99333300677005,3,"CCL2","seurat","Regulation of Macrophage Chemotaxis"
"Regulation of Macrophage Chemotaxis (GO:0010758)",1.99333300677005,3,"MTUS1","seurat","Regulation of Macrophage Chemotaxis"
"Regulation of Neuroinflammatory Response (GO:0150077)",1.87081849567337,2,"TNFRSF1B","seurat","Regulation of Neuroinflammatory Response"
"Regulation of Neuroinflammatory Response (GO:0150077)",1.87081849567337,2,"NUPR1","seurat","Regulation of Neuroinflammatory Response"
"Regulation of Nuclear-Transcribed mRNA Catabolic Process, Deadenylation-Dependent Decay (GO:1900151)",1.91299855494169,4,"ZFP36","seurat","Regulation of Nuclear-Transcribed mRNA Catabolic Process, [...]"
"Regulation of Nuclear-Transcribed mRNA Catabolic Process, Deadenylation-Dependent Decay (GO:1900151)",1.91299855494169,4,"ZFP36L1","seurat","Regulation of Nuclear-Transcribed mRNA Catabolic Process, [...]"
"Regulation of Nuclear-Transcribed mRNA Catabolic Process, Deadenylation-Dependent Decay (GO:1900151)",1.91299855494169,4,"PABPC1","seurat","Regulation of Nuclear-Transcribed mRNA Catabolic Process, [...]"
"Regulation of Nuclear-Transcribed mRNA Catabolic Process, Deadenylation-Dependent Decay (GO:1900151)",1.91299855494169,4,"TNRC6B","seurat","Regulation of Nuclear-Transcribed mRNA Catabolic Process, [...]"
"Regulation of Pattern Recognition Receptor Signaling Pathway (GO:0062207)",1.90974058064433,2,"S100A8","seurat","Regulation of Pattern Recognition Receptor Signaling Pathway"
"Regulation of Pattern Recognition Receptor Signaling Pathway (GO:0062207)",1.90974058064433,2,"S100A9","seurat","Regulation of Pattern Recognition Receptor Signaling Pathway"
"Regulation of Phagocytosis (GO:0050764)",2.08445614176785,4,"FCGR2A","seurat","Regulation of Phagocytosis"
"Regulation of Phagocytosis (GO:0050764)",2.08445614176785,4,"FCER1G","seurat","Regulation of Phagocytosis"
"Regulation of Phagocytosis (GO:0050764)",2.08445614176785,4,"SLC11A1","seurat","Regulation of Phagocytosis"
"Regulation of Phagocytosis (GO:0050764)",2.08445614176785,4,"PLSCR1","seurat","Regulation of Phagocytosis"
"Regulation of Receptor Internalization (GO:0002090)",1.86616951089794,2,"HAMP","seurat","Regulation of Receptor Internalization"
"Regulation of Receptor Internalization (GO:0002090)",1.86616951089794,2,"VEGFA","seurat","Regulation of Receptor Internalization"
"Regulation of Toll-Like Receptor Signaling Pathway (GO:0034121)",2.05101190510779,2,"S100A8","seurat","Regulation of Toll-Like Receptor Signaling Pathway"
"Regulation of Toll-Like Receptor Signaling Pathway (GO:0034121)",2.05101190510779,2,"S100A9","seurat","Regulation of Toll-Like Receptor Signaling Pathway"
"Regulation of Trans-Synaptic Signaling (GO:0099177)",-1.92022807768253,1,"LRP8","seurat","Regulation of Trans-Synaptic Signaling"
"Regulation of Tumor Necrosis Factor Production (GO:0032680)",1.85151488088432,4,"S100A9","seurat","Regulation of Tumor Necrosis Factor Production"
"Regulation of Tumor Necrosis Factor Production (GO:0032680)",1.85151488088432,4,"FCGR2A","seurat","Regulation of Tumor Necrosis Factor Production"
"Regulation of Tumor Necrosis Factor Production (GO:0032680)",1.85151488088432,4,"ZFP36","seurat","Regulation of Tumor Necrosis Factor Production"
"Regulation of Tumor Necrosis Factor Production (GO:0032680)",1.85151488088432,4,"HSPB1","seurat","Regulation of Tumor Necrosis Factor Production"
"Response to Cadmium Ion (GO:0046686)",2.13076109321907,6,"MT1A","seurat","Response to Cadmium Ion"
"Response to Cadmium Ion (GO:0046686)",2.13076109321907,6,"MT1X","seurat","Response to Cadmium Ion"
"Response to Cadmium Ion (GO:0046686)",2.13076109321907,6,"MT1M","seurat","Response to Cadmium Ion"
"Response to Cadmium Ion (GO:0046686)",2.13076109321907,6,"MT2A","seurat","Response to Cadmium Ion"
"Response to Cadmium Ion (GO:0046686)",2.13076109321907,6,"MT1E","seurat","Response to Cadmium Ion"
"Response to Cadmium Ion (GO:0046686)",2.13076109321907,6,"MT1G","seurat","Response to Cadmium Ion"
"Response to Copper Ion (GO:0046688)",2.11130339254351,6,"MT1A","seurat","Response to Copper Ion"
"Response to Copper Ion (GO:0046688)",2.11130339254351,6,"MT1X","seurat","Response to Copper Ion"
"Response to Copper Ion (GO:0046688)",2.11130339254351,6,"MT1M","seurat","Response to Copper Ion"
"Response to Copper Ion (GO:0046688)",2.11130339254351,6,"MT2A","seurat","Response to Copper Ion"
"Response to Copper Ion (GO:0046688)",2.11130339254351,6,"MT1E","seurat","Response to Copper Ion"
"Response to Copper Ion (GO:0046688)",2.11130339254351,6,"MT1G","seurat","Response to Copper Ion"
"Response to Cytokine (GO:0034097)",2.29155997999506,10,"SERPINA3","seurat","Response to Cytokine"
"Response to Cytokine (GO:0034097)",2.29155997999506,10,"CHI3L1","seurat","Response to Cytokine"
"Response to Cytokine (GO:0034097)",2.29155997999506,10,"OSMR","seurat","Response to Cytokine"
"Response to Cytokine (GO:0034097)",2.29155997999506,10,"IL1R1","seurat","Response to Cytokine"
"Response to Cytokine (GO:0034097)",2.29155997999506,10,"IFITM2","seurat","Response to Cytokine"
"Response to Cytokine (GO:0034097)",2.29155997999506,10,"IFITM3","seurat","Response to Cytokine"
"Response to Cytokine (GO:0034097)",2.29155997999506,10,"SLC11A1","seurat","Response to Cytokine"
"Response to Cytokine (GO:0034097)",2.29155997999506,10,"PLSCR1","seurat","Response to Cytokine"
"Response to Cytokine (GO:0034097)",2.29155997999506,10,"TIMP1","seurat","Response to Cytokine"
"Response to Cytokine (GO:0034097)",2.29155997999506,10,"MCL1","seurat","Response to Cytokine"
"Response to Interferon-Beta (GO:0035456)",2.00302678559128,4,"IFITM2","seurat","Response to Interferon-Beta"
"Response to Interferon-Beta (GO:0035456)",2.00302678559128,4,"IFITM3","seurat","Response to Interferon-Beta"
"Response to Interferon-Beta (GO:0035456)",2.00302678559128,4,"PLSCR1","seurat","Response to Interferon-Beta"
"Response to Interferon-Beta (GO:0035456)",2.00302678559128,4,"IFI16","seurat","Response to Interferon-Beta"
"Response to Interleukin-1 (GO:0070555)",2.0521099844417,6,"CHI3L1","seurat","Response to Interleukin-1"
"Response to Interleukin-1 (GO:0070555)",2.0521099844417,6,"IL1R1","seurat","Response to Interleukin-1"
"Response to Interleukin-1 (GO:0070555)",2.0521099844417,6,"CCL2","seurat","Response to Interleukin-1"
"Response to Interleukin-1 (GO:0070555)",2.0521099844417,6,"GBP1","seurat","Response to Interleukin-1"
"Response to Interleukin-1 (GO:0070555)",2.0521099844417,6,"GBP2","seurat","Response to Interleukin-1"
"Response to Interleukin-1 (GO:0070555)",2.0521099844417,6,"SOX9","seurat","Response to Interleukin-1"
"Response to Lipopolysaccharide (GO:0032496)",1.98204856325569,7,"S100A8","seurat","Response to Lipopolysaccharide"
"Response to Lipopolysaccharide (GO:0032496)",1.98204856325569,7,"ZFP36","seurat","Response to Lipopolysaccharide"
"Response to Lipopolysaccharide (GO:0032496)",1.98204856325569,7,"CCL2","seurat","Response to Lipopolysaccharide"
"Response to Lipopolysaccharide (GO:0032496)",1.98204856325569,7,"SLC11A1","seurat","Response to Lipopolysaccharide"
"Response to Lipopolysaccharide (GO:0032496)",1.98204856325569,7,"GBP2","seurat","Response to Lipopolysaccharide"
"Response to Lipopolysaccharide (GO:0032496)",1.98204856325569,7,"TNFRSF1B","seurat","Response to Lipopolysaccharide"
"Response to Lipopolysaccharide (GO:0032496)",1.98204856325569,7,"TAB2","seurat","Response to Lipopolysaccharide"
"Response to Tumor Necrosis Factor (GO:0034612)",2.13152517066702,7,"CHI3L1","seurat","Response to Tumor Necrosis Factor"
"Response to Tumor Necrosis Factor (GO:0034612)",2.13152517066702,7,"ZFP36","seurat","Response to Tumor Necrosis Factor"
"Response to Tumor Necrosis Factor (GO:0034612)",2.13152517066702,7,"YBX3","seurat","Response to Tumor Necrosis Factor"
"Response to Tumor Necrosis Factor (GO:0034612)",2.13152517066702,7,"CCL2","seurat","Response to Tumor Necrosis Factor"
"Response to Tumor Necrosis Factor (GO:0034612)",2.13152517066702,7,"GBP1","seurat","Response to Tumor Necrosis Factor"
"Response to Tumor Necrosis Factor (GO:0034612)",2.13152517066702,7,"GBP2","seurat","Response to Tumor Necrosis Factor"
"Response to Tumor Necrosis Factor (GO:0034612)",2.13152517066702,7,"ZFP36L1","seurat","Response to Tumor Necrosis Factor"
"Response to Type II Interferon (GO:0034341)",2.07559915324696,7,"CCL2","seurat","Response to Type II Interferon"
"Response to Type II Interferon (GO:0034341)",2.07559915324696,7,"GBP1","seurat","Response to Type II Interferon"
"Response to Type II Interferon (GO:0034341)",2.07559915324696,7,"IFITM2","seurat","Response to Type II Interferon"
"Response to Type II Interferon (GO:0034341)",2.07559915324696,7,"IFITM3","seurat","Response to Type II Interferon"
"Response to Type II Interferon (GO:0034341)",2.07559915324696,7,"SLC11A1","seurat","Response to Type II Interferon"
"Response to Type II Interferon (GO:0034341)",2.07559915324696,7,"GBP2","seurat","Response to Type II Interferon"
"Response to Type II Interferon (GO:0034341)",2.07559915324696,7,"DAPK1","seurat","Response to Type II Interferon"
"Response to Zinc Ion (GO:0010043)",2.1678314353403,6,"MT1A","seurat","Response to Zinc Ion"
"Response to Zinc Ion (GO:0010043)",2.1678314353403,6,"MT1X","seurat","Response to Zinc Ion"
"Response to Zinc Ion (GO:0010043)",2.1678314353403,6,"MT1M","seurat","Response to Zinc Ion"
"Response to Zinc Ion (GO:0010043)",2.1678314353403,6,"MT2A","seurat","Response to Zinc Ion"
"Response to Zinc Ion (GO:0010043)",2.1678314353403,6,"MT1E","seurat","Response to Zinc Ion"
"Response to Zinc Ion (GO:0010043)",2.1678314353403,6,"MT1G","seurat","Response to Zinc Ion"
