Feature ID,Feature Name,Feature count topic 1,Feature log2 fold change topic 1,Feature count topic 2to7,Feature log2 fold change topic 2to7
ENSG00000175756,AURKAIP1,195,-0.3093,242,0.30931
ENSG00000242485,MRPL20,1349,2.47752,242,-2.4775
ENSG00000160075,SSU72,195,-0.1126,211,0.11267
ENSG00000078369,GNB1,195,-1.6092,596,1.60922
ENSG00000187730,GABRD,195,-0.5716,290,0.57169
ENSG00000067606,PRKCZ,195,-0.5290,281,0.52900
ENSG00000158109,TPRG1L,195,-0.3562,250,0.35622
ENSG00000069424,KCNAB2,195,-0.4982,276,0.49827
ENSG00000116254,CHD5,195,-0.2242,228,0.22426
ENSG00000116251,RPL22,195,-2.0645,817,2.06458
ENSG00000097021,ACOT7,195,-0.6429,305,0.64299
ENSG00000171735,CAMTA1,195,-0.2175,227,0.21757
ENSG00000116288,PARK7,195,-1.1664,438,1.16647
ENSG00000142599,RERE,195,0.50217,137,-0.5021
ENSG00000074800,ENO1,195,-1.9720,766,1.97204
ENSG00000171603,CLSTN1,1566,0.65663,993,-0.6566
ENSG00000054523,KIF1B,195,-0.4231,262,0.42313
ENSG00000116661,FBXO2,195,-0.6668,310,0.66682
ENSG00000132879,FBXO44,195,0.20846,169,-0.2084
ENSG00000142634,EFHD2,195,-0.1086,210,0.10861
ENSG00000116786,PLEKHM2,195,0.14044,177,-0.1404
ENSG00000159363,ATP13A2,195,0.00374,194,-0.0037
ENSG00000117118,SDHB,195,0.84812,108,-0.8481
ENSG00000117154,IGSF21,195,0.47932,140,-0.4793
ENSG00000077549,CAPZB,195,-0.0050,196,0.00504
ENSG00000173436,MICOS10,1567,1.50850,550,-1.5085
ENSG00000158747,NBL1,195,-0.4694,270,0.46947
ENSG00000162545,CAMK2N1,195,-2.6783,1250,2.67838
ENSG00000158828,PINK1,195,-1.2940,479,1.29409
ENSG00000127483,HP1BP3,195,0.47103,140,-0.4710
ENSG00000076864,RAP1GAP,195,-0.1980,224,0.19805
ENSG00000070831,CDC42,195,-0.4119,259,0.41197
ENSG00000142676,RPL11,195,-2.3487,995,2.34872
ENSG00000057757,PITHD1,195,-0.2617,234,0.26176
ENSG00000117632,STMN1,1566,-0.0874,1664,0.08749
ENSG00000142669,SH3BGRL3,195,-0.4554,267,0.45548
ENSG00000198830,HMGN2,195,0.02349,192,-0.0234
ENSG00000090273,NUDC,195,-0.5987,295,0.59872
ENSG00000126709,IFI6,195,0.31591,156,-0.3159
ENSG00000126698,DNAJC8,195,0.37676,150,-0.3767
ENSG00000130770,ATP5IF1,196,-1.4027,518,1.40274
ENSG00000162512,SDC3,195,-0.6067,297,0.60677
ENSG00000134644,PUM1,195,0.53598,134,-0.5359
ENSG00000121769,FABP3,195,-0.3988,257,0.39882
ENSG00000162517,PEF1,195,0.38942,149,-0.3894
ENSG00000121753,ADGRB2,195,-0.7233,322,0.72338
ENSG00000184007,PTP4A2,348,0.30575,281,-0.3057
ENSG00000084623,EIF3I,195,0.48616,139,-0.4861
ENSG00000175130,MARCKSL1,195,-1.8246,692,1.82466
ENSG00000162521,RBBP4,195,0.53329,135,-0.5332
ENSG00000134684,YARS,195,0.51134,137,-0.5113
ENSG00000121905,HPCA,195,-0.5945,295,0.59455
ENSG00000116560,SFPQ,195,-0.0983,209,0.09831
ENSG00000020129,NCDN,195,-1.8684,713,1.86845
ENSG00000126067,PSMB2,195,0.17067,173,-0.1706
ENSG00000142686,C1orf216,195,0.90362,104,-0.9036
ENSG00000116871,MAP7D1,195,-0.1207,212,0.12078
ENSG00000163875,MEAF6,195,0.44367,143,-0.4436
ENSG00000197982,C1orf122,195,-0.9250,371,0.92503
ENSG00000168653,NDUFS5,195,-2.1043,840,2.10431
ENSG00000127603,MACF1,1194,3.03004,146,-3.0300
ENSG00000116983,HPCAL4,195,0.06491,186,-0.0649
ENSG00000131236,CAP1,1566,3.74251,117,-3.7425
ENSG00000131238,PPT1,195,0.47622,140,-0.4762
ENSG00000084070,SMAP2,195,0.53680,134,-0.5368
ENSG00000117016,RIMS3,195,0.26093,163,-0.2609
ENSG00000142949,PTPRF,195,0.48636,139,-0.4863
ENSG00000117410,ATP6V0B,1566,1.60457,515,-1.6045
ENSG00000117419,ERI3,195,-0.1302,213,0.13023
ENSG00000187147,RNF220,195,-0.0037,195,0.00378
ENSG00000142937,RPS8,195,-2.9636,1526,2.96367
ENSG00000126088,UROD,195,0.66223,123,-0.6622
ENSG00000117450,PRDX1,195,-1.4478,533,1.44784
ENSG00000173660,UQCRH,195,-1.9397,749,1.93970
ENSG00000123472,ATPAF1,195,0.64405,125,-0.6440
ENSG00000162368,CMPK1,195,0.80722,111,-0.8072
ENSG00000162374,ELAVL4,195,0.22490,167,-0.2249
ENSG00000123091,RNF11,195,-1.2092,451,1.20922
ENSG00000085832,EPS15,195,0.10500,181,-0.1050
ENSG00000162378,ZYG11B,195,0.23370,166,-0.2337
ENSG00000116209,TMEM59,195,-0.2689,235,0.26899
ENSG00000157216,SSBP3,195,-0.2162,227,0.21624
ENSG00000116133,DHCR24,1562,2.16072,349,-2.1607
ENSG00000116675,DNAJC6,195,-0.8856,361,0.88565
ENSG00000142864,SERBP1,195,0.41274,146,-0.4127
ENSG00000172260,NEGR1,195,0.11739,180,-0.1173
ENSG00000154027,AK5,1566,1.13938,711,-1.1393
ENSG00000077254,USP33,815,2.75260,121,-2.7526
ENSG00000142875,PRKACB,195,-1.3719,505,1.37192
ENSG00000117155,SSX2IP,195,0.73474,117,-0.7347
ENSG00000153904,DDAH1,195,-0.1550,217,0.15507
ENSG00000143013,LMO4,195,-1.7691,666,1.76919
ENSG00000197147,LRRC8B,195,0.67126,122,-0.6712
ENSG00000189195,BTBD8,195,0.69513,120,-0.6951
ENSG00000122406,RPL5,1526,1.22424,653,-1.2242
ENSG00000117519,CNN3,195,0.54371,134,-0.5437
ENSG00000085433,WDR47,195,0.25009,164,-0.2500
ENSG00000197780,TAF13,195,0.90600,104,-0.9060
ENSG00000031698,SARS,195,-0.7051,318,0.70514
ENSG00000143126,CELSR2,195,-0.1807,221,0.18076
ENSG00000134243,SORT1,195,-0.7403,326,0.74037
ENSG00000168710,AHCYL1,195,-0.3539,249,0.35395
ENSG00000197106,SLC6A17,195,-0.0746,205,0.07462
ENSG00000134248,LAMTOR5,195,-0.0989,209,0.09891
ENSG00000177301,KCNA2,195,0.68821,121,-0.6882
ENSG00000116459,ATP5PB,1218,2.43525,225,-2.4352
ENSG00000009307,CSDE1,195,-0.7326,324,0.73266
ENSG00000163399,ATP1A1,195,-2.4380,1058,2.43805
ENSG00000198162,MAN1A2,195,0.63043,126,-0.6304
ENSG00000178104,PDE4DIP,195,0.23723,165,-0.2372
ENSG00000159164,SV2A,195,-0.5949,295,0.59498
ENSG00000266472,MRPS21,195,-0.5386,283,0.53864
ENSG00000143420,ENSA,195,-0.6253,301,0.62535
ENSG00000213190,MLLT11,195,-1.0912,416,1.09123
ENSG00000159352,PSMD4,195,0.09691,182,-0.0969
ENSG00000159377,PSMB4,195,-0.4392,264,0.43922
ENSG00000197956,S100A6,2545,2.81742,361,-2.8174
ENSG00000189171,S100A13,861,1.51267,302,-1.5126
ENSG00000160678,S100A1,195,-0.3930,256,0.39307
ENSG00000143543,JTB,195,-0.1425,215,0.14252
ENSG00000177954,RPS27,195,-2.9027,1462,2.90271
ENSG00000143549,TPM3,195,-0.2658,234,0.26587
ENSG00000143612,C1orf43,195,0.38868,149,-0.3886
ENSG00000160710,ADAR,1560,3.16266,174,-3.1626
ENSG00000163344,PMVK,195,0.79860,112,-0.7986
ENSG00000160752,FDPS,195,0.52416,135,-0.5241
ENSG00000132718,SYT11,195,-1.5904,588,1.59041
ENSG00000116586,LAMTOR2,195,1.06048,93,-1.0604
ENSG00000160781,PAQR6,195,-1.3612,502,1.36124
ENSG00000163468,CCT3,195,0.04902,188,-0.0490
ENSG00000125462,C1orf61,195,-1.8039,682,1.80392
ENSG00000116604,MEF2D,195,0.30050,158,-0.3005
ENSG00000163382,NAXE,195,0.41155,146,-0.4115
ENSG00000132692,BCAN,1551,2.75235,230,-2.7523
ENSG00000143294,PRCC,195,0.50552,137,-0.5055
ENSG00000162706,CADM3,195,0.25704,163,-0.2570
ENSG00000162729,IGSF8,1332,2.85504,184,-2.8550
ENSG00000018625,ATP1A2,195,-0.7382,325,0.73826
ENSG00000162734,PEA15,1538,1.26698,639,-1.2669
ENSG00000122218,COPA,195,0.28187,160,-0.2818
ENSG00000143256,PFDN2,195,-0.1577,217,0.15774
ENSG00000143222,UFC1,195,0.51535,136,-0.5153
ENSG00000158864,NDUFS2,1558,2.94963,201,-2.9496
ENSG00000143252,SDHC,195,0.39506,148,-0.3950
ENSG00000117152,RGS4,195,-1.4485,533,1.44859
ENSG00000143198,MGST3,1566,1.37845,602,-1.3784
ENSG00000143158,MPC2,195,0.02059,192,-0.0205
ENSG00000143164,DCAF6,195,0.72270,118,-0.7227
ENSG00000143153,ATP1B1,2909,0.52500,2021,-0.5250
ENSG00000075945,KIFAP3,195,-0.1643,218,0.16434
ENSG00000197959,DNM3,195,0.54217,134,-0.5421
ENSG00000117592,PRDX6,195,-0.2597,233,0.25974
ENSG00000116161,CACYBP,195,-0.1433,215,0.14333
ENSG00000135821,GLUL,2535,1.45980,921,-1.4598
ENSG00000157064,NMNAT2,195,0.38730,149,-0.3873
ENSG00000118200,CAMSAP2,195,0.19397,170,-0.1939
ENSG00000116857,TMEM9,602,1.55612,204,-1.5561
ENSG00000159176,CSRP1,333,-0.1326,365,0.13264
ENSG00000198892,SHISA4,1560,2.90906,207,-2.9090
ENSG00000134375,TIMM17A,195,0.41592,146,-0.4159
ENSG00000170075,GPR37L1,195,0.47787,140,-0.4778
ENSG00000143862,ARL8A,195,-0.1915,223,0.19153
ENSG00000058668,ATP2B4,195,0.23208,166,-0.2320
ENSG00000182004,SNRPE,195,0.92281,103,-0.9228
ENSG00000163531,NFASC,195,0.63930,125,-0.6393
ENSG00000184144,CNTN2,195,0.03444,190,-0.0344
ENSG00000174514,MFSD4A,195,0.70966,119,-0.7096
ENSG00000069275,NUCKS1,195,-1.7107,639,1.71073
ENSG00000117691,NENF,195,-1.1438,432,1.14385
ENSG00000162817,C1orf115,195,0.25467,163,-0.2546
ENSG00000143742,SRP9,195,-0.3192,243,0.31929
ENSG00000163041,H3F3A,195,-0.6329,303,0.63298
ENSG00000143761,ARF1,195,-1.1885,445,1.18857
ENSG00000162910,MRPL55,1566,3.66144,123,-3.6614
ENSG00000143774,GUK1,195,-2.0502,809,2.05026
ENSG00000168159,RNF187,195,-0.9750,384,0.97501
ENSG00000177614,PGBD5,195,0.13150,178,-0.1315
ENSG00000135744,AGT,4102,3.87316,279,-3.8731
ENSG00000135750,KCNK1,195,0.21033,168,-0.2103
ENSG00000173726,TOMM20,195,-0.8793,359,0.87935
ENSG00000117020,AKT3,195,0.38814,149,-0.3881
ENSG00000179456,ZBTB18,195,-0.0022,195,0.00223
ENSG00000203667,COX20,195,0.47751,140,-0.4775
ENSG00000153187,HNRNPU,195,-0.4859,273,0.48598
ENSG00000186487,MYT1L,195,0.34188,154,-0.3418
ENSG00000171863,RPS7,225,-1.8006,786,1.80064
ENSG00000115738,ID2,195,-0.1443,215,0.14433
ENSG00000134313,KIDINS220,195,0.10912,181,-0.1091
ENSG00000119185,ITGB1BP1,195,0.59619,129,-0.5961
ENSG00000134308,YWHAQ,504,0.27231,417,-0.2723
ENSG00000115756,HPCAL1,195,-0.3580,250,0.35804
ENSG00000162975,KCNF1,195,0.33301,155,-0.3330
ENSG00000134318,ROCK2,195,0.67393,122,-0.6739
ENSG00000079785,DDX1,195,0.53028,135,-0.5302
ENSG00000197872,FAM49A,195,-0.1132,211,0.11327
ENSG00000163032,VSNL1,195,-3.0887,1662,3.08874
ENSG00000143878,RHOB,195,-0.8156,343,0.81567
ENSG00000115128,SF3B6,195,0.49664,138,-0.4966
ENSG00000084731,KIF3C,1456,2.17290,323,-2.1729
ENSG00000084764,MAPRE3,195,-0.3904,256,0.39043
ENSG00000228474,OST4,1515,2.74750,225,-2.7475
ENSG00000115194,SLC30A3,195,0.84547,108,-0.8454
ENSG00000115234,SNX17,195,0.47589,140,-0.4758
ENSG00000115226,FNDC4,195,0.59035,129,-0.5903
ENSG00000243147,MRPL33,195,0.41612,146,-0.4161
ENSG00000213639,PPP1CB,195,-0.8539,353,0.85392
ENSG00000119801,YPEL5,195,0.24398,165,-0.2439
ENSG00000013016,EHD3,195,0.41555,146,-0.4155
ENSG00000152154,TMEM178A,195,0.31616,156,-0.3161
ENSG00000183023,SLC8A1,195,0.74988,116,-0.7498
ENSG00000115944,COX7A2L,195,-0.2048,225,0.20480
ENSG00000138095,LRPPRC,195,0.77675,114,-0.7767
ENSG00000138078,PREPL,195,-1.9032,730,1.90329
ENSG00000171132,PRKCE,195,-0.0729,205,0.07296
ENSG00000143933,CALM2,788,-1.7694,2689,1.76949
ENSG00000179915,NRXN1,195,-0.5117,278,0.51171
ENSG00000068912,ERLEC1,195,0.59416,129,-0.5941
ENSG00000170634,ACYP2,2862,3.93532,187,-3.9353
ENSG00000115306,SPTBN1,195,-1.8995,729,1.89954
ENSG00000115310,RTN4,195,-2.5246,1126,2.52462
ENSG00000143947,RPS27A,1360,-0.4651,1878,0.46516
ENSG00000115355,CCDC88A,1567,3.27823,161,-3.2782
ENSG00000115484,CCT4,195,0.37625,150,-0.3762
ENSG00000014641,MDH1,195,-1.9526,756,1.95261
ENSG00000169764,UGP2,195,-0.3674,252,0.36741
ENSG00000138069,RAB1A,195,0.04577,189,-0.0457
ENSG00000138071,ACTR2,195,-0.1632,218,0.16325
ENSG00000221823,PPP3R1,195,-0.0158,197,0.01581
ENSG00000119865,CNRIP1,195,0.24780,164,-0.2478
ENSG00000115977,AAK1,195,0.42082,145,-0.4208
ENSG00000169564,PCBP1,195,-0.6536,307,0.65369
ENSG00000075340,ADD2,195,0.35123,153,-0.3512
ENSG00000144040,SFXN5,195,0.63018,126,-0.6301
ENSG00000135624,CCT7,195,0.09184,183,-0.0918
ENSG00000163013,FBXO41,195,0.74903,116,-0.7490
ENSG00000204843,DCTN1,195,-0.8666,356,0.86665
ENSG00000066032,CTNNA2,195,0.49505,138,-0.4950
ENSG00000034510,TMSB10,195,-4.1148,3385,4.11480
ENSG00000152291,TGOLN2,195,0.47564,140,-0.4756
ENSG00000168906,MAT2A,195,0.31648,156,-0.3164
ENSG00000115561,CHMP3,195,0.58238,130,-0.5823
ENSG00000084090,STARD7,195,-0.2393,230,0.23930
ENSG00000135940,COX5B,1312,0.34671,1031,-0.3467
ENSG00000115073,ACTR1B,1566,3.45389,142,-3.4538
ENSG00000170500,LONRF2,195,0.28276,160,-0.2827
ENSG00000071082,RPL31,1743,0.48155,1248,-0.4815
ENSG00000175874,CREG2,195,-0.4079,259,0.40792
ENSG00000071054,MAP4K4,195,0.24554,164,-0.2455
ENSG00000175701,MTLN,195,0.54029,134,-0.5402
ENSG00000155368,DBI,195,-1.0722,410,1.07221
ENSG00000136717,BIN1,2736,3.34111,270,-3.3411
ENSG00000136720,HS6ST1,195,0.57945,130,-0.5794
ENSG00000152082,MZT2B,195,-1.7644,663,1.76448
ENSG00000136002,ARHGEF4,195,0.04176,189,-0.0417
ENSG00000152102,FAM168B,195,0.06660,186,-0.0666
ENSG00000115762,PLEKHB2,195,-0.3137,242,0.31376
ENSG00000173272,MZT2A,195,-0.6990,317,0.69900
ENSG00000169554,ZEB2,195,-0.0150,197,0.01507
ENSG00000168280,KIF5C,1543,1.91839,408,-1.9183
ENSG00000162989,KCNJ3,195,0.98823,98,-0.9882
ENSG00000136535,TBR1,195,-0.0325,199,0.03252
ENSG00000136531,SCN2A,195,-0.2404,230,0.24043
ENSG00000144285,SCN1A,195,0.92356,103,-0.9235
ENSG00000128683,GAD1,195,0.62394,126,-0.6239
ENSG00000077380,DYNC1I2,195,0.31118,157,-0.3111
ENSG00000091428,RAPGEF4,195,0.30240,158,-0.3024
ENSG00000138430,OLA1,195,0.26373,162,-0.2637
ENSG00000128656,CHN1,195,-3.0300,1596,3.03007
ENSG00000154518,ATP5MC3,195,-1.1606,436,1.16066
ENSG00000170144,HNRNPA3,195,-0.1067,210,0.10679
ENSG00000170035,UBE2E3,195,0.57597,131,-0.5759
ENSG00000061676,NCKAP1,195,-0.7005,317,0.70054
ENSG00000065548,ZC3H15,195,0.63990,125,-0.6399
ENSG00000144369,FAM171B,195,0.48229,139,-0.4822
ENSG00000151690,MFSD6,195,0.43863,144,-0.4386
ENSG00000115419,GLS,195,-0.5261,281,0.52614
ENSG00000196950,SLC39A10,195,-0.3598,250,0.35986
ENSG00000144381,HSPD1,195,0.43230,144,-0.4323
ENSG00000115541,HSPE1,195,-0.3254,244,0.32544
ENSG00000119042,SATB2,195,0.58748,130,-0.5874
ENSG00000082153,BZW1,195,0.56190,132,-0.5619
ENSG00000119013,NDUFB3,195,0.11863,179,-0.1186
ENSG00000116030,SUMO1,195,0.31003,157,-0.3100
ENSG00000204217,BMPR2,195,0.57985,130,-0.5798
ENSG00000138443,ABI2,195,-0.0210,198,0.02102
ENSG00000023228,NDUFS1,195,0.31948,156,-0.3194
ENSG00000114942,EEF1B2,195,-0.8786,359,0.87860
ENSG00000114948,ADAM23,195,0.90576,104,-0.9057
ENSG00000078018,MAP2,195,-1.7380,651,1.73803
ENSG00000115365,LANCL1,195,-0.3091,242,0.30911
ENSG00000197756,RPL37A,195,-3.7253,2584,3.72535
ENSG00000163466,ARPC2,195,0.34938,153,-0.3493
ENSG00000127837,AAMP,195,0.54971,133,-0.5497
ENSG00000127838,PNKD,1498,2.70296,230,-2.7029
ENSG00000171450,CDK5R2,195,0.29447,159,-0.2944
ENSG00000144567,RETREG2,1566,2.38656,299,-2.3865
ENSG00000127824,TUBA4A,195,-1.2989,480,1.29895
ENSG00000135924,DNAJB2,195,-0.2017,224,0.20175
ENSG00000054356,PTPRN,195,-0.7336,324,0.73363
ENSG00000123989,CHPF,195,0.94881,101,-0.9488
ENSG00000116106,EPHA4,195,0.58193,130,-0.5819
ENSG00000123983,ACSL3,195,0.27772,161,-0.2777
ENSG00000171951,SCG2,195,-0.2546,233,0.25460
ENSG00000135919,SERPINE2,195,0.23547,165,-0.2354
ENSG00000187957,DNER,195,-0.4015,258,0.40155
ENSG00000135932,CAB39,195,0.55155,133,-0.5515
ENSG00000135916,ITM2C,1566,1.02625,769,-1.0262
ENSG00000173692,PSMD1,195,0.52562,135,-0.5256
ENSG00000115053,NCL,195,-0.6504,306,0.65040
ENSG00000187514,PTMA,2180,1.03879,1061,-1.0387
ENSG00000182600,SNORC,195,-0.5415,284,0.54151
ENSG00000066248,NGEF,195,-0.6557,307,0.65574
ENSG00000198612,COPS8,195,0.52003,136,-0.5200
ENSG00000132329,RAMP1,195,0.32764,155,-0.3276
ENSG00000130414,NDUFA10,195,0.02198,192,-0.0219
ENSG00000172428,COPS9,443,-1.0466,916,1.04665
ENSG00000063660,GPC1,195,0.63530,125,-0.6353
ENSG00000130294,KIF1A,195,-1.2955,479,1.29552
ENSG00000115685,PPP1R7,195,0.11292,180,-0.1129
ENSG00000115677,HDLBP,195,0.39312,148,-0.3931
ENSG00000168385,SEPTIN2,195,0.27897,161,-0.2789
ENSG00000115694,STK25,195,0.11003,181,-0.1100
ENSG00000134121,CHL1,195,-0.2441,231,0.24410
ENSG00000150995,ITPR1,195,-0.0350,200,0.03505
ENSG00000134107,BHLHE40,195,0.69192,120,-0.6919
ENSG00000134108,ARL8B,195,-0.0439,201,0.04398
ENSG00000171148,TADA3,195,0.59853,129,-0.5985
ENSG00000241553,ARPC4,195,0.10496,181,-0.1049
ENSG00000254999,BRK1,195,-0.5558,287,0.55586
ENSG00000157087,ATP2B2,195,-1.2354,460,1.23545
ENSG00000157103,SLC6A1,195,0.21653,168,-0.2165
ENSG00000157152,SYN2,195,-1.5310,564,1.53105
ENSG00000144713,RPL32,2082,0.25457,1745,-0.2545
ENSG00000144711,IQSEC1,195,-0.3678,252,0.36788
ENSG00000225733,FGD5-AS1,195,0.32713,155,-0.3271
ENSG00000182568,SATB1,195,0.52305,135,-0.5230
ENSG00000174748,RPL15,1861,0.93656,972,-0.9365
ENSG00000163539,CLASP2,1509,2.73010,227,-2.7301
ENSG00000172995,ARPP21,195,0.96060,100,-0.9606
ENSG00000168028,RPSA,195,-1.8565,707,1.85651
ENSG00000168314,MOBP,4136,2.58428,689,-2.5842
ENSG00000114784,EIF1B,195,-0.3087,242,0.30879
ENSG00000188846,RPL14,2814,1.81067,802,-1.8106
ENSG00000168036,CTNNB1,195,-0.5233,280,0.52330
ENSG00000187094,CCK,195,-3.3768,2029,3.37680
ENSG00000181061,HIGD1A,195,-0.6001,296,0.60012
ENSG00000114646,CSPG5,1513,3.28956,154,-3.2895
ENSG00000132153,DHX30,195,0.51747,136,-0.5174
ENSG00000047849,MAP4,828,0.72009,503,-0.7200
ENSG00000232112,TMA7,195,-2.0004,781,2.00045
ENSG00000010256,UQCRC1,195,-0.7020,317,0.70208
ENSG00000178467,P4HTM,195,0.45379,142,-0.4537
ENSG00000178057,NDUFAF3,195,0.04131,189,-0.0413
ENSG00000067560,RHOA,1467,2.29437,299,-2.2943
ENSG00000164061,BSN,195,-0.2507,232,0.25078
ENSG00000164076,CAMKV,195,-0.0575,203,0.05753
ENSG00000114353,GNAI2,195,-0.0224,198,0.02240
ENSG00000114383,TUSC2,835,2.52976,144,-2.5297
ENSG00000088538,DOCK3,195,0.78010,113,-0.7801
ENSG00000248487,ABHD14A,195,0.65600,124,-0.6560
ENSG00000162244,RPL29,2075,1.17379,919,-1.1737
ENSG00000164091,WDR82,195,0.66741,123,-0.6674
ENSG00000163930,BAP1,195,0.73948,117,-0.7394
ENSG00000010322,NISCH,195,-0.0524,202,0.05244
ENSG00000114902,SPCS1,195,-0.0251,198,0.02514
ENSG00000163931,TKT,1530,3.44742,140,-3.4474
ENSG00000113811,SELENOK,195,0.41609,146,-0.4160
ENSG00000168309,FAM107A,2121,1.73538,637,-1.7353
ENSG00000163618,CADPS,1561,3.12211,179,-3.1221
ENSG00000163630,SYNPR,195,-0.0886,207,0.08868
ENSG00000144746,ARL6IP5,195,-0.3321,245,0.33211
ENSG00000175161,CADM2,195,-0.5176,279,0.51769
ENSG00000269028,MTRNR2L12,1366,-1.2849,3330,1.28498
ENSG00000080822,CLDND1,6548,4.12638,374,-4.1263
ENSG00000081154,PCNP,195,0.02955,191,-0.0295
ENSG00000114391,RPL24,195,-2.2743,945,2.27430
ENSG00000196776,CD47,195,-0.1636,218,0.16367
ENSG00000144834,TAGLN3,195,-1.4649,539,1.46490
ENSG00000114573,ATP6V1A,195,-0.5974,295,0.59749
ENSG00000172020,GAP43,195,-1.8009,680,1.80093
ENSG00000185565,LSAMP,195,0.39264,148,-0.3926
ENSG00000138495,COX17,195,-0.2295,229,0.22950
ENSG00000082701,GSK3B,195,0.87170,106,-0.8717
ENSG00000065518,NDUFB4,195,-1.0030,391,1.00309
ENSG00000114023,FAM162A,195,0.68021,121,-0.6802
ENSG00000160145,KALRN,195,0.40423,147,-0.4042
ENSG00000114544,SLC41A3,195,0.86517,107,-0.8651
ENSG00000114631,PODXL2,195,0.12348,179,-0.1234
ENSG00000074416,MGLL,195,0.03580,190,-0.0358
ENSG00000163902,RPN1,195,-0.1078,210,0.10783
ENSG00000075785,RAB7A,195,-0.0288,199,0.02885
ENSG00000169714,CNBP,195,-0.1589,218,0.15890
ENSG00000184897,H1FX,195,-0.4041,258,0.40411
ENSG00000091513,TF,5045,3.20147,548,-3.2014
ENSG00000154917,RAB6B,195,-1.3505,498,1.35058
ENSG00000158186,MRAS,195,0.54966,133,-0.5496
ENSG00000114125,RNF7,195,0.80605,111,-0.8060
ENSG00000070087,PFN2,195,-1.4709,541,1.47098
ENSG00000198843,SELENOT,195,0.21428,168,-0.2142
ENSG00000163536,SERPINI1,195,-1.6826,627,1.68260
ENSG00000008952,SEC62,496,0.50301,350,-0.5030
ENSG00000177565,TBL1XR1,195,0.63756,125,-0.6375
ENSG00000136521,NDUFB5,195,-0.0033,195,0.00330
ENSG00000114757,PEX5L,195,0.32559,155,-0.3255
ENSG00000242808,SOX2-OT,195,-0.5166,279,0.51669
ENSG00000161203,AP2M1,195,-2.0600,814,2.06004
ENSG00000163888,CAMK2N2,195,0.72551,118,-0.7255
ENSG00000175166,PSMD2,195,-0.2022,224,0.20224
ENSG00000175182,FAM131A,195,-0.2484,232,0.24846
ENSG00000244405,ETV5,195,0.41284,146,-0.4128
ENSG00000156976,EIF4A2,196,-2.2482,931,2.24821
ENSG00000114279,FGF12,195,0.07341,185,-0.0734
ENSG00000189058,APOD,2358,2.22342,504,-2.2234
ENSG00000061938,TNK2,195,0.85821,107,-0.8582
ENSG00000182899,RPL35A,1133,0.13555,1032,-0.1355
ENSG00000169020,ATP5ME,2448,1.18676,1075,-1.1867
ENSG00000168993,CPLX1,195,-0.7013,317,0.70137
ENSG00000159692,CTBP1,195,-0.5296,282,0.52969
ENSG00000068078,FGFR3,195,0.43136,144,-0.4313
ENSG00000243449,C4orf48,195,-1.7089,638,1.70892
ENSG00000185818,NAT8L,195,-0.9855,386,0.98555
ENSG00000087274,ADD1,1549,2.52964,268,-2.5296
ENSG00000163956,LRPAP1,195,-0.6117,298,0.61176
ENSG00000168824,NSG1,195,0.20488,169,-0.2048
ENSG00000072832,CRMP1,195,-0.3123,242,0.31238
ENSG00000152969,JAKMIP1,195,0.65946,123,-0.6594
ENSG00000074211,PPP2R2C,195,-0.2857,238,0.28572
ENSG00000179010,MRFAP1,195,-1.3462,496,1.34628
ENSG00000178988,MRFAP1L1,195,0.47314,140,-0.4731
ENSG00000169744,LDB2,195,0.60510,128,-0.6051
ENSG00000151552,QDPR,257,-1.0438,530,1.04388
ENSG00000169851,PCDH7,195,0.70747,119,-0.7074
ENSG00000163682,RPL9,1831,0.81325,1042,-0.8132
ENSG00000154277,UCHL1,1521,-0.4245,2041,0.42454
ENSG00000064042,LIMCH1,195,0.70182,120,-0.7018
ENSG00000014824,SLC30A9,195,0.94675,101,-0.9467
ENSG00000124406,ATP8A1,195,0.32937,155,-0.3293
ENSG00000109180,OCIAD1,195,-1.1010,419,1.10109
ENSG00000171476,HOPX,195,-0.7795,335,0.77954
ENSG00000163453,IGFBP7,195,-0.1715,220,0.17154
ENSG00000018189,RUFY3,195,-0.3795,254,0.37950
ENSG00000132463,GRSF1,195,0.46302,141,-0.4630
ENSG00000169116,PARM1,195,0.41003,147,-0.4100
ENSG00000138757,G3BP2,2806,3.10979,325,-3.1097
ENSG00000138760,SCARB2,195,0.01355,193,-0.0135
ENSG00000138758,SEPTIN11,195,0.62872,126,-0.6287
ENSG00000118816,CCNI,195,-1.4082,518,1.40827
ENSG00000138668,HNRNPD,195,0.68138,121,-0.6813
ENSG00000152795,HNRNPDL,195,-0.9894,387,0.98948
ENSG00000145293,ENOPH1,195,0.46693,141,-0.4669
ENSG00000145284,SCD5,195,-1.4206,523,1.42061
ENSG00000163319,MRPS18C,195,0.97113,99,-0.9711
ENSG00000109339,MAPK10,195,-0.3772,253,0.37725
ENSG00000152583,SPARCL1,252,-2.9921,2012,2.99213
ENSG00000118785,SPP1,195,-1.0691,410,1.06915
ENSG00000177432,NAP1L5,195,0.02602,191,-0.0260
ENSG00000145335,SNCA,195,-1.3246,489,1.32467
ENSG00000138698,RAP1GDS1,1566,3.54213,134,-3.5421
ENSG00000168785,TSPAN5,195,0.31649,156,-0.3164
ENSG00000151247,EIF4E,195,0.68601,121,-0.6860
ENSG00000164032,H2AFZ,2801,3.29073,286,-3.2907
ENSG00000138814,PPP3CA,195,-1.6759,624,1.67592
ENSG00000109332,UBE2D3,195,-0.1474,216,0.14748
ENSG00000109475,RPL34,4669,0.97631,2373,-0.9763
ENSG00000145362,ANK2,195,-1.0225,396,1.02251
ENSG00000269893,SNHG8,1333,3.53337,115,-3.5333
ENSG00000164096,C4orf3,195,-0.2433,231,0.24331
ENSG00000109390,NDUFC1,195,-0.4406,265,0.44062
ENSG00000153130,SCOC,195,-0.3767,253,0.37679
ENSG00000145425,RPS3A,195,-2.4738,1085,2.47380
ENSG00000109670,FBXW7,195,-0.5698,290,0.56982
ENSG00000109654,TRIM2,195,-1.0574,406,1.05742
ENSG00000061918,GUCY1B1,195,-0.1102,210,0.11023
ENSG00000109738,GLRB,195,0.72242,118,-0.7224
ENSG00000120251,GRIA2,195,-0.6280,301,0.62803
ENSG00000109756,RAPGEF2,195,0.40648,147,-0.4064
ENSG00000052802,MSMO1,195,0.44490,143,-0.4449
ENSG00000109472,CPE,195,-2.6065,1190,2.60654
ENSG00000109572,CLCN3,1566,3.66935,123,-3.6693
ENSG00000164106,SCRG1,195,0.35706,152,-0.3570
ENSG00000150625,GPM6A,2907,0.70438,1784,-0.7043
ENSG00000129128,SPCS3,195,0.81694,110,-0.8169
ENSG00000151729,SLC25A4,195,-0.8253,346,0.82537
ENSG00000073578,SDHA,195,0.77486,114,-0.7748
ENSG00000249915,PDCD6,195,0.10984,181,-0.1098
ENSG00000171368,TPPP,195,-0.8258,346,0.82589
ENSG00000049656,CLPTM1L,195,0.65992,123,-0.6599
ENSG00000145494,NDUFS6,195,-0.2525,232,0.25250
ENSG00000215218,UBE2QL1,195,-0.1548,217,0.15480
ENSG00000145495,MARCH6,195,-0.5838,292,0.58387
ENSG00000169862,CTNND2,195,-0.3298,245,0.32981
ENSG00000154122,ANKH,195,0.32112,156,-0.3211
ENSG00000176788,BASP1,195,-2.4461,1064,2.44615
ENSG00000113387,SUB1,195,-1.0153,395,1.01538
ENSG00000079215,SLC1A3,195,-0.5965,295,0.59653
ENSG00000145592,RPL37,195,-3.3797,2034,3.37978
ENSG00000083720,OXCT1,195,0.58809,129,-0.5880
ENSG00000250722,SELENOP,195,-0.0801,206,0.08011
ENSG00000112972,HMGCS1,195,-0.2502,232,0.25022
ENSG00000164258,NDUFS4,195,0.70951,119,-0.7095
ENSG00000145632,PLK2,195,1.08833,91,-1.0883
ENSG00000152932,RAB3C,195,-0.1322,214,0.13224
ENSG00000197860,SGTB,195,0.69468,120,-0.6946
ENSG00000145675,PIK3R1,195,-0.2651,234,0.26518
ENSG00000131711,MAP1B,195,-3.0949,1669,3.09497
ENSG00000145741,BTF3,195,-0.5124,278,0.51247
ENSG00000171617,ENC1,195,-3.5533,2294,3.55336
ENSG00000171530,TBCA,195,-0.5661,289,0.56617
ENSG00000085365,SCAMP1,195,0.51815,136,-0.5181
ENSG00000186468,RPS23,195,-2.9357,1495,2.93576
ENSG00000164176,EDIL3,195,-0.1386,215,0.13867
ENSG00000127184,COX7C,195,-2.6295,1210,2.62952
ENSG00000081189,MEF2C,195,-0.8384,349,0.83849
ENSG00000145730,PAM,195,0.75863,115,-0.7586
ENSG00000198961,PJA2,195,-1.2941,479,1.29414
ENSG00000164209,SLC25A46,195,0.79467,112,-0.7946
ENSG00000134986,NREP,195,0.43518,144,-0.4351
ENSG00000134982,APC,195,0.64654,124,-0.6465
ENSG00000129625,REEP5,195,-1.1301,427,1.13015
ENSG00000177879,AP3S1,195,0.57240,131,-0.5724
ENSG00000164241,C5orf63,195,1.10585,90,-1.1058
ENSG00000169567,HINT1,1281,0.31652,1029,-0.3165
ENSG00000158985,CDC42SE2,1560,3.26838,161,-3.2683
ENSG00000164398,ACSL6,195,0.84521,108,-0.8452
ENSG00000131437,KIF3A,195,0.02158,192,-0.0215
ENSG00000164402,SEPTIN8,195,-0.5554,287,0.55544
ENSG00000164405,UQCRQ,406,-1.0042,816,1.00429
ENSG00000213585,VDAC1,1489,2.06141,356,-2.0614
ENSG00000113558,SKP1,195,-2.2332,920,2.23327
ENSG00000113575,PPP2CA,195,-0.4176,261,0.41767
ENSG00000119048,UBE2B,195,0.14018,177,-0.1401
ENSG00000164615,CAMLG,195,-0.0851,207,0.08516
ENSG00000145824,CXCL14,2907,4.34066,143,-4.3406
ENSG00000152377,SPOCK1,417,0.62399,271,-0.6239
ENSG00000177733,HNRNPA0,195,0.21520,168,-0.2152
ENSG00000132563,REEP2,195,-0.3243,244,0.32437
ENSG00000113013,HSPA9,195,-0.6525,307,0.65256
ENSG00000120727,PAIP2,1286,3.10861,149,-3.1086
ENSG00000131508,UBE2D2,195,0.55531,132,-0.5553
ENSG00000171604,CXXC5,195,-0.0258,198,0.02585
ENSG00000113068,PFDN1,1479,3.78888,107,-3.7888
ENSG00000131495,NDUFA2,1337,2.50596,235,-2.5059
ENSG00000146007,ZMAT2,195,0.36202,152,-0.3620
ENSG00000131507,NDFIP1,195,-2.0221,793,2.02218
ENSG00000156475,PPP2R2B,195,0.16803,173,-0.1680
ENSG00000113712,CSNK1A1,195,0.15533,175,-0.1553
ENSG00000070808,CAMK2A,195,-1.2631,469,1.26313
ENSG00000164587,RPS14,195,-2.8431,1402,2.84319
ENSG00000171992,SYNPO,195,0.28232,160,-0.2823
ENSG00000197043,ANXA6,1566,2.24078,331,-2.2407
ENSG00000113140,SPARC,195,-0.1694,219,0.16942
ENSG00000177556,ATOX1,218,-0.0938,233,0.09388
ENSG00000155506,LARP1,195,0.03462,190,-0.0346
ENSG00000055163,CYFIP2,195,-0.8540,353,0.85404
ENSG00000113312,TTC1,1566,3.81906,110,-3.8190
ENSG00000164609,SLU7,1100,3.32723,109,-3.3272
ENSG00000145864,GABRB2,195,0.19744,170,-0.1974
ENSG00000022355,GABRA1,195,-0.8101,342,0.81018
ENSG00000113327,GABRG2,195,0.10985,181,-0.1098
ENSG00000038274,MAT2B,195,0.66146,123,-0.6614
ENSG00000188573,FBLL1,195,0.74060,116,-0.7406
ENSG00000181163,NPM1,195,0.22508,167,-0.2250
ENSG00000170091,NSG2,195,-0.6970,316,0.69703
ENSG00000145920,CPLX2,195,-1.3459,496,1.34595
ENSG00000122203,KIAA1191,195,0.47373,140,-0.4737
ENSG00000146066,HIGD2A,195,0.24874,164,-0.2487
ENSG00000175416,CLTB,195,-0.6857,314,0.68570
ENSG00000074317,SNCB,195,-2.1755,882,2.17556
ENSG00000169230,PRELID1,195,0.33429,154,-0.3342
ENSG00000145912,NHP2,195,-0.0291,199,0.02915
ENSG00000169045,HNRNPH1,1191,2.26368,248,-2.2636
ENSG00000127022,CANX,1566,2.13977,355,-2.1397
ENSG00000161011,SQSTM1,2682,3.37568,258,-3.3756
ENSG00000050748,MAPK9,195,-0.0464,201,0.04643
ENSG00000204628,RACK1,1566,2.00118,391,-2.0011
ENSG00000137267,TUBB2A,195,-2.7315,1297,2.73159
ENSG00000137285,TUBB2B,195,-0.0661,204,0.06615
ENSG00000124785,NRN1,195,-0.1144,211,0.11443
ENSG00000224531,SMIM13,195,0.25884,163,-0.2588
ENSG00000112137,PHACTR1,195,0.00012,195,-0.0001
ENSG00000145990,GFOD1,195,0.48082,140,-0.4808
ENSG00000112186,CAP2,195,-0.1160,211,0.11605
ENSG00000152954,NRSN1,195,0.00275,195,-0.0027
ENSG00000112304,ACOT13,195,0.86916,106,-0.8691
ENSG00000112308,C6orf62,195,-0.0736,205,0.07368
ENSG00000204681,GABBR1,195,-0.8408,349,0.84083
ENSG00000206503,HLA-A,195,0.37523,150,-0.3752
ENSG00000196230,TUBB,195,-1.6298,604,1.62986
ENSG00000137312,FLOT1,195,-0.3719,252,0.37193
ENSG00000204525,HLA-C,195,0.44407,143,-0.4440
ENSG00000198563,DDX39B,195,0.69174,120,-0.6917
ENSG00000213760,ATP6V1G2,195,-0.5695,289,0.56957
ENSG00000204469,PRRC2A,195,0.56637,131,-0.5663
ENSG00000204463,BAG6,195,0.48056,140,-0.4805
ENSG00000204435,CSNK2B,195,-0.0162,197,0.01627
ENSG00000204389,HSPA1A,1262,3.32262,126,-3.3226
ENSG00000204314,PRRT1,195,0.48095,140,-0.4809
ENSG00000204310,AGPAT1,195,0.61746,127,-0.6174
ENSG00000231500,RPS18,195,-2.3553,999,2.35532
ENSG00000231925,TAPBP,195,0.48735,139,-0.4873
ENSG00000112514,CUTA,1306,2.30881,263,-2.3088
ENSG00000137288,UQCC2,195,0.71373,119,-0.7137
ENSG00000186577,SMIM29,195,0.14890,176,-0.1489
ENSG00000272325,NUDT3,195,-0.1065,210,0.10654
ENSG00000124614,RPS10,510,-0.5101,726,0.51011
ENSG00000124507,PACSIN1,195,-0.1054,210,0.10547
ENSG00000196821,ILRUN,195,0.87906,106,-0.8790
ENSG00000198755,RPL10A,195,-1.5050,554,1.50505
ENSG00000112081,SRSF3,296,0.32890,236,-0.3289
ENSG00000137409,MTCH1,2754,1.64321,881,-1.6432
ENSG00000124767,GLO1,195,0.43568,144,-0.4356
ENSG00000214736,TOMM6,195,0.18246,172,-0.1824
ENSG00000124733,MEA1,195,0.66908,122,-0.6690
ENSG00000124702,KLHDC3,195,-0.5842,292,0.58428
ENSG00000137216,TMEM63B,195,0.74478,116,-0.7447
ENSG00000096384,HSP90AB1,2767,0.55993,1877,-0.5599
ENSG00000178233,TMEM151B,195,0.59401,129,-0.5940
ENSG00000172348,RCAN2,195,-0.5240,280,0.52408
ENSG00000170915,PAQR8,195,0.26168,162,-0.2616
ENSG00000096092,TMEM14A,195,0.39091,149,-0.3909
ENSG00000112146,FBXO9,195,0.47476,140,-0.4747
ENSG00000151914,DST,1566,2.96219,201,-2.9621
ENSG00000119900,OGFRL1,1556,3.26100,162,-3.2610
ENSG00000156508,EEF1A1,195,-3.8338,2786,3.83383
ENSG00000112695,COX7A2,1566,1.04062,761,-1.0406
ENSG00000112697,TMEM30A,195,-0.1223,212,0.12239
ENSG00000118418,HMGN3,195,0.64074,125,-0.6407
ENSG00000065609,SNAP91,195,-0.5379,283,0.53794
ENSG00000135334,AKIRIN2,195,0.28408,160,-0.2840
ENSG00000112335,SNX3,1447,2.10596,336,-2.1059
ENSG00000112290,WASF1,2521,3.23103,268,-3.2310
ENSG00000123505,AMD1,195,0.51766,136,-0.5176
ENSG00000277443,MARCKS,195,-0.8097,342,0.80974
ENSG00000187189,TSPYL4,195,0.26121,163,-0.2612
ENSG00000189241,TSPYL1,195,-1.7957,678,1.79578
ENSG00000152661,GJA1,195,-0.2861,238,0.28610
ENSG00000111897,SERINC1,195,-2.1476,865,2.14768
ENSG00000111906,HDDC2,195,0.16225,174,-0.1622
ENSG00000111912,NCOA7,195,0.81334,111,-0.8133
ENSG00000189367,KIAA0408,195,0.57745,130,-0.5774
ENSG00000112306,RPS12,1433,-0.6250,2211,0.62508
ENSG00000169976,SF3B5,195,0.65870,123,-0.6587
ENSG00000120265,PCMT1,2864,2.96811,366,-2.9681
ENSG00000131016,AKAP12,195,1.02484,96,-1.0248
ENSG00000131018,SYNE1,195,0.98623,98,-0.9862
ENSG00000074706,IPCEF1,195,0.57579,131,-0.5757
ENSG00000112096,SOD2,195,-0.2938,239,0.29383
ENSG00000120438,TCP1,1424,2.83128,200,-2.8312
ENSG00000112531,QKI,195,-1.0776,412,1.07760
ENSG00000008018,PSMB1,195,0.03456,190,-0.0345
ENSG00000188191,PRKAR1B,195,-1.6641,619,1.66418
ENSG00000105963,ADAP1,195,0.37622,150,-0.3762
ENSG00000146540,C7orf50,195,0.25124,164,-0.2512
ENSG00000157778,PSMG3,195,0.59576,129,-0.5957
ENSG00000157954,WIPI2,195,0.60747,128,-0.6074
ENSG00000075624,ACTB,195,-4.3302,3936,4.33022
ENSG00000075618,FSCN1,195,-0.2861,238,0.28618
ENSG00000136238,RAC1,1566,1.64583,500,-1.6458
ENSG00000189043,NDUFA4,1520,-0.3330,1915,0.33309
ENSG00000106537,TSPAN13,195,0.20215,169,-0.2021
ENSG00000136237,RAPGEF5,195,-0.1159,211,0.11593
ENSG00000196683,TOMM7,195,-2.2127,905,2.21279
ENSG00000172115,CYCS,195,-0.8813,359,0.88132
ENSG00000122566,HNRNPA2B1,195,-0.9970,390,0.99701
ENSG00000122565,CBX3,195,0.65948,123,-0.6594
ENSG00000086300,SNX10,195,-0.0468,201,0.04684
ENSG00000106052,TAX1BP1,195,0.42441,145,-0.4244
ENSG00000136193,SCRN1,195,0.44519,143,-0.4451
ENSG00000180354,MTURN,3068,1.89932,822,-1.8993
ENSG00000122545,SEPTIN7,5518,2.98728,695,-2.9872
ENSG00000155849,ELMO1,195,-0.5477,285,0.54775
ENSG00000086289,EPDR1,195,0.50802,137,-0.5080
ENSG00000078053,AMPH,195,0.24729,164,-0.2472
ENSG00000062582,MRPS24,195,0.59640,129,-0.5964
ENSG00000058404,CAMK2B,199,-1.4967,561,1.49678
ENSG00000015676,NUDCD3,195,-0.2199,227,0.21993
ENSG00000122515,ZMIZ2,195,0.65341,124,-0.6534
ENSG00000196262,PPIA,1082,-0.6668,1718,0.66689
ENSG00000105968,H2AFV,195,0.05822,187,-0.0582
ENSG00000136280,CCM2,195,0.29960,158,-0.2996
ENSG00000164742,ADCY1,195,-0.4320,263,0.43205
ENSG00000170419,VSTM2A,195,0.87096,106,-0.8709
ENSG00000132432,SEC61G,195,-0.6970,316,0.69706
ENSG00000146731,CCT6A,2933,4.75845,108,-4.7584
ENSG00000106153,CHCHD2,195,-1.8725,715,1.87258
ENSG00000106609,TMEM248,1473,3.46055,133,-3.4605
ENSG00000126524,SBDS,195,0.74490,116,-0.7449
ENSG00000185274,GALNT17,195,0.69927,120,-0.6992
ENSG00000106089,STX1A,195,-0.4238,262,0.42383
ENSG00000106683,LIMK1,195,0.81511,111,-0.8151
ENSG00000106682,EIF4H,1356,2.30483,274,-2.3048
ENSG00000106665,CLIP2,195,0.21714,168,-0.2171
ENSG00000263001,GTF2I,195,-1.2794,474,1.27941
ENSG00000005486,RHBDD2,195,-1.6047,594,1.60477
ENSG00000146701,MDH2,195,-0.3701,252,0.37018
ENSG00000106211,HSPB1,195,0.07155,185,-0.0715
ENSG00000170027,YWHAG,195,-2.5566,1149,2.55663
ENSG00000198822,GRM3,2727,4.20053,148,-4.2005
ENSG00000075142,SRI,195,-0.0227,198,0.02271
ENSG00000058091,CDK14,195,0.50205,137,-0.5020
ENSG00000001630,CYP51A1,195,0.14430,176,-0.1443
ENSG00000158560,DYNC1I1,1468,3.13042,167,-3.1304
ENSG00000127922,SEM1,195,0.08325,184,-0.0832
ENSG00000164713,BRI3,195,0.12073,179,-0.1207
ENSG00000166448,TMEM130,195,-1.0175,395,1.01755
ENSG00000241685,ARPC1A,195,0.20785,169,-0.2078
ENSG00000106244,PDAP1,195,0.41829,146,-0.4182
ENSG00000241468,ATP5MF,1566,1.55288,533,-1.5528
ENSG00000168090,COPS6,195,0.21157,168,-0.2115
ENSG00000188186,LAMTOR4,195,-0.6673,310,0.66738
ENSG00000166925,TSC22D4,195,-1.0493,404,1.04933
ENSG00000172354,GNB2,195,-0.6811,313,0.68115
ENSG00000106367,AP1S1,195,-0.0334,199,0.03344
ENSG00000128564,VGF,195,-0.1582,218,0.15827
ENSG00000106400,ZNHIT1,195,0.28279,160,-0.2827
ENSG00000214253,FIS1,3937,3.15407,442,-3.1540
ENSG00000267368,UPK3BL1,195,0.54226,134,-0.5422
ENSG00000135250,SRPK2,195,0.32110,156,-0.3211
ENSG00000005249,PRKAR2B,195,0.82333,110,-0.8233
ENSG00000075790,BCAP29,195,0.75510,115,-0.7551
ENSG00000091129,NRCAM,1501,2.33384,297,-2.3338
ENSG00000198898,CAPZA2,195,-0.1610,218,0.16102
ENSG00000196937,FAM3C,195,-0.2001,224,0.20014
ENSG00000128609,NDUFA5,195,-0.7611,331,0.76119
ENSG00000106299,WASL,195,0.13079,178,-0.1307
ENSG00000004059,ARF5,195,-0.1449,216,0.14491
ENSG00000128596,CCDC136,195,0.92500,102,-0.9250
ENSG00000128524,ATP6V1F,195,-1.0394,401,1.03941
ENSG00000286214,AUXG01000058.1,195,-0.0184,197,0.01846
ENSG00000085662,AKR1B1,195,0.44731,143,-0.4473
ENSG00000105887,MTPN,195,-0.4669,270,0.46696
ENSG00000105894,PTN,195,-0.3313,245,0.33131
ENSG00000064393,HIPK2,296,0.48136,212,-0.4813
ENSG00000090266,NDUFB2,195,-1.8141,687,1.81413
ENSG00000106123,EPHB6,195,-0.2293,229,0.22932
ENSG00000159784,FAM131B,195,0.62319,126,-0.6231
ENSG00000174469,CNTNAP2,195,0.80416,111,-0.8041
ENSG00000171130,ATP6V0E2,195,-0.7586,330,0.75864
ENSG00000164885,CDK5,1517,3.39401,144,-3.3940
ENSG00000133612,AGAP3,2894,3.31923,289,-3.3192
ENSG00000082014,SMARCD3,195,0.55342,133,-0.5534
ENSG00000106615,RHEB,195,-0.3201,243,0.32017
ENSG00000130226,DPP6,195,0.00838,194,-0.0083
ENSG00000105993,DNAJB6,195,-0.5745,291,0.57458
ENSG00000155093,PTPRN2,195,-0.1780,221,0.17807
ENSG00000176595,KBTBD11,195,0.61183,127,-0.6118
ENSG00000079459,FDFT1,195,-0.0754,205,0.07542
ENSG00000164733,CTSB,195,-0.9233,370,0.92337
ENSG00000104763,ASAH1,195,0.42052,145,-0.4205
ENSG00000156011,PSD3,195,-0.1238,212,0.12383
ENSG00000147416,ATP6V1B2,195,-0.9576,379,0.95766
ENSG00000158856,DMTN,195,-0.9623,380,0.96235
ENSG00000168481,LGI3,195,-0.1772,220,0.17721
ENSG00000168490,PHYHIP,1542,1.51673,538,-1.5167
ENSG00000104722,NEFM,195,-1.1058,420,1.10587
ENSG00000277586,NEFL,195,-2.2697,942,2.26972
ENSG00000104765,BNIP3L,195,0.05005,188,-0.0500
ENSG00000240694,PNMA2,195,-1.3597,501,1.35973
ENSG00000092964,DPYSL2,1148,-0.2761,1390,0.27612
ENSG00000015592,STMN4,195,-0.7588,330,0.75883
ENSG00000120899,PTK2B,195,-0.2833,237,0.28338
ENSG00000120885,CLU,210,-3.9981,3368,3.99815
ENSG00000133872,SARAF,195,-2.1069,841,2.10698
ENSG00000104695,PPP2CB,889,1.33573,352,-1.3357
ENSG00000147526,TACC1,195,0.07464,185,-0.0746
ENSG00000078668,VDAC3,195,-0.3450,248,0.34506
ENSG00000169139,UBE2V2,195,0.03992,190,-0.0399
ENSG00000047249,ATP6V1H,195,-0.1613,218,0.16131
ENSG00000008988,RPS20,195,-1.3963,514,1.39636
ENSG00000137575,SDCBP,195,0.49353,138,-0.4935
ENSG00000104388,RAB2A,195,-0.5851,293,0.58518
ENSG00000198363,ASPH,195,0.58285,130,-0.5828
ENSG00000169085,VXN,195,-0.2934,239,0.29349
ENSG00000245910,SNHG6,195,-1.2397,461,1.23979
ENSG00000147604,RPL7,195,-1.8122,686,1.81226
ENSG00000154582,ELOC,1380,2.89826,185,-2.8982
ENSG00000104435,STMN2,195,-1.6986,634,1.69863
ENSG00000076554,TPD52,195,0.38591,149,-0.3859
ENSG00000164687,FABP5,195,0.32288,156,-0.3228
ENSG00000147588,PMP2,975,2.31205,196,-2.3120
ENSG00000176731,RBIS,195,0.65039,124,-0.6503
ENSG00000123119,NECAB1,195,-0.8369,349,0.83698
ENSG00000164951,PDP1,195,-0.1278,213,0.12787
ENSG00000156467,UQCRB,195,-2.5816,1169,2.58169
ENSG00000156482,RPL30,195,-2.7839,1345,2.78394
ENSG00000164919,COX6C,978,-0.2673,1177,0.26738
ENSG00000147669,POLR2K,195,0.57833,130,-0.5783
ENSG00000070756,PABPC1,195,0.47093,140,-0.4709
ENSG00000164924,YWHAZ,1566,0.26320,1305,-0.2632
ENSG00000120963,ZNF706,195,0.68279,121,-0.6827
ENSG00000104490,NCALD,195,-0.4268,262,0.42689
ENSG00000155096,AZIN1,195,0.22858,166,-0.2285
ENSG00000155097,ATP6V1C1,195,-0.0712,205,0.07127
ENSG00000164929,BAALC,1226,1.69992,377,-1.6999
ENSG00000164830,OXR1,1566,2.93479,204,-2.9347
ENSG00000147642,SYBU,195,0.78098,113,-0.7809
ENSG00000147677,EIF3H,195,0.37850,150,-0.3785
ENSG00000164754,RAD21,195,0.14321,176,-0.1432
ENSG00000147676,MAL2,195,0.78110,113,-0.7811
ENSG00000147684,NDUFB9,195,-1.5475,571,1.54759
ENSG00000153310,FAM49B,195,0.29530,159,-0.2953
ENSG00000132294,EFR3A,195,0.49096,139,-0.4909
ENSG00000104419,NDRG1,195,-0.1060,210,0.10607
ENSG00000131773,KHDRBS3,195,0.43535,144,-0.4353
ENSG00000181790,ADGRB1,195,0.21039,168,-0.2103
ENSG00000180155,LYNX1,195,0.21228,168,-0.2122
ENSG00000160932,LY6E,195,-0.7316,324,0.73163
ENSG00000176956,LY6H,195,-1.5925,589,1.59250
ENSG00000104529,EEF1D,195,-0.2046,225,0.20469
ENSG00000179950,PUF60,195,0.51983,136,-0.5198
ENSG00000178209,PLEC,195,0.66256,123,-0.6625
ENSG00000178719,GRINA,195,-1.4551,535,1.45514
ENSG00000197858,GPAA1,195,0.67425,122,-0.6742
ENSG00000179091,CYC1,195,-0.2586,233,0.25861
ENSG00000261678,SCRT1,195,1.03281,95,-1.0328
ENSG00000160948,VPS28,195,0.01665,193,-0.0166
ENSG00000187954,CYHR1,195,0.55338,133,-0.5533
ENSG00000167702,KIFC2,195,0.53526,134,-0.5352
ENSG00000161016,RPL8,195,-2.3213,976,2.32132
ENSG00000080503,SMARCA2,195,0.54840,133,-0.5484
ENSG00000137038,DMAC1,195,0.56716,131,-0.5671
ENSG00000153707,PTPRD,195,0.45976,142,-0.4597
ENSG00000164985,PSIP1,195,0.15693,175,-0.1569
ENSG00000107295,SH3GL2,195,-0.5869,294,0.58692
ENSG00000155876,RRAGA,195,0.17970,172,-0.1797
ENSG00000137154,RPS6,1520,0.94138,791,-0.9413
ENSG00000155886,SLC24A2,195,-0.5523,286,0.55237
ENSG00000107105,ELAVL2,195,0.27898,161,-0.2789
ENSG00000165264,NDUFB6,195,-0.0699,205,0.06991
ENSG00000086061,DNAJA1,195,-0.5289,281,0.52898
ENSG00000107262,BAG1,195,0.28452,160,-0.2845
ENSG00000086065,CHMP5,195,0.37356,150,-0.3735
ENSG00000168913,ENHO,195,-1.1407,430,1.14072
ENSG00000137100,DCTN3,195,-0.2405,230,0.24055
ENSG00000187186,AL162231.1,195,0.79580,112,-0.7958
ENSG00000122733,PHF24,195,0.78434,113,-0.7843
ENSG00000165280,VCP,195,0.20404,169,-0.2040
ENSG00000165283,STOML2,195,0.75392,115,-0.7539
ENSG00000198853,RUSC2,195,0.81112,111,-0.8111
ENSG00000122705,CLTA,195,-0.5845,293,0.58453
ENSG00000175768,TOMM5,195,0.40843,147,-0.4084
ENSG00000119125,GDA,195,0.38468,149,-0.3846
ENSG00000107372,ZFAND5,195,-0.8923,362,0.89236
ENSG00000106772,PRUNE2,195,0.78189,113,-0.7818
ENSG00000156052,GNAQ,195,-0.0819,206,0.08199
ENSG00000135018,UBQLN1,195,0.23118,166,-0.2311
ENSG00000165119,HNRNPK,1549,1.77883,451,-1.7788
ENSG00000148053,NTRK2,195,-1.5085,555,1.50856
ENSG00000135070,ISCA1,195,0.54975,133,-0.5497
ENSG00000106723,SPIN1,195,0.38273,149,-0.3827
ENSG00000148082,SHC3,195,0.97446,99,-0.9744
ENSG00000165023,DIRAS2,195,-1.0268,398,1.02689
ENSG00000130956,HABP4,195,-0.3865,255,0.38659
ENSG00000136928,GABBR2,195,-0.4808,272,0.48081
ENSG00000106803,SEC61B,195,0.31414,157,-0.3141
ENSG00000165152,TMEM246,195,0.67866,122,-0.6786
ENSG00000119318,RAD23B,195,0.42994,145,-0.4299
ENSG00000260230,FRRS1L,195,0.37882,150,-0.3788
ENSG00000136810,TXN,1062,1.75886,313,-1.7588
ENSG00000173258,ZNF483,195,-0.4070,259,0.40703
ENSG00000136888,ATP6V1G1,195,0.25999,163,-0.2599
ENSG00000119396,RAB14,195,0.12910,178,-0.1291
ENSG00000148180,GSN,195,-0.6937,316,0.69376
ENSG00000119421,NDUFA8,195,-0.1872,222,0.18725
ENSG00000136930,PSMB7,1497,3.13306,170,-3.1330
ENSG00000136942,RPL35,195,-2.2240,912,2.22403
ENSG00000136950,ARPC5L,195,0.08675,184,-0.0867
ENSG00000044574,HSPA5,195,-0.0087,196,0.00874
ENSG00000197958,RPL12,1566,0.99742,784,-0.9974
ENSG00000136854,STXBP1,195,-1.8560,707,1.85609
ENSG00000106992,AK1,195,0.06641,186,-0.0664
ENSG00000160408,ST6GALNAC6,195,0.43260,144,-0.4326
ENSG00000148334,PTGES2,195,0.44694,143,-0.4469
ENSG00000171159,C9orf16,195,-1.6417,609,1.64177
ENSG00000106976,DNM1,195,-2.3091,968,2.30918
ENSG00000197694,SPTAN1,195,-1.5031,553,1.50310
ENSG00000119335,SET,195,-0.2903,238,0.29036
ENSG00000160445,ZER1,195,0.35369,152,-0.3536
ENSG00000148341,SH3GLB2,195,-0.0668,204,0.06683
ENSG00000119383,PTPA,195,0.00307,194,-0.0030
ENSG00000107130,NCS1,195,-1.9702,765,1.97020
ENSG00000130723,PRRC2B,195,0.40736,147,-0.4073
ENSG00000148303,RPL7A,3710,1.96868,947,-1.9686
ENSG00000148290,SURF1,195,0.61475,127,-0.6147
ENSG00000130558,OLFM1,1366,-0.1412,1506,0.14128
ENSG00000172889,EGFL7,195,0.48987,139,-0.4898
ENSG00000244187,TMEM141,195,0.50893,137,-0.5089
ENSG00000196642,RABL6,195,0.53103,135,-0.5310
ENSG00000054148,PHPT1,195,-0.3070,241,0.30708
ENSG00000107223,EDF1,2366,2.42597,440,-2.4259
ENSG00000159069,FBXW5,195,0.46753,141,-0.4675
ENSG00000107317,PTGDS,3250,0.67297,2038,-0.6729
ENSG00000107331,ABCA2,1566,2.34233,308,-2.3423
ENSG00000107281,NPDC1,195,-0.9316,372,0.93160
ENSG00000176978,DPP7,195,0.48002,140,-0.4800
ENSG00000176884,GRIN1,196,-1.5211,564,1.52117
ENSG00000176101,SSNA1,195,0.71437,119,-0.7143
ENSG00000212864,RNF208,195,0.49303,138,-0.4930
ENSG00000188229,TUBB4B,195,-0.9020,365,0.90205
ENSG00000165802,NSMF,195,-0.5847,293,0.58479
ENSG00000182154,MRPL41,195,-0.5380,283,0.53800
ENSG00000067064,IDI1,195,0.38483,149,-0.3848
ENSG00000067057,PFKP,1566,2.34454,308,-2.3445
ENSG00000057608,GDI2,195,0.21581,168,-0.2158
ENSG00000165629,ATP5F1C,1411,2.90509,188,-2.9050
ENSG00000048740,CELF2,195,0.04142,189,-0.0414
ENSG00000183049,CAMK1D,195,0.33011,155,-0.3301
ENSG00000123240,OPTN,195,-0.1429,215,0.14294
ENSG00000148468,FAM171A1,195,0.22211,167,-0.2221
ENSG00000026025,VIM,195,-0.0268,199,0.02681
ENSG00000150867,PIP4K2A,195,-0.2205,227,0.22057
ENSG00000107863,ARHGAP21,195,-0.0838,207,0.08388
ENSG00000099246,RAB18,195,0.51718,136,-0.5171
ENSG00000095787,WAC,195,0.61979,127,-0.6197
ENSG00000170759,KIF5B,195,0.50729,137,-0.5072
ENSG00000108100,CCNY,195,0.55729,132,-0.5572
ENSG00000197444,OGDHL,195,0.89889,104,-0.8988
ENSG00000122873,CISD1,195,0.33309,155,-0.3330
ENSG00000237949,LINC00844,2922,3.57913,244,-3.5791
ENSG00000165443,PHYHIPL,195,-0.0236,198,0.02363
ENSG00000151150,ANK3,195,0.58626,130,-0.5862
ENSG00000138311,ZNF365,195,0.27077,161,-0.2707
ENSG00000096746,HNRNPH3,195,0.68455,121,-0.6845
ENSG00000156515,HK1,195,-0.4703,270,0.47034
ENSG00000079332,SAR1A,195,0.77629,114,-0.7762
ENSG00000180817,PPA1,195,-0.4128,260,0.41288
ENSG00000197746,PSAP,5070,1.40642,1912,-1.4064
ENSG00000107742,SPOCK2,195,-0.3737,253,0.37375
ENSG00000138279,ANXA7,195,0.31976,156,-0.3197
ENSG00000107758,PPP3CB,195,-0.9811,385,0.98111
ENSG00000148660,CAMK2G,195,-0.2669,235,0.26690
ENSG00000165637,VDAC2,195,-0.1709,219,0.17093
ENSG00000156113,KCNMA1,195,0.57228,131,-0.5722
ENSG00000138326,RPS24,849,-0.6068,1294,0.60689
ENSG00000122359,ANXA11,195,0.81390,111,-0.8139
ENSG00000122378,PRXL2A,195,-0.4603,268,0.46039
ENSG00000165678,GHITM,195,-1.3155,486,1.31552
ENSG00000173267,SNCG,195,-0.9214,370,0.92146
ENSG00000148672,GLUD1,195,-0.6398,304,0.63987
ENSG00000077147,TM9SF3,195,0.77842,113,-0.7784
ENSG00000187122,SLIT1,195,0.46900,141,-0.4690
ENSG00000171314,PGAM1,195,-1.7689,665,1.76895
ENSG00000155265,GOLGA7B,195,0.54186,134,-0.5418
ENSG00000120053,GOT1,195,-0.9350,373,0.93505
ENSG00000099194,SCD,195,-2.2480,928,2.24803
ENSG00000166136,NDUFB8,649,0.03625,633,-0.0362
ENSG00000198408,OGA,195,0.01968,192,-0.0196
ENSG00000059915,PSD,195,-0.8431,350,0.84312
ENSG00000107872,FBXL15,195,0.57057,131,-0.5705
ENSG00000107874,CUEDC2,195,0.37752,150,-0.3775
ENSG00000138107,ACTR1A,1560,3.43128,144,-3.4312
ENSG00000138175,ARL3,195,0.80307,111,-0.8030
ENSG00000148798,INA,195,-0.3554,249,0.35544
ENSG00000173915,ATP5MD,195,-2.1688,878,2.16884
ENSG00000107954,NEURL1,195,0.92361,103,-0.9236
ENSG00000148834,GSTO1,195,0.02992,191,-0.0299
ENSG00000148700,ADD3,2939,4.44816,134,-4.4481
ENSG00000108061,SHOC2,195,0.55937,132,-0.5593
ENSG00000107518,ATRNL1,195,0.43276,144,-0.4327
ENSG00000165868,HSPA12A,195,0.11903,179,-0.1190
ENSG00000187164,SHTN1,195,0.26886,162,-0.2688
ENSG00000165672,PRDX3,195,0.42022,146,-0.4202
ENSG00000198825,INPP5F,195,-0.5795,292,0.57959
ENSG00000166033,HTRA1,2913,2.87987,395,-2.8798
ENSG00000065154,OAT,195,-0.3008,240,0.30083
ENSG00000107902,LHPP,195,0.07748,185,-0.0774
ENSG00000188690,UROS,195,0.06065,187,-0.0606
ENSG00000176171,BNIP3,195,-0.4638,269,0.46380
ENSG00000171798,KNDC1,195,0.80974,111,-0.8097
ENSG00000130643,CALY,195,-1.2231,456,1.22319
ENSG00000127884,ECHS1,195,0.19965,170,-0.1996
ENSG00000142089,IFITM3,195,0.08329,184,-0.0832
ENSG00000182272,B4GALNT4,195,0.59196,129,-0.5919
ENSG00000174775,HRAS,195,0.27990,160,-0.2799
ENSG00000177030,DEAF1,195,0.57437,131,-0.5743
ENSG00000177156,TALDO1,195,0.48281,139,-0.4828
ENSG00000184524,CEND1,1482,1.94241,385,-1.9424
ENSG00000177542,SLC25A22,195,0.00137,195,-0.0013
ENSG00000177600,RPLP2,3324,1.49795,1176,-1.4979
ENSG00000177700,POLR2L,195,-0.7721,333,0.77217
ENSG00000183020,AP2A2,195,0.17175,173,-0.1717
ENSG00000078902,TOLLIP,195,-1.1506,433,1.15062
ENSG00000174672,BRSK2,195,0.78596,113,-0.7859
ENSG00000117984,CTSD,195,-1.3723,505,1.37230
ENSG00000110651,CD81,224,-1.3370,565,1.33703
ENSG00000205531,NAP1L4,2939,4.27782,151,-4.2778
ENSG00000166313,APBB1,195,-1.7859,673,1.78594
ENSG00000166337,TAF10,195,0.15084,176,-0.1508
ENSG00000166441,RPL27A,195,-1.3330,492,1.33305
ENSG00000184014,DENND5A,195,0.46823,141,-0.4682
ENSG00000255823,MTRNR2L8,4312,-0.5706,6404,0.57069
ENSG00000110321,EIF4G2,1552,2.00529,386,-2.0052
ENSG00000050165,DKK3,949,0.05652,913,-0.0565
ENSG00000133816,MICAL2,195,0.82284,110,-0.8228
ENSG00000129084,PSMA1,195,0.31223,157,-0.3122
ENSG00000110696,C11orf58,195,0.27238,161,-0.2723
ENSG00000110700,RPS13,195,-2.3455,993,2.34553
ENSG00000134333,LDHA,195,-0.9858,386,0.98582
ENSG00000110786,PTPN5,195,0.62063,127,-0.6206
ENSG00000110427,KIAA1549L,195,0.18663,171,-0.1866
ENSG00000085063,CD59,195,-0.2367,230,0.23674
ENSG00000135387,CAPRIN1,195,0.72861,117,-0.7286
ENSG00000110436,SLC1A2,195,-2.0617,815,2.06170
ENSG00000166326,TRIM44,195,0.32310,156,-0.3231
ENSG00000019505,SYT13,195,0.02856,191,-0.0285
ENSG00000175264,CHST1,195,0.24763,164,-0.2476
ENSG00000121653,MAPK8IP1,195,-0.4540,267,0.45407
ENSG00000149091,DGKZ,1566,1.87138,428,-1.8713
ENSG00000149179,C11orf49,195,0.64957,124,-0.6495
ENSG00000110514,MADD,1528,3.02645,187,-3.0264
ENSG00000165916,PSMC3,195,0.03934,190,-0.0393
ENSG00000213619,NDUFS3,195,0.29652,159,-0.2965
ENSG00000172247,C1QTNF4,195,-0.6478,306,0.64789
ENSG00000213593,TMX2,195,0.75001,116,-0.7500
ENSG00000211450,SELENOH,195,-0.9270,371,0.92703
ENSG00000110107,PRPF19,195,-0.1775,220,0.17756
ENSG00000006118,TMEM132A,1566,2.97315,199,-2.9731
ENSG00000167986,DDB1,195,0.10194,182,-0.1019
ENSG00000011347,SYT7,195,0.04990,188,-0.0499
ENSG00000134825,TMEM258,195,-0.2167,227,0.21670
ENSG00000167996,FTH1,11939,0.85208,6614,-0.8520
ENSG00000254772,EEF1G,195,-1.0299,399,1.02997
ENSG00000168000,BSCL2,195,-1.7110,639,1.71107
ENSG00000162188,GNG3,195,-1.5142,558,1.51421
ENSG00000214753,HNRNPUL2,817,2.56294,138,-2.5629
ENSG00000168539,CHRM1,195,0.50330,137,-0.5033
ENSG00000176485,PLAAT3,1564,2.90176,209,-2.9017
ENSG00000133318,RTN3,195,-3.4512,2137,3.45127
ENSG00000176340,COX8A,195,-1.5004,552,1.50040
ENSG00000167770,OTUB1,195,-0.1733,220,0.17333
ENSG00000173511,VEGFB,195,0.33642,154,-0.3364
ENSG00000002330,BAD,195,-0.1062,210,0.10628
ENSG00000173113,TRMT112,195,-0.0523,202,0.05237
ENSG00000126432,PRDX5,195,-1.5204,560,1.52045
ENSG00000110076,NRXN2,195,0.18724,171,-0.1872
ENSG00000168066,SF1,195,0.37252,150,-0.3725
ENSG00000213465,ARL2,195,-0.3507,249,0.35076
ENSG00000149823,VPS51,195,0.43169,144,-0.4316
ENSG00000149806,FAU,1670,0.43568,1235,-0.4356
ENSG00000251562,MALAT1,195,-2.6900,1261,2.69004
ENSG00000172757,CFL1,1566,0.34615,1232,-0.3461
ENSG00000172500,FIBP,195,0.58204,130,-0.5820
ENSG00000175602,CCDC85B,195,-1.8244,692,1.82443
ENSG00000175550,DRAP1,195,-0.0792,206,0.07923
ENSG00000175334,BANF1,1522,3.19575,166,-3.1957
ENSG00000087365,SF3B2,195,0.60970,128,-0.6097
ENSG00000174996,KLC2,195,-0.1907,223,0.19079
ENSG00000174903,RAB1B,195,0.52845,135,-0.5284
ENSG00000174871,CNIH2,195,0.10498,181,-0.1049
ENSG00000179292,TMEM151A,195,0.45078,142,-0.4507
ENSG00000174684,B4GAT1,195,-1.3247,489,1.32473
ENSG00000174080,CTSF,195,-0.2328,229,0.23281
ENSG00000173898,SPTBN2,195,0.34171,154,-0.3417
ENSG00000173020,GRK2,195,0.09490,182,-0.0949
ENSG00000172531,PPP1CA,195,0.49374,138,-0.4937
ENSG00000084207,GSTP1,195,-0.7224,322,0.72248
ENSG00000167792,NDUFV1,195,-0.4220,261,0.42208
ENSG00000110717,NDUFS8,195,-0.4847,273,0.48476
ENSG00000085733,CTTN,195,0.26278,162,-0.2627
ENSG00000149357,LAMTOR1,195,-0.4237,262,0.42371
ENSG00000186642,PDE2A,195,0.02486,192,-0.0248
ENSG00000054965,FAM168A,195,0.60714,128,-0.6071
ENSG00000021300,PLEKHB1,195,-1.2333,460,1.23335
ENSG00000175582,RAB6A,195,-0.7065,318,0.70652
ENSG00000214517,PPME1,195,0.73722,117,-0.7372
ENSG00000165434,PGM2L1,195,0.07341,185,-0.0734
ENSG00000118363,SPCS2,1566,3.16100,175,-3.1610
ENSG00000137486,ARRB1,195,0.79729,112,-0.7972
ENSG00000149273,RPS3,195,-1.5506,572,1.55060
ENSG00000149269,PAK1,195,-0.4104,259,0.41043
ENSG00000151366,NDUFC2,195,-1.1011,419,1.10114
ENSG00000150672,DLG2,195,0.86524,107,-0.8652
ENSG00000073921,PICALM,1566,3.52637,135,-3.5263
ENSG00000149212,SESN3,195,0.39434,148,-0.3943
ENSG00000149313,AASDHPPT,195,0.45955,142,-0.4595
ENSG00000110675,ELMOD1,195,0.20237,169,-0.2023
ENSG00000185742,C11orf87,195,0.45921,142,-0.4592
ENSG00000109846,CRYAB,195,-2.6171,1198,2.61716
ENSG00000149294,NCAM1,195,-0.9296,372,0.92969
ENSG00000168092,PAFAH1B2,195,-0.2673,235,0.26733
ENSG00000137726,FXYD6,1842,1.28271,757,-1.2827
ENSG00000149575,SCN2B,195,0.39099,149,-0.3909
ENSG00000167283,ATP5MG,195,-1.5307,564,1.53070
ENSG00000110367,DDX6,195,-0.0509,202,0.05095
ENSG00000118181,RPS25,195,-2.2424,925,2.24240
ENSG00000149428,HYOU1,195,0.40976,147,-0.4097
ENSG00000154096,THY1,195,-2.6346,1213,2.63460
ENSG00000109929,SC5D,195,0.73265,117,-0.7326
ENSG00000137642,SORL1,195,-0.3538,249,0.35383
ENSG00000109971,HSPA8,195,-2.7926,1353,2.79265
ENSG00000166257,SCN3B,195,-0.6134,298,0.61346
ENSG00000154146,NRGN,195,-3.9025,2922,3.90250
ENSG00000165478,HEPACAM,926,2.35665,180,-2.3566
ENSG00000149557,FEZ1,195,-0.9905,388,0.99050
ENSG00000084234,APLP2,195,-1.3834,509,1.38344
ENSG00000182667,NTM,1555,2.99964,194,-2.9996
ENSG00000183715,OPCML,195,0.52888,135,-0.5288
ENSG00000109956,B3GAT1,207,-0.2677,249,0.26770
ENSG00000060237,WNK1,195,0.19216,171,-0.1921
ENSG00000004478,FKBP4,195,0.77090,114,-0.7709
ENSG00000118971,CCND2,195,-0.2565,233,0.25659
ENSG00000130035,GALNT8,195,0.63712,125,-0.6371
ENSG00000139190,VAMP1,195,1.04854,94,-1.0485
ENSG00000111639,MRPL51,1026,2.23456,218,-2.2345
ENSG00000111640,GAPDH,2467,-0.8186,4352,0.81864
ENSG00000139200,PIANP,195,0.62479,126,-0.6247
ENSG00000111652,COPS7A,195,0.60398,128,-0.6039
ENSG00000089693,MLF2,195,-1.1208,424,1.12083
ENSG00000159335,PTMS,195,-0.7722,333,0.77226
ENSG00000250510,GPR162,195,0.18083,172,-0.1808
ENSG00000111667,USP5,1540,3.46137,139,-3.4613
ENSG00000111669,TPI1,195,-2.2993,961,2.29934
ENSG00000111674,ENO2,195,-2.2196,910,2.21967
ENSG00000111678,C12orf57,195,-1.0579,406,1.05793
ENSG00000215021,PHB2,195,0.84257,108,-0.8425
ENSG00000139182,CLSTN3,195,-0.2568,233,0.25681
ENSG00000059804,SLC2A3,195,0.78134,113,-0.7813
ENSG00000089818,NECAP1,195,0.56889,131,-0.5688
ENSG00000139112,GABARAPL1,1455,1.82013,412,-1.8201
ENSG00000023734,STRAP,195,-0.2404,230,0.24049
ENSG00000048540,LMO3,195,-0.6339,303,0.63393
ENSG00000111716,LDHB,195,-1.7529,658,1.75295
ENSG00000111726,CMAS,195,0.77280,114,-0.7728
ENSG00000111790,FGFR1OP2,195,0.41715,146,-0.4171
ENSG00000087470,DNM1L,195,0.68666,121,-0.6866
ENSG00000139116,KIF21A,195,-0.2642,234,0.26429
ENSG00000018236,CNTN1,195,-0.7106,319,0.71069
ENSG00000184613,NELL2,195,-0.7463,327,0.74630
ENSG00000111371,SLC38A1,195,0.47226,140,-0.4722
ENSG00000134294,SLC38A2,195,0.35134,153,-0.3513
ENSG00000211584,SLC48A1,195,0.07822,185,-0.0782
ENSG00000152556,PFKM,195,-0.0756,205,0.07561
ENSG00000134287,ARF3,195,-1.3263,490,1.32630
ENSG00000181418,DDN,195,-0.2113,226,0.21136
ENSG00000123416,TUBA1B,195,-3.8345,2787,3.83453
ENSG00000167552,TUBA1A,1566,0.26221,1306,-0.2622
ENSG00000139644,TMBIM6,195,-0.7987,339,0.79873
ENSG00000135472,FAIM2,195,-1.4512,534,1.45127
ENSG00000178449,COX14,195,-0.0575,203,0.05752
ENSG00000183283,DAZAP2,195,-0.0779,206,0.07795
ENSG00000196876,SCN8A,195,0.55961,132,-0.5596
ENSG00000161835,GRASP,195,0.65855,123,-0.6585
ENSG00000063046,EIF4B,195,0.10717,181,-0.1071
ENSG00000167778,SPRYD3,195,-0.5673,289,0.56737
ENSG00000123349,PFDN5,2210,1.52751,766,-1.5275
ENSG00000197111,PCBP2,195,-1.6527,614,1.65276
ENSG00000139625,MAP3K12,195,0.56671,131,-0.5667
ENSG00000135390,ATP5MC2,195,-0.6803,313,0.68034
ENSG00000094916,CBX5,195,0.76594,114,-0.7659
ENSG00000135486,HNRNPA1,195,-1.3151,486,1.31516
ENSG00000135426,TESPA1,195,0.37469,150,-0.3746
ENSG00000135441,BLOC1S1,195,-0.6240,301,0.62403
ENSG00000135404,CD63,195,-1.1650,438,1.16500
ENSG00000111540,RAB5B,195,-0.0529,202,0.05293
ENSG00000197728,RPS26,195,-1.4472,532,1.44729
ENSG00000229117,RPL41,198,-4.0505,3285,4.05056
ENSG00000196465,MYL6B,195,-0.4392,264,0.43929
ENSG00000092841,MYL6,195,-1.4598,537,1.45984
ENSG00000062485,CS,195,1.04065,94,-1.0406
ENSG00000257727,CNPY2,195,0.54876,133,-0.5487
ENSG00000110955,ATP5F1B,1566,0.74929,931,-0.7492
ENSG00000110958,PTGES3,195,-0.5984,295,0.59849
ENSG00000196531,NACA,2926,1.88448,792,-1.8844
ENSG00000123384,LRP1,195,-0.0335,199,0.03351
ENSG00000175203,DCTN2,195,-0.0568,203,0.05689
ENSG00000155980,KIF5A,195,-1.4507,534,1.45077
ENSG00000178498,DTX3,195,0.74296,116,-0.7429
ENSG00000135454,B4GALNT1,195,0.60663,128,-0.6066
ENSG00000135439,AGAP2,195,0.31561,157,-0.3156
ENSG00000111530,CAND1,195,0.67846,122,-0.6784
ENSG00000135643,KCNMB4,195,0.28367,160,-0.2836
ENSG00000253719,ATXN7L3B,195,0.11730,180,-0.1173
ENSG00000166006,KCNC2,195,0.36685,151,-0.3668
ENSG00000187109,NAP1L1,639,0.86564,350,-0.8656
ENSG00000067715,SYT1,195,-2.8537,1412,2.85378
ENSG00000139220,PPFIA2,195,0.42886,145,-0.4288
ENSG00000070961,ATP2B1,195,-0.8946,363,0.89464
ENSG00000173598,NUDT4,195,-0.5513,286,0.55131
ENSG00000177889,UBE2N,1525,3.04320,185,-3.0432
ENSG00000184752,NDUFA12,195,-0.4105,259,0.41057
ENSG00000075415,SLC25A3,195,-1.1230,425,1.12303
ENSG00000185046,ANKS1B,195,0.19771,170,-0.1977
ENSG00000166598,HSP90B1,195,-0.5208,280,0.52080
ENSG00000074590,NUAK1,195,-0.3300,245,0.33009
ENSG00000136003,ISCU,195,-0.4660,269,0.46609
ENSG00000166111,SVOP,195,0.29910,158,-0.2991
ENSG00000174456,C12orf76,195,0.50835,137,-0.5083
ENSG00000174437,ATP2A2,195,-1.1007,419,1.10076
ENSG00000111229,ARPC3,195,-0.1002,209,0.10020
ENSG00000111237,VPS29,195,0.80521,111,-0.8052
ENSG00000111275,ALDH2,195,-0.0983,209,0.09834
ENSG00000089248,ERP29,195,0.56657,131,-0.5665
ENSG00000089009,RPL6,526,-0.8016,918,0.80166
ENSG00000179295,PTPN11,195,0.37490,150,-0.3749
ENSG00000089169,RPH3A,195,-0.1424,215,0.14244
ENSG00000176871,WSB2,1566,2.27700,323,-2.2770
ENSG00000089220,PEBP1,195,-3.1584,1744,3.15840
ENSG00000152137,HSPB8,1563,3.68572,121,-3.6857
ENSG00000089157,RPLP0,2263,2.40864,426,-2.4086
ENSG00000111775,COX6A1,1478,0.05137,1426,-0.0513
ENSG00000111786,SRSF9,195,0.81371,111,-0.8137
ENSG00000088986,DYNLL1,1519,0.08609,1431,-0.0860
ENSG00000157782,CABP1,195,-1.4974,551,1.49745
ENSG00000157837,SPPL3,195,0.54100,134,-0.5410
ENSG00000110931,CAMKK2,195,-0.0597,203,0.05972
ENSG00000182196,ARL6IP4,195,-0.6800,313,0.68006
ENSG00000111328,CDK2AP1,195,-0.1771,220,0.17715
ENSG00000086598,TMED2,195,0.62108,127,-0.6210
ENSG00000119242,CCDC92,195,-0.1627,218,0.16272
ENSG00000150991,UBC,2921,1.00132,1459,-1.0013
ENSG00000132341,RAN,195,-0.9406,375,0.94063
ENSG00000182870,GALNT9,195,0.71385,119,-0.7138
ENSG00000150459,SAP18,195,-0.1577,217,0.15776
ENSG00000173141,MRPL57,195,0.56242,132,-0.5624
ENSG00000165566,AMER2,1537,3.33555,152,-3.3355
ENSG00000132970,WASF3,195,0.35649,152,-0.3564
ENSG00000122026,RPL21,2578,0.92926,1353,-0.9292
ENSG00000122034,GTF3A,195,0.89755,104,-0.8975
ENSG00000132963,POMP,195,-0.3341,246,0.33412
ENSG00000122042,UBL3,195,0.39285,148,-0.3928
ENSG00000189403,HMGB1,1567,1.81764,444,-1.8176
ENSG00000120694,HSPH1,195,-0.3234,244,0.32342
ENSG00000133083,DCLK1,195,-0.8132,343,0.81329
ENSG00000023516,AKAP11,195,0.19677,170,-0.1967
ENSG00000151778,SERP2,195,0.03760,190,-0.0376
ENSG00000102804,TSC22D1,195,-2.0122,788,2.01221
ENSG00000133112,TPT1,1725,0.38346,1322,-0.3834
ENSG00000136143,SUCLA2,195,0.53343,135,-0.5334
ENSG00000136156,ITM2B,1216,-0.3391,1538,0.33912
ENSG00000136099,PCDH8,195,0.89098,105,-0.8909
ENSG00000184226,PCDH9,195,-0.1740,220,0.17406
ENSG00000188243,COMMD6,195,-0.2327,229,0.23278
ENSG00000005810,MYCBP2,195,0.60068,128,-0.6006
ENSG00000102471,NDFIP2,195,-0.0534,202,0.05343
ENSG00000139793,MBNL2,2843,3.95366,183,-3.9536
ENSG00000125249,RAP2A,195,0.48180,139,-0.4818
ENSG00000065150,IPO5,195,0.55206,133,-0.5520
ENSG00000134884,ARGLU1,195,0.29673,159,-0.2967
ENSG00000185950,IRS2,195,0.74110,116,-0.7411
ENSG00000102606,ARHGEF7,195,0.44544,143,-0.4454
ENSG00000126217,MCF2L,195,0.57850,130,-0.5785
ENSG00000185896,LAMP1,1562,2.83450,219,-2.8345
ENSG00000129538,RNASE1,1566,2.39018,298,-2.3901
ENSG00000165795,NDRG2,2909,1.84050,812,-1.8405
ENSG00000092199,HNRNPC,195,-0.2573,233,0.25739
ENSG00000129562,DAD1,195,0.12516,179,-0.1251
ENSG00000172590,MRPL52,195,0.44501,143,-0.4450
ENSG00000100804,PSMB5,195,-0.2070,225,0.20704
ENSG00000129473,BCL2L2,195,0.55512,132,-0.5551
ENSG00000100836,PABPN1,195,0.41846,146,-0.4184
ENSG00000092096,SLC22A17,195,-2.1585,874,2.15854
ENSG00000092051,JPH4,195,0.44214,143,-0.4421
ENSG00000129559,NEDD8,195,-1.1850,444,1.18506
ENSG00000139910,NOVA1,195,0.43348,144,-0.4334
ENSG00000100852,ARHGAP5,195,0.68557,121,-0.6855
ENSG00000151320,AKAP6,195,0.85155,108,-0.8515
ENSG00000100902,PSMA6,195,0.45889,142,-0.4588
ENSG00000100442,FKBP3,1402,3.09700,163,-3.0970
ENSG00000213741,RPS29,195,-2.5321,1132,2.53210
ENSG00000165502,RPL36AL,195,-1.1262,426,1.12623
ENSG00000165516,KLHDC2,195,0.50672,137,-0.5067
ENSG00000282885,AL627171.2,195,0.89756,104,-0.8975
ENSG00000198513,ATL1,195,-0.2520,232,0.25203
ENSG00000186469,GNG2,195,0.44242,143,-0.4424
ENSG00000100519,PSMC6,195,0.56052,132,-0.5605
ENSG00000197045,GMFB,1567,3.32011,156,-3.3201
ENSG00000131966,ACTR10,1566,3.49636,138,-3.4963
ENSG00000139970,RTN1,195,-2.9693,1530,2.96939
ENSG00000100614,PPM1A,195,0.44380,143,-0.4438
ENSG00000100554,ATP6V1D,195,-0.4977,275,0.49770
ENSG00000100568,VTI1B,1566,3.23989,165,-3.2398
ENSG00000072042,RDH11,1300,3.28333,133,-3.2833
ENSG00000100632,ERH,195,0.41720,146,-0.4172
ENSG00000100650,SRSF5,195,0.32413,156,-0.3241
ENSG00000133983,COX16,195,0.22862,166,-0.2286
ENSG00000176903,PNMA1,195,-0.0722,205,0.07227
ENSG00000170348,TMED10,195,0.24382,165,-0.2438
ENSG00000119705,SLIRP,237,-0.3627,306,0.36275
ENSG00000021645,NRXN3,195,0.31699,156,-0.3169
ENSG00000100764,PSMC1,195,0.29754,158,-0.2975
ENSG00000198668,CALM1,256,-3.6588,3238,3.65885
ENSG00000183648,NDUFB1,195,-1.8441,701,1.84417
ENSG00000100604,CHGA,195,-1.2139,453,1.21394
ENSG00000100605,ITPK1,195,-0.2318,229,0.23184
ENSG00000165943,MOAP1,195,-1.1574,435,1.15744
ENSG00000089737,DDX24,195,-0.4987,276,0.49870
ENSG00000119632,IFI27L2,195,0.12057,179,-0.1205
ENSG00000182512,GLRX5,195,0.76616,114,-0.7661
ENSG00000227051,C14orf132,195,0.88443,105,-0.8844
ENSG00000036530,CYP46A1,1566,3.29993,159,-3.2999
ENSG00000196405,EVL,195,-0.6690,310,0.66905
ENSG00000214548,MEG3,195,-1.1563,435,1.15635
ENSG00000078304,PPP2R5C,195,0.32681,155,-0.3268
ENSG00000197102,DYNC1H1,195,-0.8712,357,0.87122
ENSG00000080824,HSP90AA1,1566,-0.2139,1817,0.21390
ENSG00000156381,ANKRD9,195,0.89581,105,-0.8958
ENSG00000100664,EIF5,195,-0.3380,247,0.33808
ENSG00000166165,CKB,195,-3.7060,2550,3.70603
ENSG00000126214,KLC1,195,-1.9119,735,1.91193
ENSG00000156411,ATP5MPL,195,-1.7784,670,1.77842
ENSG00000203485,INF2,195,0.43782,144,-0.4378
ENSG00000099814,CEP170B,195,0.79897,112,-0.7989
ENSG00000179364,PACS2,2064,3.87174,141,-3.8717
ENSG00000182809,CRIP2,1343,2.15959,300,-2.1595
ENSG00000182636,NDN,195,0.19489,170,-0.1948
ENSG00000128739,SNRPN,195,-2.5784,1167,2.57840
ENSG00000224078,SNHG14,195,-1.0604,407,1.06043
ENSG00000166206,GABRB3,195,0.30595,158,-0.3059
ENSG00000186297,GABRA5,195,0.83041,109,-0.8304
ENSG00000034053,APBA2,1566,2.70463,240,-2.7046
ENSG00000166922,SCG5,195,-1.6515,613,1.65151
ENSG00000128463,EMC4,195,-0.2089,225,0.20898
ENSG00000176454,LPCAT4,195,0.96638,100,-0.9663
ENSG00000140319,SRP14,195,-1.7315,648,1.73152
ENSG00000187446,CHP1,195,0.91358,103,-0.9135
ENSG00000247556,OIP5-AS1,195,-0.3375,246,0.33757
ENSG00000137825,ITPKA,195,0.37739,150,-0.3773
ENSG00000092445,TYRO3,195,0.39201,148,-0.3920
ENSG00000166963,MAP1A,195,-1.4386,529,1.43863
ENSG00000167004,PDIA3,195,0.71397,119,-0.7139
ENSG00000140264,SERF2,1866,1.16433,832,-1.1643
ENSG00000166710,B2M,243,-0.8423,436,0.84232
ENSG00000171766,GATM,195,0.45175,142,-0.4517
ENSG00000255302,EID1,195,-0.6599,308,0.65994
ENSG00000104112,SCG3,1526,2.26917,316,-2.2691
ENSG00000128872,TMOD2,195,-0.3821,254,0.38217
ENSG00000197535,MYO5A,195,-0.0515,202,0.05151
ENSG00000128989,ARPP19,195,-2.2489,928,2.24892
ENSG00000137876,RSL24D1,195,0.75521,115,-0.7552
ENSG00000171914,TLN2,195,0.58690,130,-0.5869
ENSG00000140416,TPM1,195,0.62171,126,-0.6217
ENSG00000103657,HERC1,2941,4.51260,128,-4.5126
ENSG00000166794,PPIB,195,0.51943,136,-0.5194
ENSG00000180304,OAZ2,1525,3.16805,169,-3.1680
ENSG00000074696,HACD3,195,0.49655,138,-0.4965
ENSG00000103769,RAB11A,195,-0.0324,199,0.03242
ENSG00000169032,MAP2K1,195,-0.5004,276,0.50040
ENSG00000174444,RPL4,195,-2.3136,971,2.31367
ENSG00000169018,FEM1B,195,0.59997,128,-0.5999
ENSG00000103647,CORO2B,195,0.16443,174,-0.1644
ENSG00000137818,RPLP1,2054,-0.0159,2077,0.01599
ENSG00000166173,LARP6,195,0.44502,143,-0.4450
ENSG00000067225,PKM,2815,1.50136,994,-1.5013
ENSG00000156642,NPTN,195,-1.5839,585,1.58392
ENSG00000178741,COX5A,195,-1.1504,433,1.15049
ENSG00000198794,SCAMP5,195,-1.0245,397,1.02452
ENSG00000117906,RCN2,195,0.12071,179,-0.1207
ENSG00000140391,TSPAN3,195,-0.9890,387,0.98905
ENSG00000169783,LINGO1,195,-0.5521,286,0.55212
ENSG00000166411,IDH3A,195,0.51065,137,-0.5106
ENSG00000140403,DNAJA4,195,0.63730,125,-0.6373
ENSG00000041357,PSMA4,195,0.66181,123,-0.6618
ENSG00000185787,MORF4L1,195,-2.3437,991,2.34377
ENSG00000058335,RASGRF1,195,0.57604,131,-0.5760
ENSG00000172379,ARNT2,195,-0.1305,213,0.13052
ENSG00000182774,RPS17,195,-1.6343,606,1.63433
ENSG00000166503,HDGFL3,195,0.16159,174,-0.1615
ENSG00000140600,SH3GL3,195,0.56840,131,-0.5684
ENSG00000182768,NGRN,195,-1.6719,622,1.67190
ENSG00000185518,SV2B,195,-0.7473,328,0.74731
ENSG00000272888,LINC01578,1562,3.24130,165,-3.2413
ENSG00000184277,TM2D3,1541,3.41376,144,-3.4137
ENSG00000161981,SNRNP25,195,0.61849,127,-0.6184
ENSG00000242173,ARHGDIG,195,-1.1772,441,1.17726
ENSG00000086504,MRPL28,195,0.73709,117,-0.7370
ENSG00000130731,METTL26,195,-0.0965,208,0.09655
ENSG00000103266,STUB1,195,-0.5505,286,0.55050
ENSG00000127585,FBXL16,1566,1.30415,634,-1.3041
ENSG00000103260,METRN,2939,2.67065,461,-2.6706
ENSG00000103254,ANTKMT,195,0.45238,142,-0.4523
ENSG00000007516,BAIAP3,195,0.44230,143,-0.4423
ENSG00000090581,GNPTG,195,0.45995,142,-0.4599
ENSG00000138834,MAPK8IP3,195,-0.3717,252,0.37173
ENSG00000103024,NME3,537,1.68385,167,-1.6838
ENSG00000074071,MRPS34,195,0.56034,132,-0.5603
ENSG00000063854,HAGH,195,0.04771,189,-0.0477
ENSG00000140990,NDUFB10,195,-0.6169,299,0.61699
ENSG00000140988,RPS2,2235,1.65773,708,-1.6577
ENSG00000127561,SYNGR3,195,-0.5061,277,0.50610
ENSG00000008710,PKD1,195,0.69058,121,-0.6905
ENSG00000167971,CASKIN1,195,0.60401,128,-0.6040
ENSG00000167965,MLST8,195,0.76041,115,-0.7604
ENSG00000184207,PGP,195,0.28336,160,-0.2833
ENSG00000205937,RNPS1,1563,2.50278,275,-2.5027
ENSG00000167972,ABCA3,2676,4.13145,152,-4.1314
ENSG00000185883,ATP6V0C,195,-2.6591,1234,2.65912
ENSG00000140992,PDPK1,195,0.55231,133,-0.5523
ENSG00000167978,SRRM2,195,0.20005,170,-0.2000
ENSG00000103363,ELOB,195,-2.2181,909,2.21811
ENSG00000103145,HCFC1R1,195,-0.3744,253,0.37449
ENSG00000126602,TRAP1,195,0.84407,108,-0.8440
ENSG00000103415,HMOX2,195,0.54516,133,-0.5451
ENSG00000089486,CDIP1,195,-0.4956,275,0.49568
ENSG00000067836,ROGDI,195,0.11350,180,-0.1135
ENSG00000078328,RBFOX1,195,-0.3323,246,0.33239
ENSG00000183044,ABAT,195,0.63313,125,-0.6331
ENSG00000183454,GRIN2A,195,0.40166,147,-0.4016
ENSG00000182108,DEXI,195,0.83372,109,-0.8337
ENSG00000184602,SNN,195,-0.6154,299,0.61545
ENSG00000186260,MRTFB,195,0.04995,188,-0.0499
ENSG00000166780,BMERB1,195,-0.8616,355,0.86165
ENSG00000134419,RPS15A,200,-1.9211,760,1.92116
ENSG00000170540,ARL6IP1,195,-1.6489,612,1.64891
ENSG00000167191,GPRC5B,1504,2.05769,361,-2.0576
ENSG00000103316,CRYM,195,-0.1106,210,0.11064
ENSG00000197006,METTL9,195,0.71030,119,-0.7103
ENSG00000140740,UQCRC2,195,-0.2361,230,0.23615
ENSG00000004779,NDUFAB1,382,0.33139,303,-0.3313
ENSG00000166501,PRKCB,195,-1.3856,510,1.38561
ENSG00000006116,CACNG3,195,0.35536,152,-0.3553
ENSG00000178952,TUFM,195,0.13015,178,-0.1301
ENSG00000103495,MAZ,195,0.51401,136,-0.5140
ENSG00000167371,PRRT2,195,-0.1715,220,0.17158
ENSG00000103502,CDIPT,195,0.56923,131,-0.5692
ENSG00000174938,SEZ6L2,195,-1.2254,456,1.22547
ENSG00000174939,ASPHD1,195,0.54682,133,-0.5468
ENSG00000149932,TMEM219,195,-0.1779,221,0.17790
ENSG00000149927,DOC2A,195,-0.0040,195,0.00401
ENSG00000149925,ALDOA,195,-0.2600,234,0.26005
ENSG00000090238,YPEL3,195,-1.2680,470,1.26805
ENSG00000102882,MAPK3,195,-0.0401,200,0.04012
ENSG00000099365,STX1B,195,-0.5973,295,0.59730
ENSG00000089280,FUS,195,-0.1562,217,0.15623
ENSG00000069329,VPS35,195,-0.6622,309,0.66221
ENSG00000069345,DNAJA2,195,0.34338,154,-0.3433
ENSG00000129636,ITFG1,195,-0.2816,237,0.28164
ENSG00000087258,GNAO1,195,-1.0289,398,1.02890
ENSG00000159461,AMFR,195,0.16656,174,-0.1665
ENSG00000167005,NUDT21,195,0.66894,122,-0.6689
ENSG00000087250,MT3,4374,-0.1893,4988,0.18936
ENSG00000125148,MT2A,1566,1.50918,550,-1.5091
ENSG00000169715,MT1E,195,-0.5765,291,0.57658
ENSG00000205364,MT1M,195,0.06817,186,-0.0681
ENSG00000198417,MT1F,195,0.64309,125,-0.6430
ENSG00000125144,MT1G,195,-0.0095,196,0.00953
ENSG00000187193,MT1X,195,-0.3109,242,0.31096
ENSG00000006210,CX3CL1,195,0.28730,160,-0.2873
ENSG00000205336,ADGRG1,195,0.80147,112,-0.8014
ENSG00000103034,NDRG4,195,-1.8404,699,1.84049
ENSG00000125166,GOT2,195,0.47381,140,-0.4738
ENSG00000135720,DYNC1LI2,195,-0.0084,196,0.00846
ENSG00000166595,CIAO2B,195,-0.0219,198,0.02194
ENSG00000159720,ATP6V0D1,195,-0.8555,353,0.85559
ENSG00000205220,PSMB10,195,0.78363,113,-0.7836
ENSG00000132612,VPS4A,195,0.07344,185,-0.0734
ENSG00000223496,EXOSC6,195,0.56402,132,-0.5640
ENSG00000090861,AARS,1566,2.94950,202,-2.9495
ENSG00000103035,PSMD7,195,0.61857,127,-0.6185
ENSG00000090863,GLG1,195,0.20178,169,-0.2017
ENSG00000034713,GABARAPL2,1566,1.93219,410,-1.9321
ENSG00000166848,TERF2IP,195,-0.9982,390,0.99823
ENSG00000140905,GCSH,195,0.21281,168,-0.2128
ENSG00000140945,CDH13,195,0.50026,138,-0.5002
ENSG00000230989,HSBP1,195,-0.5521,286,0.55213
ENSG00000135709,KIAA0513,195,0.23698,165,-0.2369
ENSG00000131143,COX4I1,195,-2.8832,1443,2.88328
ENSG00000140941,MAP1LC3B,195,-0.6505,306,0.65055
ENSG00000154118,JPH3,195,0.25227,164,-0.2522
ENSG00000167515,TRAPPC2L,195,0.75833,115,-0.7583
ENSG00000197912,SPG7,2928,4.80564,104,-4.8056
ENSG00000167526,RPL13,195,-2.9048,1463,2.90483
ENSG00000141002,TCF25,195,0.09655,182,-0.0965
ENSG00000258947,TUBB3,195,-1.5885,587,1.58854
ENSG00000159842,ABR,195,-0.8574,354,0.85740
ENSG00000108953,YWHAE,341,-1.3821,890,1.38214
ENSG00000174238,PITPNA,195,0.51696,136,-0.5169
ENSG00000174231,PRPF8,195,0.74386,116,-0.7438
ENSG00000007168,PAFAH1B1,195,-0.6867,314,0.68675
ENSG00000004660,CAMKK1,195,0.00390,194,-0.0039
ENSG00000142507,PSMB6,195,-0.1248,213,0.12480
ENSG00000108528,SLC25A11,195,0.30556,158,-0.3055
ENSG00000108518,PFN1,195,-0.9102,367,0.91025
ENSG00000108509,CAMTA2,195,0.57535,131,-0.5753
ENSG00000029725,RABEP1,195,0.68200,121,-0.6820
ENSG00000108561,C1QBP,1566,3.46397,142,-3.4639
ENSG00000219200,RNASEK,195,-1.9201,739,1.92014
ENSG00000132535,DLG4,195,-0.2901,238,0.29019
ENSG00000170296,GABARAP,195,-1.6676,620,1.66769
ENSG00000175826,CTDNEP1,195,0.78365,113,-0.7836
ENSG00000132507,EIF5A,195,-0.1099,210,0.10998
ENSG00000174282,ZBTB4,195,0.88732,105,-0.8873
ENSG00000181222,POLR2A,195,0.40824,147,-0.4082
ENSG00000161960,EIF4A1,1487,2.61285,243,-2.6128
ENSG00000141504,SAT2,195,0.80568,111,-0.8056
ENSG00000129244,ATP1B2,195,0.08551,184,-0.0855
ENSG00000183011,NAA38,195,-1.2670,470,1.26703
ENSG00000170043,TRAPPC1,195,0.47940,140,-0.4794
ENSG00000220205,VAMP2,195,-2.3388,988,2.33880
ENSG00000161970,RPL26,195,-2.5612,1153,2.56124
ENSG00000007237,GAS7,1566,2.65475,248,-2.6547
ENSG00000065559,MAP2K4,195,0.51480,136,-0.5148
ENSG00000141027,NCOR1,195,0.28772,160,-0.2877
ENSG00000170315,UBB,3295,0.99345,1655,-0.9934
ENSG00000175061,SNHG29,195,-1.1212,425,1.12125
ENSG00000181350,LRRC75A,195,0.56736,131,-0.5673
ENSG00000133030,MPRIP,195,-0.1122,211,0.11229
ENSG00000108551,RASD1,195,-0.2288,229,0.22889
ENSG00000175662,TOM1L2,195,0.54411,134,-0.5441
ENSG00000091542,ALKBH5,195,0.75404,115,-0.7540
ENSG00000124422,USP22,195,-0.6259,301,0.62590
ENSG00000256618,MTRNR2L1,195,0.14631,176,-0.1463
ENSG00000087095,NLK,195,0.47723,140,-0.4772
ENSG00000109107,ALDOC,195,-2.2967,960,2.29672
ENSG00000198242,RPL23A,1334,0.97549,678,-0.9754
ENSG00000108262,GIT1,195,-0.0158,197,0.01588
ENSG00000126861,OMG,195,0.60911,128,-0.6091
ENSG00000131242,RAB11FIP4,195,0.06126,187,-0.0612
ENSG00000172301,COPRS,195,-0.5227,280,0.52277
ENSG00000176749,CDK5R1,1550,2.42284,289,-2.4228
ENSG00000006125,AP2B1,195,-0.2380,230,0.23800
ENSG00000277363,SRCIN1,195,0.66877,122,-0.6687
ENSG00000277972,CISD3,195,0.56142,132,-0.5614
ENSG00000277791,PSMB3,195,-0.4749,271,0.47490
ENSG00000276293,PIP4K2B,195,-0.0993,209,0.09939
ENSG00000125691,RPL23,195,-1.5026,553,1.50268
ENSG00000067191,CACNB1,1561,3.88722,105,-3.8872
ENSG00000108298,RPL19,473,-1.3303,1190,1.33036
ENSG00000171532,NEUROD2,195,0.19315,170,-0.1931
ENSG00000141741,MIEN1,195,0.54094,134,-0.5409
ENSG00000108344,PSMD3,195,0.82704,110,-0.8270
ENSG00000126351,THRA,195,-0.0634,204,0.06345
ENSG00000173812,EIF1,1566,0.43418,1159,-0.4341
ENSG00000141698,NT5C3B,195,0.66301,123,-0.6630
ENSG00000173786,CNP,3211,1.91911,849,-1.9191
ENSG00000168259,DNAJC7,195,0.48725,139,-0.4872
ENSG00000108774,RAB5C,195,0.43749,144,-0.4374
ENSG00000033627,ATP6V0A1,1549,1.77747,451,-1.7774
ENSG00000037042,TUBG2,195,0.76480,115,-0.7648
ENSG00000108797,CNTNAP1,195,0.05279,188,-0.0527
ENSG00000183978,COA3,195,0.18142,172,-0.1814
ENSG00000131469,RPL27,2445,1.89207,658,-1.8920
ENSG00000108861,DUSP3,195,0.38469,149,-0.3846
ENSG00000108840,HDAC5,195,0.43295,144,-0.4329
ENSG00000087152,ATXN7L3,195,0.26439,162,-0.2643
ENSG00000108309,RUNDC3A,195,-1.0865,414,1.08658
ENSG00000073670,ADAM11,195,0.68042,121,-0.6804
ENSG00000131095,GFAP,7353,1.10728,3413,-1.1072
ENSG00000186868,MAPT,195,-0.5743,290,0.57431
ENSG00000073969,NSF,213,-1.4302,574,1.43022
ENSG00000141279,NPEPPS,195,0.57660,131,-0.5766
ENSG00000108424,KPNB1,195,0.50687,137,-0.5068
ENSG00000082641,NFE2L1,195,0.07819,185,-0.0781
ENSG00000159199,ATP5MC1,195,-0.6258,301,0.62589
ENSG00000159202,UBE2Z,1563,3.45554,142,-3.4555
ENSG00000005882,PDK2,195,0.71739,118,-0.7173
ENSG00000108819,PPP1R9B,195,0.85867,107,-0.8586
ENSG00000108826,MRPL27,195,0.70236,120,-0.7023
ENSG00000154945,ANKRD40,195,-0.0347,200,0.03474
ENSG00000108848,LUC7L3,195,0.52587,135,-0.5258
ENSG00000008294,SPAG9,1540,3.48689,137,-3.4868
ENSG00000239672,NME1,195,-0.1002,209,0.10023
ENSG00000243678,NME2,195,-1.3128,485,1.31287
ENSG00000108924,HLF,195,0.27301,161,-0.2730
ENSG00000264364,DYNLL2,195,-0.9525,378,0.95256
ENSG00000108387,SEPTIN4,1566,1.97956,397,-1.9795
ENSG00000108395,TRIM37,195,0.25351,163,-0.2535
ENSG00000141367,CLTC,195,-1.3642,503,1.36422
ENSG00000087191,PSMC5,195,-0.3195,243,0.31958
ENSG00000266402,SNHG25,195,0.20088,170,-0.2008
ENSG00000108654,DDX5,2931,2.95336,378,-2.9533
ENSG00000154229,PRKCA,195,0.10669,181,-0.1066
ENSG00000108946,PRKAR1A,1026,1.12689,469,-1.1268
ENSG00000172809,RPL38,1566,0.39092,1194,-0.3909
ENSG00000180901,KCTD2,195,0.90205,104,-0.9020
ENSG00000167863,ATP5PD,195,-0.5542,286,0.55422
ENSG00000189159,JPT1,195,0.62424,126,-0.6242
ENSG00000188612,SUMO2,195,-1.0932,416,1.09323
ENSG00000125445,MRPS7,195,0.74595,116,-0.7459
ENSG00000177885,GRB2,195,0.14623,176,-0.1462
ENSG00000132475,H3F3B,195,-1.0464,403,1.04646
ENSG00000132471,WBP2,1201,1.31171,484,-1.3117
ENSG00000182534,MXRA7,2837,3.67117,222,-3.6711
ENSG00000161547,SRSF2,195,0.37305,150,-0.3730
ENSG00000035862,TIMP2,195,0.11362,180,-0.1136
ENSG00000167281,RBFOX3,195,0.44468,143,-0.4446
ENSG00000171246,NPTX1,1414,0.56128,958,-0.5612
ENSG00000175866,BAIAP2,195,-0.3265,245,0.32656
ENSG00000181409,AATK,1563,2.93301,204,-2.9330
ENSG00000224877,NDUFAF8,195,-0.2321,229,0.23213
ENSG00000184009,ACTG1,195,-3.1529,1738,3.15299
ENSG00000262814,MRPL12,195,0.79653,112,-0.7965
ENSG00000225663,MCRIP1,195,-0.1646,219,0.16467
ENSG00000185624,P4HB,195,0.28203,160,-0.2820
ENSG00000141522,ARHGDIA,195,-0.1537,217,0.15374
ENSG00000141552,ANAPC11,195,-0.3915,256,0.39157
ENSG00000169738,DCXR,195,0.44473,143,-0.4447
ENSG00000169727,GPS1,195,0.68291,121,-0.6829
ENSG00000169710,FASN,195,-0.2525,232,0.25257
ENSG00000141542,RAB40B,195,0.09091,183,-0.0909
ENSG00000118680,MYL12B,195,-0.3809,254,0.38091
ENSG00000170579,DLGAP1,195,-0.1785,221,0.17852
ENSG00000082397,EPB41L3,195,0.08822,183,-0.0882
ENSG00000178127,NDUFV2,1373,2.72019,208,-2.7201
ENSG00000101558,VAPA,195,-0.7061,318,0.70611
ENSG00000134265,NAPG,1500,3.71605,114,-3.7160
ENSG00000141447,OSBPL1A,195,0.76927,114,-0.7692
ENSG00000171885,AQP4,195,-0.8923,362,0.89237
ENSG00000134769,DTNA,195,0.27418,161,-0.2741
ENSG00000166974,MAPRE2,195,-0.2586,233,0.25869
ENSG00000141425,RPRD1A,195,0.52909,135,-0.5290
ENSG00000134779,TPGS2,195,0.74509,116,-0.7450
ENSG00000101489,CELF4,195,0.00933,194,-0.0093
ENSG00000132872,SYT4,1561,2.25552,327,-2.2555
ENSG00000152234,ATP5F1A,195,-1.6254,602,1.62543
ENSG00000177576,C18orf32,195,-0.2480,232,0.24806
ENSG00000265681,RPL17,195,-2.8113,1371,2.81139
ENSG00000196628,TCF4,1392,2.82446,196,-2.8244
ENSG00000091164,TXNL1,195,0.58973,129,-0.5897
ENSG00000177511,ST8SIA3,195,0.30358,158,-0.3035
ENSG00000134440,NARS,195,0.39039,149,-0.3903
ENSG00000166562,SEC11C,195,0.04411,189,-0.0441
ENSG00000133313,CNDP2,1396,3.52052,121,-3.5205
ENSG00000197971,MBP,17728,1.20893,7669,-1.2089
ENSG00000122490,SLC66A2,195,0.44636,143,-0.4463
ENSG00000141759,TXNL4A,195,-0.4524,267,0.45240
ENSG00000172270,BSG,195,-1.8466,702,1.84666
ENSG00000099822,HCN2,195,0.33411,155,-0.3341
ENSG00000099864,PALM,195,0.07794,185,-0.0779
ENSG00000182087,TMEM259,195,0.74722,116,-0.7472
ENSG00000099817,POLR2E,195,-0.0986,209,0.09869
ENSG00000167468,GPX4,2562,1.62548,830,-1.6254
ENSG00000118046,STK11,195,0.52165,136,-0.5216
ENSG00000099624,ATP5F1D,2930,2.48944,521,-2.4894
ENSG00000099622,CIRBP,195,-1.2690,470,1.26907
ENSG00000115286,NDUFS7,195,-0.4550,267,0.45504
ENSG00000115268,RPS15,5740,1.76334,1691,-1.7633
ENSG00000115266,APC2,195,0.72395,118,-0.7239
ENSG00000127540,UQCR11,195,-2.2525,931,2.25257
ENSG00000129968,ABHD17A,195,-0.1392,215,0.13927
ENSG00000133243,BTBD2,195,-0.0012,195,0.00129
ENSG00000065000,AP3D1,195,0.47815,140,-0.4781
ENSG00000104904,OAZ1,195,-2.2204,910,2.22043
ENSG00000130332,LSM7,195,0.17949,172,-0.1794
ENSG00000099800,TIMM13,195,0.25907,163,-0.2590
ENSG00000176533,GNG7,195,0.72258,118,-0.7225
ENSG00000176490,DIRAS1,195,0.19972,170,-0.1997
ENSG00000104964,TLE5,195,-2.0651,817,2.06510
ENSG00000141905,NFIC,195,0.54837,133,-0.5483
ENSG00000186111,PIP5K1C,195,0.27583,161,-0.2758
ENSG00000167654,ATCAY,1566,3.14366,177,-3.1436
ENSG00000167658,EEF2,195,-1.6833,627,1.68331
ENSG00000178951,ZBTB7A,195,0.28703,160,-0.2870
ENSG00000126934,MAP2K2,195,-0.1336,214,0.13360
ENSG00000105255,FSD1,195,0.81396,111,-0.8139
ENSG00000167671,UBXN6,195,-0.3585,250,0.35850
ENSG00000167680,SEMA6B,195,0.71130,119,-0.7113
ENSG00000160633,SAFB,195,0.16945,173,-0.1694
ENSG00000130255,RPL36,3286,1.31615,1319,-1.3161
ENSG00000174917,MICOS13,1566,2.35651,305,-2.3565
ENSG00000167733,HSD11B1L,195,0.66669,123,-0.6666
ENSG00000174886,NDUFA11,195,-1.1308,427,1.13081
ENSG00000125652,ALKBH7,195,0.84660,108,-0.8466
ENSG00000125648,SLC25A23,195,0.21693,168,-0.2169
ENSG00000104833,TUBB4A,195,-1.8473,703,1.84737
ENSG00000198816,ZNF358,195,0.44445,143,-0.4444
ENSG00000229833,PET100,195,-0.4841,273,0.48410
ENSG00000181029,TRAPPC5,195,-0.5531,286,0.55312
ENSG00000260001,TGFBR3L,195,0.71771,118,-0.7177
ENSG00000178531,CTXN1,195,-1.4429,531,1.44295
ENSG00000267855,NDUFA7,195,0.08624,184,-0.0862
ENSG00000233927,RPS28,1864,-0.2194,2170,0.21943
ENSG00000185236,RAB11B,195,0.50146,138,-0.5014
ENSG00000099783,HNRNPM,195,0.38586,149,-0.3858
ENSG00000198258,UBL5,195,-1.5326,565,1.53264
ENSG00000127445,PIN1,1555,1.74521,463,-1.7452
ENSG00000130811,EIF3G,195,0.60015,128,-0.6001
ENSG00000105364,MRPL4,195,0.62350,126,-0.6235
ENSG00000267673,FDX2,195,0.44807,143,-0.4480
ENSG00000105401,CDC37,195,0.16419,174,-0.1641
ENSG00000129355,CDKN2D,195,-0.1544,217,0.15446
ENSG00000129351,ILF3,195,0.52985,135,-0.5298
ENSG00000105518,TMEM205,195,0.39189,148,-0.3918
ENSG00000105520,PLPPR2,195,0.92217,103,-0.9221
ENSG00000196361,ELAVL3,195,-0.2474,231,0.24743
ENSG00000105583,WDR83OS,1505,2.81635,213,-2.8163
ENSG00000105576,TNPO2,195,0.33209,155,-0.3320
ENSG00000123144,TRIR,195,-0.5918,294,0.59182
ENSG00000198356,GET3,195,0.68081,121,-0.6808
ENSG00000167815,PRDX2,195,-1.5599,576,1.55998
ENSG00000179115,FARSA,195,0.71961,118,-0.7196
ENSG00000179218,CALR,195,-0.3562,250,0.35627
ENSG00000179262,RAD23A,195,0.02411,192,-0.0241
ENSG00000179271,GADD45GIP1,1257,2.44711,230,-2.4471
ENSG00000008441,NFIX,195,0.44470,143,-0.4447
ENSG00000104979,C19orf53,195,-0.3760,253,0.37601
ENSG00000072062,PRKACA,195,0.46478,141,-0.4647
ENSG00000072071,ADGRL1,195,0.37658,150,-0.3765
ENSG00000123159,GIPC1,1274,3.53549,109,-3.5354
ENSG00000099797,TECR,195,-0.5005,276,0.50057
ENSG00000099795,NDUFB7,195,-1.0859,414,1.08592
ENSG00000141867,BRD4,195,0.93839,101,-0.9383
ENSG00000072958,AP1M1,195,0.45080,142,-0.4508
ENSG00000105393,BABAM1,195,0.19188,171,-0.1918
ENSG00000127220,ABHD8,1557,3.63464,125,-3.6346
ENSG00000130312,MRPL34,195,0.72162,118,-0.7216
ENSG00000130311,DDA1,195,0.61810,127,-0.6181
ENSG00000130477,UNC13A,195,0.08542,184,-0.0854
ENSG00000130479,MAP1S,195,0.89407,105,-0.8940
ENSG00000105640,RPL18A,3924,2.17671,868,-2.1767
ENSG00000007080,CCDC124,195,0.45698,142,-0.4569
ENSG00000099308,MAST3,195,-0.8562,353,0.85620
ENSG00000105649,RAB3A,195,-1.4295,526,1.42959
ENSG00000130522,JUND,195,-1.9593,759,1.95938
ENSG00000130520,LSM4,195,0.11178,180,-0.1117
ENSG00000130511,SSBP4,195,-0.0573,203,0.05738
ENSG00000105701,FKBP8,195,-1.5584,575,1.55847
ENSG00000221983,UBA52,195,-1.6935,632,1.69355
ENSG00000006015,REX1BD,195,-0.2104,226,0.21049
ENSG00000105696,TMEM59L,195,-2.1532,869,2.15328
ENSG00000105669,COPE,195,-0.0282,199,0.02820
ENSG00000064607,SUGP2,195,0.41614,146,-0.4161
ENSG00000130287,NCAN,195,0.86244,107,-0.8624
ENSG00000187664,HAPLN4,195,0.48241,139,-0.4824
ENSG00000186010,NDUFA13,195,-2.1265,853,2.12652
ENSG00000250067,YJEFN3,195,0.32559,155,-0.3255
ENSG00000169021,UQCRFS1,195,-0.5771,291,0.57712
ENSG00000105185,PDCD5,195,0.17287,173,-0.1728
ENSG00000105220,GPI,195,-1.7249,645,1.72496
ENSG00000105711,SCN1B,1534,2.48726,273,-2.4872
ENSG00000266964,FXYD1,195,-0.3088,242,0.30889
ENSG00000221946,FXYD7,195,-0.8676,356,0.86768
ENSG00000105698,USF2,195,0.07917,184,-0.0791
ENSG00000105695,MAG,195,-0.4419,265,0.44191
ENSG00000126267,COX6B1,195,-1.7187,643,1.71878
ENSG00000105290,APLP1,195,-2.3415,990,2.34158
ENSG00000105270,CLIP3,195,-0.7754,334,0.77546
ENSG00000105258,POLR2I,195,-0.5369,283,0.53691
ENSG00000105254,TBCB,195,-0.7804,335,0.78045
ENSG00000126247,CAPNS1,195,-0.9283,371,0.92831
ENSG00000161281,COX7A1,195,-0.7612,331,0.76124
ENSG00000167642,SPINT2,195,-0.1795,221,0.17956
ENSG00000167641,PPP1R14A,195,-0.9760,384,0.97603
ENSG00000099341,PSMD8,195,-0.2392,230,0.23922
ENSG00000178982,EIF3K,195,-0.5530,286,0.55300
ENSG00000130402,ACTN4,195,0.01355,193,-0.0135
ENSG00000104824,HNRNPL,195,0.52340,135,-0.5234
ENSG00000068903,SIRT2,195,-0.4908,274,0.49080
ENSG00000105193,RPS16,195,-1.7256,646,1.72569
ENSG00000196235,SUPT5H,195,0.79780,112,-0.7978
ENSG00000174521,TTC9B,195,-0.9885,387,0.98857
ENSG00000105223,PLD3,195,-1.8751,716,1.87513
ENSG00000160460,SPTBN4,195,0.64501,124,-0.6450
ENSG00000105372,RPS19,196,-2.0345,806,2.03450
ENSG00000105404,RABAC1,1213,1.88900,327,-1.8890
ENSG00000105409,ATP1A3,195,-1.4165,521,1.41653
ENSG00000105723,GSK3A,195,0.54356,134,-0.5435
ENSG00000131116,ZNF428,195,0.57969,130,-0.5796
ENSG00000105767,CADM4,195,0.33947,154,-0.3394
ENSG00000130203,APOE,1189,0.58779,791,-0.5877
ENSG00000104853,CLPTM1,195,0.14499,176,-0.1449
ENSG00000125743,SNRPD2,195,-0.7701,333,0.77011
ENSG00000011485,PPP5C,195,0.68533,121,-0.6853
ENSG00000182013,PNMA8A,195,-0.2357,230,0.23571
ENSG00000204851,PNMA8B,195,-0.2658,234,0.26583
ENSG00000160014,CALM3,195,-3.2978,1921,3.29784
ENSG00000197380,DACT3,195,0.55557,132,-0.5555
ENSG00000042753,AP2S1,195,-0.9591,379,0.95919
ENSG00000160007,ARHGAP35,195,0.22379,167,-0.2237
ENSG00000130748,TMEM160,195,-1.0287,398,1.02873
ENSG00000142230,SAE1,195,0.65491,124,-0.6549
ENSG00000105402,NAPA,195,-0.8640,355,0.86408
ENSG00000105373,NOP53,195,0.65156,124,-0.6515
ENSG00000178980,SELENOW,379,-2.3558,1943,2.35580
ENSG00000063177,RPL18,195,-2.3764,1014,2.37648
ENSG00000063180,CA11,195,-0.8493,352,0.84938
ENSG00000104805,NUCB1,195,0.88064,106,-0.8806
ENSG00000087086,FTL,195,-3.5187,2244,3.51874
ENSG00000104852,SNRNP70,195,0.63687,125,-0.6368
ENSG00000177380,PPFIA3,195,0.84840,108,-0.8484
ENSG00000104888,SLC17A7,195,-2.6898,1260,2.68989
ENSG00000142541,RPL13A,195,-2.4376,1058,2.43761
ENSG00000142534,RPS11,195,-2.1639,875,2.16397
ENSG00000126457,PRMT1,195,0.34227,154,-0.3422
ENSG00000196961,AP2A1,195,-0.0646,204,0.06461
ENSG00000104960,PTOV1,195,-0.4771,272,0.47716
ENSG00000161671,EMC10,195,0.45926,142,-0.4592
ENSG00000131409,LRRC4B,195,0.45389,142,-0.4538
ENSG00000105379,ETFB,195,-0.0749,205,0.07496
ENSG00000105568,PPP2R1A,1566,1.05563,753,-1.0556
ENSG00000126583,PRKCG,195,0.66744,123,-0.6674
ENSG00000170906,NDUFA3,2088,1.60511,686,-1.6051
ENSG00000105619,TFPT,195,0.56250,132,-0.5625
ENSG00000125505,MBOAT7,195,-0.0953,208,0.09537
ENSG00000170889,RPS9,195,-1.9225,742,1.92255
ENSG00000167614,TTYH1,195,-1.1904,445,1.19042
ENSG00000125503,PPP1R12C,195,0.41170,146,-0.4117
ENSG00000129990,SYT5,195,0.12304,179,-0.1230
ENSG00000160469,BRSK1,195,-0.0551,203,0.05511
ENSG00000108107,RPL28,1484,0.13089,1355,-0.1308
ENSG00000108106,UBE2S,195,0.37350,150,-0.3735
ENSG00000090971,NAT14,195,0.54657,133,-0.5465
ENSG00000063245,EPN1,195,-0.2884,238,0.28849
ENSG00000166770,ZNF667-AS1,195,0.65629,123,-0.6562
ENSG00000198300,PEG3,195,-0.4343,264,0.43435
ENSG00000121413,ZSCAN18,195,0.37375,150,-0.3737
ENSG00000083845,RPS5,195,-1.5121,557,1.51212
ENSG00000130724,CHMP2A,195,0.11875,179,-0.1187
ENSG00000130725,UBE2M,1404,1.90342,375,-1.9034
ENSG00000125841,NRSN2,195,0.33968,154,-0.3396
ENSG00000101298,SNPH,195,0.62400,126,-0.6240
ENSG00000088832,FKBP1A,195,-0.8092,342,0.80920
ENSG00000088833,NSFL1C,195,0.87006,106,-0.8700
ENSG00000198053,SIRPA,195,-1.0338,400,1.03389
ENSG00000101365,IDH3B,195,0.81116,111,-0.8111
ENSG00000132670,PTPRA,195,0.10294,181,-0.1029
ENSG00000125901,MRPS26,195,0.31548,157,-0.3154
ENSG00000088899,LZTS3,195,0.84570,108,-0.8457
ENSG00000198171,DDRGK1,195,0.68972,121,-0.6897
ENSG00000171867,PRNP,195,-2.4048,1036,2.40489
ENSG00000089063,TMEM230,195,0.56909,131,-0.5690
ENSG00000101290,CDS2,195,0.72248,118,-0.7224
ENSG00000089199,CHGB,195,-0.4119,259,0.41193
ENSG00000125827,TMX4,195,0.40871,147,-0.4087
ENSG00000182621,PLCB1,195,0.33766,154,-0.3376
ENSG00000132639,SNAP25,195,-4.0338,3200,4.03385
ENSG00000125851,PCSK2,195,0.50751,137,-0.5075
ENSG00000125868,DSTN,1233,1.42284,460,-1.4228
ENSG00000232388,SMIM26,195,0.67190,122,-0.6719
ENSG00000125814,NAPB,195,-1.8954,726,1.89543
ENSG00000101439,CST3,1639,-1.1146,3550,1.11461
ENSG00000101474,APMAP,195,0.50945,137,-0.5094
ENSG00000197586,ENTPD6,3678,4.21952,197,-4.2195
ENSG00000100994,PYGB,195,0.29731,159,-0.2973
ENSG00000100997,ABHD12,195,0.33514,154,-0.3351
ENSG00000101400,SNTA1,195,0.14033,177,-0.1403
ENSG00000101421,CHMP4B,195,0.53625,134,-0.5362
ENSG00000125970,RALY,195,0.81382,111,-0.8138
ENSG00000125977,EIF2S2,195,0.69692,120,-0.6969
ENSG00000125971,DYNLRB1,195,-1.1460,432,1.14600
ENSG00000101460,MAP1LC3A,195,-0.8921,362,0.89213
ENSG00000126005,MMP24OS,195,0.31023,157,-0.3102
ENSG00000125995,ROMO1,2310,3.59512,191,-3.5951
ENSG00000131051,RBM39,195,0.63053,126,-0.6305
ENSG00000171222,SCAND1,1566,3.01813,193,-3.0181
ENSG00000260032,NORAD,195,-2.9299,1489,2.92998
ENSG00000088367,EPB41L1,195,0.18456,171,-0.1845
ENSG00000080845,DLGAP4,195,0.76160,115,-0.7616
ENSG00000101079,NDRG3,195,-0.2400,230,0.24000
ENSG00000166619,BLCAP,195,-0.4789,272,0.47893
ENSG00000053438,NNAT,195,-0.1924,223,0.19243
ENSG00000132821,VSTM2L,913,2.33789,180,-2.3378
ENSG00000101445,PPP1R16B,195,0.81743,110,-0.8174
ENSG00000132824,SERINC3,195,-0.6788,312,0.67880
ENSG00000168734,PKIG,195,0.32510,155,-0.3251
ENSG00000166913,YWHAB,198,-1.9060,743,1.90608
ENSG00000244274,DBNDD2,10408,4.00096,650,-4.0009
ENSG00000124140,SLC12A5,195,-0.8856,361,0.88569
ENSG00000177410,ZFAS1,1566,3.63588,126,-3.6358
ENSG00000244687,UBE2V1,195,0.40862,147,-0.4086
ENSG00000054793,ATP9A,195,-0.7255,323,0.72557
ENSG00000064787,BCAS1,195,-0.2034,224,0.20343
ENSG00000022277,RTF2,195,0.67326,122,-0.6732
ENSG00000087460,GNAS,195,-3.4413,2122,3.44132
ENSG00000124172,ATP5F1E,1566,0.17601,1386,-0.1760
ENSG00000196227,FAM217B,195,0.92702,102,-0.9270
ENSG00000101182,PSMA7,195,-0.2224,227,0.22246
ENSG00000171858,RPS21,465,-2.0021,1866,2.00217
ENSG00000075043,KCNQ2,195,0.20742,169,-0.2074
ENSG00000101210,EEF1A2,195,-2.0797,826,2.07976
ENSG00000125534,PPDPF,1547,2.19513,337,-2.1951
ENSG00000197457,STMN3,195,-1.3671,504,1.36710
ENSG00000101152,DNAJC5,195,0.06800,186,-0.0680
ENSG00000171703,TCEA2,195,0.00557,194,-0.0055
ENSG00000154654,NCAM2,195,0.44060,143,-0.4406
ENSG00000154723,ATP5PF,195,-1.4612,538,1.46123
ENSG00000142192,APP,195,-2.3345,985,2.33451
ENSG00000156261,CCT8,1566,3.57692,131,-3.5769
ENSG00000142168,SOD1,195,-1.8152,687,1.81520
ENSG00000159082,SYNJ1,195,0.52496,135,-0.5249
ENSG00000184221,OLIG1,771,1.65374,245,-1.6537
ENSG00000159140,SON,195,0.21111,168,-0.2111
ENSG00000241837,ATP5PO,195,-1.0855,414,1.08556
ENSG00000182670,TTC3,195,-0.3667,251,0.36677
ENSG00000157557,ETS2,195,0.52625,135,-0.5262
ENSG00000185658,BRWD1,195,0.32990,155,-0.3299
ENSG00000182093,GET1,195,0.51247,136,-0.5124
ENSG00000183036,PCP4,195,-0.3055,241,0.30557
ENSG00000160194,NDUFV3,1566,3.30044,159,-3.3004
ENSG00000160209,PDXK,195,-0.2851,238,0.28514
ENSG00000160213,CSTB,195,0.30189,158,-0.3018
ENSG00000160216,AGPAT3,195,0.77741,114,-0.7774
ENSG00000141959,PFKL,195,0.02956,191,-0.0295
ENSG00000184900,SUMO3,195,-0.0142,197,0.01427
ENSG00000160307,S100B,243,-2.4431,1321,2.44313
ENSG00000160310,PRMT2,195,0.50243,137,-0.5024
ENSG00000131100,ATP6V1E1,1337,1.16006,598,-1.1600
ENSG00000070413,DGCR2,1561,3.07854,184,-3.0785
ENSG00000184702,SEPTIN5,195,0.44738,143,-0.4473
ENSG00000099901,RANBP1,195,0.27425,161,-0.2742
ENSG00000040608,RTN4R,1566,3.18948,171,-3.1894
ENSG00000128185,DGCR6L,195,0.83450,109,-0.8345
ENSG00000241973,PI4KA,195,-1.3919,512,1.39198
ENSG00000185651,UBE2L3,195,0.51177,137,-0.5117
ENSG00000100030,MAPK1,195,-0.8328,348,0.83283
ENSG00000128266,GNAZ,195,0.22078,167,-0.2207
ENSG00000186716,BCR,195,0.79116,112,-0.7911
ENSG00000250479,CHCHD10,195,-1.6487,612,1.64878
ENSG00000240972,MIF,195,-2.6853,1256,2.68536
ENSG00000099977,DDT,195,-0.3927,256,0.39273
ENSG00000099991,CABIN1,195,0.90020,104,-0.9002
ENSG00000100095,SEZ6L,195,-0.0884,207,0.08841
ENSG00000225783,MIAT,195,0.67594,122,-0.6759
ENSG00000182944,EWSR1,195,-0.0024,195,0.00248
ENSG00000225465,RFPL1S,1566,3.83010,110,-3.8301
ENSG00000100285,NEFH,195,0.45202,142,-0.4520
ENSG00000184076,UQCR10,195,-1.5876,587,1.58768
ENSG00000198832,SELENOM,195,-0.4585,268,0.45855
ENSG00000128245,YWHAH,195,-3.5201,2241,3.52018
ENSG00000100320,RBFOX2,195,0.50913,137,-0.5091
ENSG00000100362,PVALB,195,0.93939,101,-0.9393
ENSG00000100379,KCTD17,195,0.82530,110,-0.8253
ENSG00000241360,PDXP,195,-1.0981,418,1.09812
ENSG00000100097,LGALS1,195,-1.2396,461,1.23968
ENSG00000100142,POLR2F,195,0.67491,122,-0.6749
ENSG00000213923,CSNK1E,195,0.07933,184,-0.0793
ENSG00000168135,KCNJ4,195,0.67470,122,-0.6747
ENSG00000100201,DDX17,1176,1.97196,299,-1.9719
ENSG00000100216,TOMM22,195,0.39517,148,-0.3951
ENSG00000100242,SUN2,195,0.34436,153,-0.3443
ENSG00000221890,NPTXR,195,-0.9154,368,0.91541
ENSG00000183741,CBX6,195,-0.1845,222,0.18457
ENSG00000100307,CBX7,195,0.92497,102,-0.9249
ENSG00000100316,RPL3,198,-2.2323,932,2.23235
ENSG00000100321,SYNGR1,195,-0.6719,311,0.67195
ENSG00000128272,ATF4,898,1.89673,241,-1.8967
ENSG00000187051,RPS19BP1,195,-0.2188,227,0.21886
ENSG00000100380,ST13,195,-0.2166,227,0.21665
ENSG00000100387,RBX1,195,-0.4728,271,0.47286
ENSG00000100401,RANGAP1,1307,2.50999,229,-2.5099
ENSG00000100412,ACO2,195,-0.7648,332,0.76485
ENSG00000196419,XRCC6,195,-0.0333,199,0.03334
ENSG00000100138,SNU13,195,-0.9719,383,0.97195
ENSG00000198911,SREBF2,195,-0.4145,260,0.41453
ENSG00000100167,SEPTIN3,195,-0.8402,349,0.84020
ENSG00000183172,SMDT1,1566,2.81736,222,-2.8173
ENSG00000184983,NDUFA6,195,0.03487,190,-0.0348
ENSG00000100243,CYB5R3,195,0.22252,167,-0.2225
ENSG00000186732,MPPED1,195,-0.5666,289,0.56668
ENSG00000130540,SULT4A1,195,-0.6687,310,0.66877
ENSG00000100364,KIAA0930,195,-0.0427,201,0.04272
ENSG00000130638,ATXN10,195,-0.1584,218,0.15848
ENSG00000219438,TAFA5,195,0.73046,117,-0.7304
ENSG00000100427,MLC1,195,0.30555,158,-0.3055
ENSG00000100241,SBF1,195,0.91594,103,-0.9159
ENSG00000008735,MAPK8IP2,195,-0.6838,313,0.68383
ENSG00000169100,SLC25A6,195,-1.1446,432,1.14461
ENSG00000073464,CLCN4,195,0.64354,125,-0.6435
ENSG00000205542,TMSB4X,195,-4.1418,3449,4.14187
ENSG00000046653,GPM6B,1497,0.38756,1144,-0.3875
ENSG00000184368,MAP7D2,195,0.76234,115,-0.7623
ENSG00000173674,EIF1AX,195,0.39597,148,-0.3959
ENSG00000149970,CNKSR2,195,0.65705,123,-0.6570
ENSG00000102172,SMS,195,0.94698,101,-0.9469
ENSG00000165169,DYNLT3,195,0.80632,111,-0.8063
ENSG00000156298,TSPAN7,195,-2.5534,1147,2.55343
ENSG00000182220,ATP6AP2,195,-0.6449,305,0.64497
ENSG00000215301,DDX3X,195,0.00915,194,-0.0091
ENSG00000147123,NDUFB11,195,-0.6393,304,0.63931
ENSG00000130985,UBA1,195,-0.1501,216,0.15016
ENSG00000102225,CDK16,195,0.64386,125,-0.6438
ENSG00000102226,USP11,195,-0.9430,375,0.94306
ENSG00000008056,SYN1,195,-1.5855,586,1.58552
ENSG00000102317,RBM3,195,0.77893,113,-0.7789
ENSG00000101940,WDR13,195,0.46188,141,-0.4618
ENSG00000102109,PCSK1N,195,-2.4529,1069,2.45297
ENSG00000243279,PRAF2,195,0.50576,137,-0.5057
ENSG00000102003,SYP,195,-1.6009,592,1.60097
ENSG00000179222,MAGED1,195,-0.7441,327,0.74412
ENSG00000184205,TSPYL2,195,0.56957,131,-0.5695
ENSG00000086758,HUWE1,195,0.75806,115,-0.7580
ENSG00000102316,MAGED2,1318,2.94662,171,-2.9466
ENSG00000256045,MTRNR2L10,195,0.81199,111,-0.8119
ENSG00000187601,MAGEH1,195,0.59157,129,-0.5915
ENSG00000188021,UBQLN2,1565,3.45144,143,-3.4514
ENSG00000131089,ARHGEF9,195,0.27631,161,-0.2763
ENSG00000147140,NONO,195,0.60764,128,-0.6076
ENSG00000147162,OGT,195,0.63241,126,-0.6324
ENSG00000198034,RPS4X,195,-1.9620,761,1.96205
ENSG00000186462,NAP1L2,195,-0.2317,229,0.23176
ENSG00000085224,ATRX,195,0.79329,112,-0.7932
ENSG00000131174,COX7B,195,-1.3283,490,1.32837
ENSG00000102144,PGK1,195,-1.3527,499,1.35272
ENSG00000131171,SH3BGRL,195,0.80516,111,-0.8051
ENSG00000186310,NAP1L3,195,-0.3244,244,0.32444
ENSG00000241343,RPL36A,195,-1.9959,779,1.99599
ENSG00000126945,HNRNPH2,195,-0.0490,202,0.04908
ENSG00000102401,ARMCX3,195,0.62395,126,-0.6239
ENSG00000184905,TCEAL2,195,-0.5590,287,0.55904
ENSG00000184515,BEX5,195,-0.4569,268,0.45692
ENSG00000198932,GPRASP1,1560,3.64068,125,-3.6406
ENSG00000133169,BEX1,195,-2.2384,922,2.23849
ENSG00000102409,BEX4,195,-0.9265,371,0.92657
ENSG00000133134,BEX2,195,-1.2839,475,1.28392
ENSG00000182916,TCEAL7,196,-0.0751,207,0.07519
ENSG00000166681,BEX3,195,-2.2101,904,2.21012
ENSG00000133142,TCEAL4,1520,2.61588,248,-2.6158
ENSG00000196507,TCEAL3,195,0.32037,156,-0.3203
ENSG00000123562,MORF4L2,195,-1.1764,441,1.17645
ENSG00000123560,PLP1,16665,2.48646,2973,-2.4864
ENSG00000157514,TSC22D3,195,0.50535,137,-0.5053
ENSG00000077264,PAK3,195,0.52329,135,-0.5232
ENSG00000101856,PGRMC1,195,-0.5540,286,0.55406
ENSG00000005022,SLC25A5,1566,2.90861,208,-2.9086
ENSG00000198918,RPL39,195,-2.4507,1068,2.45072
ENSG00000125356,NDUFA1,195,-1.5853,586,1.58535
ENSG00000125675,GRIA3,195,0.50847,137,-0.5084
ENSG00000165704,HPRT1,195,0.38937,149,-0.3893
ENSG00000134590,RTL8C,195,-1.1601,436,1.16010
ENSG00000198689,SLC9A6,195,0.08485,184,-0.0848
ENSG00000022267,FHL1,195,0.22278,167,-0.2227
ENSG00000203930,LINC00632,1566,3.55909,132,-3.5590
ENSG00000010404,IDS,195,-2.6604,1235,2.66045
ENSG00000102181,CD99L2,195,-0.0469,201,0.04698
ENSG00000183837,PNMA3,195,0.97906,99,-0.9790
ENSG00000130822,PNCK,195,0.76868,114,-0.7686
ENSG00000185825,BCAP31,195,-0.2957,239,0.29578
ENSG00000067829,IDH3G,195,0.91889,103,-0.9188
ENSG00000180879,SSR4,949,2.14145,215,-2.1414
ENSG00000067840,PDZD4,195,-0.2122,226,0.21228
ENSG00000147403,RPL10,1621,0.46148,1177,-0.4614
ENSG00000071553,ATP6AP1,195,-0.9543,378,0.95433
ENSG00000203879,GDI1,1566,1.05573,753,-1.0557
ENSG00000196976,LAGE3,1557,3.38324,149,-3.3832
ENSG00000129824,RPS4Y1,288,0.42993,214,-0.4299
ENSG00000198888,MT-ND1,1022,-4.5933,24693,4.59337
ENSG00000198763,MT-ND2,6413,-1.7345,21340,1.73454
ENSG00000198804,MT-CO1,6770,-2.4506,37007,2.45060
ENSG00000198712,MT-CO2,11474,-1.9442,44160,1.94427
ENSG00000228253,MT-ATP8,1566,1.11087,725,-1.1108
ENSG00000198899,MT-ATP6,195,-7.1577,27914,7.15775
ENSG00000198938,MT-CO3,8273,-2.2663,39804,2.26631
ENSG00000198840,MT-ND3,3522,-1.9750,13847,1.97507
ENSG00000212907,MT-ND4L,514,-1.2276,1204,1.22761
ENSG00000198886,MT-ND4,8822,-1.4809,24627,1.48099
ENSG00000198786,MT-ND5,2057,-0.8589,3731,0.85893
ENSG00000198695,MT-ND6,195,-0.4132,260,0.41327
ENSG00000198727,MT-CYB,9638,-0.9878,19116,0.98786
