IID,p cutoff=1e-08,p cutoff=1e-07,p cutoff=1e-06,p cutoff=1e-05,p cutoff=1e-04,p cutoff=0.001,p cutoff=0.01,p cutoff=0.05,p cutoff=0.1,p cutoff=0.2,p cutoff=0.3,p cutoff=0.4,p cutoff=0.5,p cutoff=0.6,p cutoff=0.7,p cutoff=0.8,p cutoff=0.9,p cutoff=1
Br1092,0.000777294,0.000476664,0.00024177,0.000287202,0.000116714,0.000132299,0.000112824,7.70049e-05,6.97884e-05,5.83938e-05,5.09244e-05,4.78809e-05,4.38709e-05,4.00775e-05,3.79358e-05,3.57691e-05,3.43091e-05,3.32274e-05
Br1113,0.00148539,0.000948326,0.000611705,0.000549511,0.000314673,0.00023023,0.000206263,0.000132543,0.000108949,8.81304e-05,7.64016e-05,6.96617e-05,6.33572e-05,5.89345e-05,5.55272e-05,5.28651e-05,5.06931e-05,4.91473e-05
Br1204,5.63635e-06,-0.000142744,-0.000112743,0.000213051,0.000122725,0.000118224,0.00014145,9.71124e-05,8.18464e-05,6.39233e-05,5.66496e-05,5.24104e-05,4.77225e-05,4.37485e-05,4.15429e-05,3.95126e-05,3.79998e-05,3.68669e-05
Br2371,0.000103158,-2.94773e-05,-0.000148611,2.78917e-05,1.31406e-05,8.17721e-05,0.00011538,9.13751e-05,7.00681e-05,5.95678e-05,5.41788e-05,4.93458e-05,4.43591e-05,4.08575e-05,3.86803e-05,3.65821e-05,3.51188e-05,3.40339e-05
Br2701,-0.000348483,-0.000402953,-0.000237874,-1.63906e-06,3.0878e-05,6.66293e-05,6.87141e-05,5.87704e-05,5.99603e-05,4.93959e-05,4.23744e-05,3.96257e-05,3.59628e-05,3.33534e-05,3.13839e-05,2.95922e-05,2.84091e-05,2.74814e-05
Br2720,0.000383968,0.000105648,-7.18327e-05,0.000290914,0.000218656,0.000143256,0.000131196,9.03999e-05,7.55933e-05,5.7688e-05,4.70111e-05,4.42665e-05,4.16986e-05,3.86591e-05,3.64086e-05,3.45489e-05,3.29827e-05,3.19758e-05
Br2726,0.000768983,0.000607904,0.000318228,0.000478184,0.000197299,8.93085e-05,0.000100467,7.75666e-05,6.43735e-05,5.38594e-05,4.72046e-05,4.17892e-05,3.80963e-05,3.51713e-05,3.33305e-05,3.17119e-05,3.0417e-05,2.94712e-05
Br2761,0.000800503,0.00018502,0.000153023,0.00015131,8.98451e-05,9.07365e-05,9.99637e-05,6.9902e-05,4.8169e-05,3.74667e-05,3.52717e-05,3.30087e-05,3.13325e-05,2.81638e-05,2.64682e-05,2.50183e-05,2.38837e-05,2.31475e-05
Br2765,-0.000202972,-0.000373548,-0.000557334,2.58338e-05,8.40313e-05,0.000199948,0.000145479,8.12084e-05,6.56887e-05,5.05437e-05,4.47721e-05,4.20393e-05,3.83562e-05,3.51949e-05,3.30421e-05,3.13426e-05,2.99653e-05,2.90416e-05
Br3881,0.000388343,1.28403e-05,3.6185e-05,0.000283653,0.000128254,9.38407e-05,8.29454e-05,6.166e-05,5.81894e-05,4.88762e-05,4.48606e-05,4.24873e-05,3.85628e-05,3.52559e-05,3.31431e-05,3.12752e-05,2.9888e-05,2.89542e-05
Br3893,0.00083835,0.000914146,0.000440071,0.000264334,0.000283209,0.000183426,0.000128189,0.000103175,8.10431e-05,6.6014e-05,5.99271e-05,5.49891e-05,5.11899e-05,4.73161e-05,4.50715e-05,4.27096e-05,4.11002e-05,3.98123e-05
Br3998,0.00102668,0.000514425,0.000188801,0.000196461,0.000189592,0.00016096,0.000144963,0.000103484,8.46907e-05,6.46309e-05,5.55782e-05,5.31107e-05,4.8918e-05,4.4851e-05,4.19926e-05,4.01744e-05,3.85753e-05,3.74248e-05
Br5137,0.000469241,0.000172851,-7.57088e-05,0.000189754,0.000212119,0.000110343,0.000150737,0.000103474,8.56369e-05,6.88327e-05,6.07944e-05,5.46454e-05,5.06257e-05,4.62674e-05,4.36706e-05,4.13004e-05,3.97641e-05,3.85501e-05
Br5156,0.0011382,0.000535029,0.000472383,0.000364527,0.000220513,0.000121527,0.000126884,8.72294e-05,7.09311e-05,6.27408e-05,5.64809e-05,5.21501e-05,4.75691e-05,4.40112e-05,4.14708e-05,3.89357e-05,3.7378e-05,3.62709e-05
Br5228,0.000350164,0.000250426,1.02414e-05,0.000236767,9.53576e-05,7.30373e-05,0.000146005,9.43847e-05,7.83657e-05,6.22708e-05,5.44262e-05,5.04362e-05,4.61316e-05,4.17223e-05,3.94537e-05,3.75891e-05,3.607e-05,3.49611e-05
Br5249,0.000602288,0.000196338,0.0001594,0.000310983,0.000224771,0.000149107,0.000118271,9.48403e-05,7.52624e-05,5.58727e-05,4.8797e-05,4.33307e-05,4.027e-05,3.69264e-05,3.49209e-05,3.32647e-05,3.17583e-05,3.07651e-05
Br5266,0.00126887,0.000976765,0.000652931,0.000582623,0.000431474,0.00027458,0.000178115,0.0001102,8.67607e-05,6.90418e-05,5.93814e-05,5.4142e-05,4.87302e-05,4.47034e-05,4.23106e-05,4.01586e-05,3.85572e-05,3.73842e-05
Br5272,0.000389865,0.000418627,0.00059089,0.000516489,0.000341976,0.000172128,0.000126671,7.68979e-05,5.5048e-05,4.57008e-05,4.0171e-05,3.76706e-05,3.38215e-05,3.13034e-05,2.93853e-05,2.78668e-05,2.66948e-05,2.58169e-05
Br5276,0.00015403,-0.000373695,-0.000365974,7.21974e-05,2.71515e-05,0.000149756,0.000123883,9.18074e-05,7.44565e-05,6.61303e-05,5.72436e-05,5.24108e-05,4.74457e-05,4.33126e-05,4.08173e-05,3.8622e-05,3.71046e-05,3.59497e-05
Br5280,0.000772588,0.000532081,0.000446391,0.000494289,0.000260904,0.000206033,0.000158959,0.000107632,7.97895e-05,5.53929e-05,4.97629e-05,4.63722e-05,4.28819e-05,4.02905e-05,3.79144e-05,3.59346e-05,3.43781e-05,3.32969e-05
Br5288,0.000262294,0.000612379,0.000492013,0.000420899,0.00018433,0.000171589,0.00015929,9.51439e-05,8.12907e-05,6.77101e-05,6.02397e-05,5.56679e-05,5.17456e-05,4.75737e-05,4.48553e-05,4.22701e-05,4.03607e-05,3.91069e-05
Br5312,0.000882388,0.000706993,0.000332595,0.000349309,0.000173601,0.000161742,0.000161743,0.000111508,9.53463e-05,7.61452e-05,6.76397e-05,6.24731e-05,5.74998e-05,5.32821e-05,5.00612e-05,4.77266e-05,4.58096e-05,4.4423e-05
Br5314,0.000677307,0.000382952,0.000316781,0.000407559,0.000217674,0.000169278,0.000144874,0.000100154,7.1999e-05,5.51351e-05,4.80881e-05,4.54258e-05,4.23402e-05,3.90131e-05,3.6817e-05,3.47199e-05,3.33945e-05,3.23557e-05
Br5366,-0.000743079,-0.000160149,-0.000243045,6.71017e-05,0.000117034,6.62399e-05,7.99577e-05,6.37961e-05,5.7042e-05,4.90983e-05,4.32559e-05,3.95281e-05,3.67142e-05,3.38354e-05,3.16874e-05,2.97177e-05,2.82384e-05,2.73949e-05
Br5367,0.000341346,0.000263331,0.000140922,0.000348458,0.000201981,0.000143784,0.00013549,9.15853e-05,7.95714e-05,6.45655e-05,5.54937e-05,5.01195e-05,4.65876e-05,4.35329e-05,4.09398e-05,3.87263e-05,3.71709e-05,3.60293e-05
Br5392,0.000510695,0.000418457,0.000576035,0.000503146,0.000374939,0.00025677,0.00015744,0.000115213,9.63607e-05,7.62142e-05,6.72128e-05,6.17919e-05,5.62587e-05,5.177e-05,4.91497e-05,4.64444e-05,4.45033e-05,4.3172e-05
Br5395,-3.73951e-05,0.000271273,0.000142699,0.000187725,0.000127928,8.76853e-05,0.000138727,0.000100418,7.50996e-05,6.48876e-05,5.67585e-05,5.34073e-05,4.91114e-05,4.55795e-05,4.26809e-05,4.05212e-05,3.89494e-05,3.77507e-05
Br5400,0.000740607,1.79752e-05,0.000187118,0.000317324,0.000164983,0.000135601,0.000126485,8.2501e-05,7.50665e-05,6.34434e-05,5.79062e-05,5.2598e-05,4.82005e-05,4.45946e-05,4.21365e-05,4.02013e-05,3.86431e-05,3.74797e-05
Br5436,0.000415944,4.80597e-05,0.000122906,0.000362383,0.000165494,0.000162988,0.000139113,7.68414e-05,6.61129e-05,5.17196e-05,4.60788e-05,4.25168e-05,3.95467e-05,3.62605e-05,3.46129e-05,3.28399e-05,3.1572e-05,3.05858e-05
Br5437,0.000449467,0.000498012,0.000238238,0.000259665,0.000244555,0.000145174,0.000102807,7.06864e-05,5.37808e-05,4.6396e-05,3.95675e-05,3.71638e-05,3.51334e-05,3.23675e-05,3.04894e-05,2.85301e-05,2.73638e-05,2.65127e-05
Br5440,0.00108366,0.000680501,0.000554437,0.000599442,0.0003019,0.000182292,0.000178231,0.000110691,8.84788e-05,6.96851e-05,6.06681e-05,5.46208e-05,5.07869e-05,4.71645e-05,4.44658e-05,4.22594e-05,4.05564e-05,3.93254e-05
Br5448,0.000225838,0.000143604,0.000278945,0.000348645,0.000249866,0.000180535,0.000154262,9.64251e-05,7.72846e-05,6.19814e-05,5.26855e-05,5.03412e-05,4.64119e-05,4.19571e-05,3.96717e-05,3.74023e-05,3.59746e-05,3.4882e-05
Br5451,0.000466854,0.000265674,0.000146328,0.000484267,0.000390465,0.000219254,0.000156564,0.000101277,9.07363e-05,7.16459e-05,6.18199e-05,5.724e-05,5.32799e-05,4.90281e-05,4.60625e-05,4.3539e-05,4.18491e-05,4.05364e-05
Br5454,0.0016085,0.00123137,0.000707512,0.000442159,0.000199306,0.000185837,0.000141448,8.08025e-05,7.29995e-05,5.38871e-05,4.92915e-05,4.59355e-05,4.11157e-05,3.70887e-05,3.51421e-05,3.3314e-05,3.20826e-05,3.10863e-05
Br5472,0.000920198,0.000464833,0.00032658,0.000381228,0.000230767,0.000149037,0.000156361,9.63618e-05,7.34409e-05,6.09595e-05,5.34928e-05,4.98696e-05,4.57469e-05,4.2611e-05,3.95563e-05,3.76648e-05,3.61604e-05,3.50539e-05
Br5477,0.000320523,0.000413498,0.000630654,0.000608369,0.000417157,0.000186518,0.000153981,9.69039e-05,7.19801e-05,6.20269e-05,5.20191e-05,4.76075e-05,4.42289e-05,4.07705e-05,3.82965e-05,3.63221e-05,3.4937e-05,3.38718e-05
Br5481,0.000710969,0.000542486,0.000222895,0.000452835,0.000429437,0.000185697,0.000132864,8.93762e-05,7.54441e-05,5.65314e-05,4.79291e-05,4.53508e-05,4.18251e-05,3.92133e-05,3.69918e-05,3.50559e-05,3.38375e-05,3.28329e-05
Br5558,0.000104513,-0.000175973,-5.84607e-06,0.000374797,0.000192354,0.000123093,0.000123329,9.12066e-05,7.61005e-05,6.06491e-05,5.42624e-05,5.04105e-05,4.65873e-05,4.29323e-05,4.01876e-05,3.80926e-05,3.64769e-05,3.53996e-05
Br5572,0.000512733,0.000686621,0.000424117,0.000568298,0.000391639,0.000235436,0.000158173,0.000100666,8.3267e-05,6.72902e-05,5.96065e-05,5.38719e-05,4.93385e-05,4.49389e-05,4.30001e-05,4.06034e-05,3.90293e-05,3.78659e-05
Br5589,-9.15879e-05,0.000143963,0.000197998,0.000328777,0.000250984,0.00021006,0.000146152,0.000110811,8.09313e-05,6.58346e-05,5.83818e-05,5.24982e-05,4.8079e-05,4.36522e-05,4.07784e-05,3.86862e-05,3.73068e-05,3.62129e-05
Br5594,0.000576939,0.000359511,0.000219504,0.000425268,0.000134757,0.000109214,0.000130594,8.19285e-05,7.06575e-05,5.49099e-05,4.89332e-05,4.40204e-05,4.15783e-05,3.88632e-05,3.62933e-05,3.40578e-05,3.28238e-05,3.17959e-05
Br5599,0.00119169,0.000799541,0.000797677,0.000497877,0.00039838,0.000232698,0.000167032,0.000120841,9.1535e-05,7.36371e-05,6.38085e-05,5.88301e-05,5.40715e-05,5.02422e-05,4.73747e-05,4.51734e-05,4.33986e-05,4.20421e-05
Br5600,0.00127427,0.00067264,0.000378772,0.000600001,0.000367872,0.000314357,0.000211502,0.000125404,9.73383e-05,7.44872e-05,6.2001e-05,5.70788e-05,5.25261e-05,4.8678e-05,4.59153e-05,4.33227e-05,4.16143e-05,4.03259e-05
Br5617,0.000578928,0.000325653,0.000249803,0.000478205,0.000374966,0.000264757,0.000206201,0.00011846,9.27659e-05,7.3508e-05,6.04676e-05,5.67944e-05,5.11961e-05,4.68887e-05,4.45802e-05,4.22266e-05,4.04933e-05,3.92482e-05
Br5622,-7.34836e-05,0.000184595,7.6702e-05,0.000332732,0.000174013,0.000160003,0.000144698,0.000112377,8.77185e-05,7.02927e-05,6.52086e-05,5.93833e-05,5.48172e-05,5.03906e-05,4.7997e-05,4.52562e-05,4.34492e-05,4.20795e-05
Br5623,0.000939758,0.000493194,0.000308229,0.000534956,0.000322955,0.000181272,0.000154997,9.72733e-05,7.66276e-05,6.40863e-05,5.57015e-05,4.97782e-05,4.58708e-05,4.2346e-05,4.01171e-05,3.81688e-05,3.65814e-05,3.54496e-05
Br5639,0.000202131,1.5085e-05,0.000145113,0.000285964,9.1701e-05,0.000113315,0.000144452,9.11742e-05,7.87507e-05,5.84123e-05,5.26386e-05,4.92269e-05,4.49877e-05,4.17241e-05,3.91193e-05,3.68175e-05,3.54534e-05,3.43553e-05
Br5666,0.000106403,0.000228321,8.25775e-05,0.000233266,0.000141797,7.71567e-05,9.62835e-05,6.90243e-05,5.23181e-05,4.64425e-05,3.96976e-05,3.89399e-05,3.55917e-05,3.23052e-05,3.04487e-05,2.89134e-05,2.77567e-05,2.6921e-05
Br5673,0.000704297,0.000473255,0.000403176,0.000442957,0.000282199,0.000235013,0.000169141,0.000104843,8.49445e-05,6.15739e-05,5.37052e-05,4.96579e-05,4.44295e-05,4.13221e-05,3.91305e-05,3.72056e-05,3.56903e-05,3.46219e-05
Br5694,0.000254212,0.00041232,0.000369598,0.000520948,0.000200123,0.000177707,0.000141292,8.96158e-05,7.10993e-05,5.80749e-05,4.98352e-05,4.67882e-05,4.27478e-05,3.96613e-05,3.71365e-05,3.50642e-05,3.357e-05,3.25068e-05
Br5753,0.000683298,0.000868881,0.000598285,0.000480882,0.000335456,0.000148544,0.000189178,0.000129609,9.56677e-05,7.61485e-05,6.49141e-05,5.83665e-05,5.35998e-05,4.94685e-05,4.70836e-05,4.45193e-05,4.28276e-05,4.15451e-05
Br5760,0.00158083,0.000969225,0.000579673,0.000562734,0.000216078,0.000132572,0.000104437,7.46894e-05,5.75944e-05,5.35627e-05,4.71637e-05,4.49285e-05,4.04654e-05,3.66317e-05,3.45809e-05,3.2583e-05,3.11798e-05,3.02394e-05
Br5799,0.00131289,0.00067523,0.000429374,0.000403112,0.00025349,0.000185917,0.000159129,0.000109581,8.52929e-05,6.85509e-05,6.08221e-05,5.48156e-05,4.94615e-05,4.50621e-05,4.30918e-05,4.09145e-05,3.92298e-05,3.79965e-05
Br5803,0.000134227,0.000406713,0.000180875,0.00020268,0.000147263,0.00013938,0.000157417,0.000105251,8.42523e-05,6.58785e-05,5.58858e-05,5.22848e-05,4.7532e-05,4.37681e-05,4.15621e-05,3.9323e-05,3.78552e-05,3.6671e-05
Br5831,-0.000687441,-0.000727892,-0.000234936,2.87231e-05,3.19157e-05,0.000107583,9.96422e-05,7.99879e-05,6.8476e-05,5.26929e-05,4.63895e-05,4.4519e-05,4.06113e-05,3.77458e-05,3.58339e-05,3.39043e-05,3.25249e-05,3.15293e-05
Br5834,-0.000129502,5.21509e-05,-2.9361e-05,0.000219926,6.74159e-05,8.12337e-05,9.42981e-05,6.65554e-05,5.10127e-05,4.08819e-05,3.55145e-05,3.44028e-05,3.20847e-05,2.93592e-05,2.7801e-05,2.63929e-05,2.53122e-05,2.45581e-05
Br5840,0.00109836,0.000833084,0.000554255,0.000304685,0.000207048,0.000138628,0.000131451,9.25947e-05,7.00383e-05,5.75826e-05,4.77029e-05,4.46338e-05,4.1418e-05,3.77714e-05,3.50924e-05,3.32963e-05,3.19765e-05,3.10161e-05
Br5856,-1.32845e-05,0.00028221,5.93021e-05,0.000235529,0.0001788,9.39483e-05,0.000129168,7.7427e-05,5.68451e-05,4.82713e-05,4.44596e-05,4.24599e-05,3.96117e-05,3.58802e-05,3.3296e-05,3.1565e-05,3.01293e-05,2.92029e-05
Br5861,-0.000248977,-7.71946e-05,-0.000200173,0.000175179,0.000111916,0.000167782,9.52474e-05,5.9366e-05,4.84851e-05,3.89539e-05,3.86723e-05,3.40668e-05,3.14997e-05,2.91016e-05,2.7432e-05,2.58034e-05,2.47381e-05,2.39708e-05
Br5902,0.000262217,0.000373046,0.000291647,0.000272729,0.0002023,0.000177608,0.000130472,8.76232e-05,6.88735e-05,5.51682e-05,4.58202e-05,4.31163e-05,3.96984e-05,3.65278e-05,3.3921e-05,3.21627e-05,3.07958e-05,2.98444e-05
Br5910,-0.00067838,-0.000461937,-0.000348678,6.12506e-05,2.84348e-05,1.72512e-05,7.56059e-05,7.93665e-05,7.09919e-05,5.49278e-05,4.87853e-05,4.51802e-05,4.23437e-05,3.93706e-05,3.65442e-05,3.46513e-05,3.31887e-05,3.21624e-05
Br5916,-0.00011221,0.000104701,3.67766e-05,0.000180822,0.00012687,5.51848e-05,8.98984e-05,7.19506e-05,6.36107e-05,4.86342e-05,4.49988e-05,4.16846e-05,3.78805e-05,3.37154e-05,3.18554e-05,3.00933e-05,2.87504e-05,2.78644e-05
Br5920,0.000338183,-1.13113e-05,0.000156901,0.000395197,0.000278836,0.000184464,0.000125512,0.000100035,8.03573e-05,6.86259e-05,5.61444e-05,5.10847e-05,4.76047e-05,4.41285e-05,4.19626e-05,3.97135e-05,3.80287e-05,3.69096e-05
Br5939,0.00087167,0.00080321,0.000553084,0.000533885,0.000344916,0.000202121,0.000153525,0.000102293,8.2077e-05,6.81974e-05,6.0108e-05,5.58636e-05,5.13996e-05,4.74327e-05,4.46557e-05,4.22499e-05,4.04115e-05,3.91987e-05
Br5958,0.000354809,0.00021751,5.97632e-05,0.000277799,0.000189501,0.000179794,0.00012417,6.74802e-05,5.79455e-05,4.64842e-05,3.84213e-05,3.54851e-05,3.22915e-05,2.93013e-05,2.77253e-05,2.64919e-05,2.53118e-05,2.4537e-05
Br5960,0.00065905,0.000312005,0.000182012,0.000495072,0.000377439,0.000292431,0.000163493,0.000117025,9.02942e-05,7.02202e-05,5.95997e-05,5.47157e-05,4.97408e-05,4.59723e-05,4.37998e-05,4.16285e-05,3.98376e-05,3.85957e-05
Br5993,-0.000218818,-0.000274551,-0.000384728,8.87394e-05,2.21425e-05,0.000139095,0.000111904,8.78544e-05,7.56458e-05,5.90604e-05,4.82397e-05,4.53155e-05,4.06711e-05,3.72178e-05,3.50682e-05,3.35809e-05,3.22089e-05,3.12598e-05
Br6000,0.000578758,0.000568354,0.000528629,0.000535527,0.000454863,0.000288153,0.00019105,0.000117064,8.93683e-05,7.47553e-05,6.63447e-05,6.08424e-05,5.56233e-05,5.06036e-05,4.76404e-05,4.50909e-05,4.32794e-05,4.19427e-05
Br6016,0.00067363,0.000647248,0.000614236,0.000611025,0.000280555,0.000215842,0.000179236,0.000103931,8.13337e-05,6.46803e-05,5.44557e-05,5.0211e-05,4.56392e-05,4.19494e-05,3.96667e-05,3.72826e-05,3.55807e-05,3.44824e-05
Br6021,0.000391415,0.000236847,0.000161462,0.000426393,0.000221166,9.81972e-05,0.000124248,8.49336e-05,7.36491e-05,5.97544e-05,5.25219e-05,4.7237e-05,4.30122e-05,3.98613e-05,3.77831e-05,3.56014e-05,3.41444e-05,3.30914e-05
Br6114,0.000456918,0.00036536,6.05232e-05,0.00026741,0.000163243,8.51818e-05,0.000134501,0.000104672,7.73921e-05,6.76e-05,5.94795e-05,5.43444e-05,4.99663e-05,4.58634e-05,4.35133e-05,4.11943e-05,3.96e-05,3.83364e-05
Br6126,0.000500246,0.000352434,0.000119248,0.000308978,0.000126215,0.000188284,0.000146206,0.000112989,9.29852e-05,7.3915e-05,6.27303e-05,5.78583e-05,5.2622e-05,4.85218e-05,4.57508e-05,4.34159e-05,4.17374e-05,4.04623e-05
Br6148,0.00048832,0.000506427,0.000481738,0.00063822,0.000433247,0.000204657,0.000179663,0.000108776,8.11687e-05,6.4374e-05,5.34527e-05,4.83073e-05,4.42091e-05,4.08663e-05,3.80961e-05,3.63343e-05,3.49788e-05,3.39044e-05
Br6192,0.00056684,0.000225432,0.000384181,0.000582396,0.000290075,0.000130689,0.000127909,8.81761e-05,6.99075e-05,5.50621e-05,4.90786e-05,4.35186e-05,3.99497e-05,3.67749e-05,3.45938e-05,3.29054e-05,3.15263e-05,3.05935e-05
Br6197,0.00114653,0.000605967,0.000381659,0.000503211,0.000283772,0.000232232,0.000163316,9.98089e-05,7.87616e-05,5.71517e-05,5.03495e-05,4.86543e-05,4.44235e-05,4.08076e-05,3.89836e-05,3.68641e-05,3.52355e-05,3.41912e-05
Br6203,-0.000423945,-0.000166991,0.000139547,0.000436481,0.000183698,0.000123347,0.000139281,9.81876e-05,7.11174e-05,5.88829e-05,5.21376e-05,4.72424e-05,4.25566e-05,3.90999e-05,3.66084e-05,3.45035e-05,3.30821e-05,3.20378e-05
Br6231,0.000342376,-6.06383e-05,-5.05432e-05,0.00036831,0.000260206,0.000186725,0.00015231,9.91069e-05,7.35824e-05,6.32826e-05,5.32394e-05,5.03102e-05,4.58018e-05,4.21668e-05,3.9597e-05,3.74385e-05,3.57806e-05,3.46606e-05
Br6238,0.000184777,0.000486304,5.68688e-05,0.000290261,0.000211341,0.000234659,0.000176529,0.000118289,9.95721e-05,7.97369e-05,7.02944e-05,6.45029e-05,6.02013e-05,5.54985e-05,5.18057e-05,4.9017e-05,4.70597e-05,4.56246e-05
Br6256,0.000668153,0.000435295,5.85295e-05,0.000346028,0.000181403,0.000207807,0.000146559,9.99022e-05,8.15868e-05,6.15397e-05,5.24297e-05,4.78695e-05,4.37369e-05,3.99369e-05,3.73574e-05,3.53089e-05,3.38784e-05,3.28504e-05
Br6279,-0.000182759,-0.000105835,-0.000132122,0.000192547,0.000105127,0.000113352,0.000117082,9.05746e-05,7.3917e-05,5.58835e-05,4.79626e-05,4.33181e-05,4.0704e-05,3.75646e-05,3.52793e-05,3.33636e-05,3.21269e-05,3.11593e-05
Br6297,-0.000250378,-0.000248236,-0.000191212,3.85464e-05,5.57087e-05,1.59749e-05,8.84037e-05,6.64041e-05,6.08797e-05,4.74518e-05,3.95617e-05,3.79069e-05,3.42469e-05,3.19796e-05,3.01224e-05,2.86273e-05,2.74266e-05,2.65585e-05
Br6316,0.00105601,0.000825527,0.000431961,0.000297743,0.000123129,9.29911e-05,9.57145e-05,9.22845e-05,7.71649e-05,5.86979e-05,4.97455e-05,4.81497e-05,4.43585e-05,4.07333e-05,3.85372e-05,3.64123e-05,3.50723e-05,3.40107e-05
Br6320,0.000152301,0.000122337,0.000139504,0.000381256,0.000235914,0.000200235,0.000166235,0.000123505,9.40739e-05,7.34673e-05,6.45472e-05,5.80347e-05,5.37901e-05,4.93498e-05,4.67003e-05,4.41703e-05,4.22664e-05,4.09924e-05
Br6344,-7.70202e-05,-0.000205434,7.90133e-05,0.000405596,0.000258943,0.000161923,0.000166236,0.000120496,9.21957e-05,7.54503e-05,6.37707e-05,5.92136e-05,5.44134e-05,5.02557e-05,4.76577e-05,4.52403e-05,4.35104e-05,4.21489e-05
Br6366,-0.000182583,-0.000266811,-3.36018e-05,0.000192324,0.000212452,6.27426e-05,0.000113279,9.62977e-05,7.78531e-05,6.78165e-05,6.14523e-05,5.67604e-05,5.26502e-05,4.83914e-05,4.60601e-05,4.35604e-05,4.18107e-05,4.05393e-05
Br6382,0.000565493,0.000520385,0.000269234,0.000269165,0.000164315,0.000117464,0.000134711,9.11502e-05,8.22657e-05,6.662e-05,5.7219e-05,5.4647e-05,5.05211e-05,4.66291e-05,4.35224e-05,4.12849e-05,3.96558e-05,3.84186e-05
Br6413,0.000587707,0.00028534,0.000115075,0.000193022,0.00019713,0.000200064,0.000135998,0.000107109,8.76951e-05,7.22129e-05,6.30381e-05,5.66856e-05,5.23292e-05,4.77111e-05,4.509e-05,4.25965e-05,4.09235e-05,3.97073e-05
Br6424,-0.000285384,-0.00018218,-0.000240552,-9.59862e-05,3.70478e-05,8.51203e-05,0.000126979,7.68187e-05,6.05906e-05,4.79573e-05,4.15929e-05,3.81703e-05,3.49927e-05,3.18085e-05,2.99159e-05,2.84695e-05,2.72886e-05,2.64749e-05
Br6432,-0.000515419,-0.000419975,-0.000208283,1.90217e-05,5.28926e-05,6.19661e-05,8.60737e-05,6.2853e-05,5.03049e-05,4.58625e-05,4.05762e-05,3.76335e-05,3.49766e-05,3.11253e-05,2.96807e-05,2.80264e-05,2.68102e-05,2.59935e-05
Br6436,0.00134465,0.00106688,0.00064579,0.00054877,0.000289506,0.000248846,0.000172377,0.00011747,8.90161e-05,7.26216e-05,6.59102e-05,5.93231e-05,5.44817e-05,4.9699e-05,4.65195e-05,4.41917e-05,4.23334e-05,4.1013e-05
Br6450,0.00103343,0.000558125,0.000442835,0.000377979,0.000243149,0.000180734,0.000135968,0.000101358,7.99075e-05,5.70131e-05,5.09955e-05,4.67636e-05,4.29811e-05,3.92065e-05,3.70158e-05,3.5075e-05,3.36728e-05,3.26726e-05
Br6471,0.000323824,8.40262e-05,0.000108309,0.000303604,0.000141977,8.39655e-05,9.20292e-05,6.55591e-05,5.00389e-05,3.99786e-05,3.4096e-05,3.37334e-05,3.11465e-05,2.83074e-05,2.65542e-05,2.49196e-05,2.38914e-05,2.31754e-05
Br6489,0.000288134,0.000156054,0.000193475,0.000230688,0.000161477,0.000194088,0.000122961,8.5788e-05,6.68749e-05,5.71982e-05,4.92395e-05,4.78075e-05,4.28247e-05,3.92313e-05,3.64559e-05,3.45991e-05,3.31404e-05,3.21255e-05
Br6499,0.00072577,0.00049366,0.000121303,0.000327535,0.000224217,0.00017314,0.000152731,0.000115032,9.26186e-05,7.37926e-05,6.36058e-05,5.70421e-05,5.28656e-05,4.88913e-05,4.60155e-05,4.37701e-05,4.19408e-05,4.06634e-05
Br6529,-0.000150454,-2.50287e-05,-8.89501e-05,5.03831e-05,0.000146446,6.85678e-05,9.57711e-05,5.34154e-05,4.53216e-05,3.88937e-05,3.47356e-05,3.25517e-05,2.98667e-05,2.74935e-05,2.55445e-05,2.3949e-05,2.29044e-05,2.21981e-05
Br6588,-0.000220516,-0.000144842,5.54948e-05,0.000249054,0.000138985,0.000127817,8.5458e-05,7.89023e-05,5.96063e-05,4.67008e-05,3.97565e-05,3.71032e-05,3.49761e-05,3.19917e-05,3.00951e-05,2.83947e-05,2.71164e-05,2.62963e-05
Br8042,2.29357e-05,3.1038e-05,4.5853e-05,0.000281376,0.000128594,0.000131818,0.000163641,9.24285e-05,7.1209e-05,5.42149e-05,4.75471e-05,4.40866e-05,4.01016e-05,3.67608e-05,3.51388e-05,3.32284e-05,3.18667e-05,3.0898e-05
Br8073,0.0012036,0.000916202,0.000340728,0.000377835,0.00019293,0.000169915,0.000149323,0.000104915,8.0772e-05,6.66813e-05,5.6401e-05,5.22037e-05,4.84321e-05,4.42399e-05,4.20033e-05,3.97387e-05,3.80859e-05,3.688e-05
Br8092,4.61376e-05,1.55358e-05,-7.87841e-05,0.000102007,0.000132689,0.000108085,9.57631e-05,6.8122e-05,5.54572e-05,4.41131e-05,3.8321e-05,3.69531e-05,3.37941e-05,3.12439e-05,2.97837e-05,2.81971e-05,2.69789e-05,2.61421e-05
Br8100,6.34204e-05,-0.000197368,-3.92126e-06,0.000170969,0.000138303,0.000154036,0.000144818,0.000103062,8.37501e-05,6.63441e-05,5.89013e-05,5.48856e-05,5.12786e-05,4.82547e-05,4.55218e-05,4.30174e-05,4.13356e-05,4.0074e-05
Br8104,0.000239586,0.000101331,0.00017408,0.000348628,0.000108369,0.000150806,0.000134232,0.000105351,7.34674e-05,6.20404e-05,5.62178e-05,5.22945e-05,4.72799e-05,4.36592e-05,4.12493e-05,3.91279e-05,3.75231e-05,3.64052e-05
Br8127,0.000526067,0.000176806,-3.06967e-05,0.00016406,1.35799e-05,6.87725e-05,0.00014982,9.24004e-05,7.80813e-05,5.58362e-05,5.13404e-05,4.81653e-05,4.40625e-05,4.0721e-05,3.86416e-05,3.66638e-05,3.50841e-05,3.40472e-05
Br8134,2.16421e-05,0.000228995,4.56684e-05,0.000308438,8.02324e-05,0.000130077,0.000132806,8.41736e-05,7.44959e-05,6.15509e-05,5.17356e-05,4.71367e-05,4.3495e-05,3.94397e-05,3.71962e-05,3.50985e-05,3.36023e-05,3.25397e-05
Br8136,0.000284807,0.000221076,9.53549e-05,0.000223938,0.000189518,0.000142736,0.000150891,0.00011978,9.38886e-05,7.41357e-05,6.35729e-05,5.91744e-05,5.33567e-05,4.91294e-05,4.59609e-05,4.3486e-05,4.16101e-05,4.02946e-05
Br8158,0.000621086,0.000552773,0.00013388,0.000223138,6.16266e-05,7.31597e-05,0.00012036,8.33658e-05,6.9445e-05,5.85923e-05,5.23017e-05,4.75612e-05,4.40484e-05,4.05496e-05,3.7989e-05,3.62894e-05,3.47609e-05,3.37123e-05
Br8210,0.00104679,0.00030332,0.000201934,0.000383093,0.000293709,0.000258446,0.000220926,0.000126471,9.96836e-05,8.13316e-05,7.01439e-05,6.47734e-05,5.92851e-05,5.40773e-05,5.10328e-05,4.85185e-05,4.65356e-05,4.5146e-05
Br8218,0.0012453,0.000807301,0.00083473,0.000800908,0.000542832,0.000299455,0.00017513,0.000114679,9.13354e-05,7.17763e-05,6.06204e-05,5.44101e-05,4.97103e-05,4.54523e-05,4.31773e-05,4.09756e-05,3.92577e-05,3.80193e-05
Br8221,0.00192977,0.00118916,0.000537766,0.000661884,0.000479575,0.000320083,0.000182438,0.000110264,7.96798e-05,6.73926e-05,6.22944e-05,5.73928e-05,5.33068e-05,4.91444e-05,4.63323e-05,4.38732e-05,4.20791e-05,4.08082e-05
Br8237,0.000278088,3.84656e-05,2.53678e-05,0.000201644,0.000263094,0.000163437,0.000122083,9.69615e-05,7.55664e-05,5.90939e-05,5.44818e-05,5.04788e-05,4.65986e-05,4.31822e-05,4.07854e-05,3.84999e-05,3.69415e-05,3.58149e-05
Br8325,0.000814741,0.000951869,0.000487175,0.000486089,0.000306382,0.000195398,0.000158579,0.000104503,7.79645e-05,6.22044e-05,5.24668e-05,4.82248e-05,4.30972e-05,3.9521e-05,3.73955e-05,3.53037e-05,3.39494e-05,3.29499e-05
Br8404,0.00079088,0.000456333,0.00055314,0.000625291,0.000415248,0.000262155,0.00016827,9.51477e-05,7.12472e-05,5.79052e-05,5.14415e-05,4.63063e-05,4.30929e-05,3.98111e-05,3.77442e-05,3.56219e-05,3.40366e-05,3.29944e-05
Br8433,8.07438e-05,-1.93326e-05,0.000181838,0.000482304,0.00024967,0.000195997,0.000156776,0.000115,8.80799e-05,7.36775e-05,6.31145e-05,5.71065e-05,5.12141e-05,4.71457e-05,4.42321e-05,4.19156e-05,4.02724e-05,3.90641e-05
Br8485,0.000540402,0.000250436,3.2964e-05,0.000203963,0.000150314,0.000143859,0.000151628,9.15232e-05,7.94782e-05,6.37306e-05,5.66691e-05,5.22567e-05,4.77588e-05,4.46987e-05,4.21672e-05,3.99705e-05,3.82522e-05,3.70507e-05
Br8492,0.000357221,-0.000120262,1.52515e-05,0.000201125,0.00011427,0.000124208,9.712e-05,7.33321e-05,5.79159e-05,4.57832e-05,4.14524e-05,3.85954e-05,3.5306e-05,3.26085e-05,3.08977e-05,2.91058e-05,2.79337e-05,2.70861e-05
Br8600,0.000537025,0.000709472,0.000625863,0.000561729,0.000363976,0.000267721,0.000161389,0.000104193,7.75882e-05,6.21691e-05,5.51638e-05,5.1162e-05,4.5808e-05,4.17854e-05,3.9396e-05,3.7298e-05,3.57416e-05,3.47157e-05
Br8665,0.000273158,0.000186622,3.66355e-05,0.000325307,0.000219345,0.000192002,0.000162652,0.000113919,9.17006e-05,7.78152e-05,6.77603e-05,6.12545e-05,5.67059e-05,5.246e-05,4.94476e-05,4.70373e-05,4.49946e-05,4.35926e-05
Br8667,0.000329982,0.000467071,0.000213307,0.00026895,0.000207436,8.42869e-05,9.27458e-05,7.87948e-05,6.34452e-05,5.36897e-05,4.79416e-05,4.23646e-05,3.89231e-05,3.60721e-05,3.39642e-05,3.2088e-05,3.06469e-05,2.97209e-05
Br8677,0.000226886,0.000241316,0.000282978,0.000376402,0.000144268,0.000108265,9.03566e-05,7.35056e-05,5.88335e-05,5.20283e-05,4.56151e-05,4.26626e-05,4.02667e-05,3.70345e-05,3.46057e-05,3.29906e-05,3.1604e-05,3.06786e-05
Br8741,7.7721e-05,0.000120203,3.46843e-05,0.000213436,0.000199264,0.000139415,0.000113992,7.98823e-05,6.7901e-05,6.25204e-05,5.50706e-05,5.03908e-05,4.57893e-05,4.25326e-05,3.96086e-05,3.74052e-05,3.59897e-05,3.49078e-05
