"term","NES","LR_in_leadingEdge","gene_name","source","name"
"'De Novo' Post-Translational Protein Folding (GO:0051084)",1.9229243028789,1,"HSPA1B","smoothed","'De Novo' Post-Translational Protein Folding"
"Anterograde Trans-Synaptic Signaling (GO:0098916)",-2.11273216212568,1,"DOC2A","smoothed","Anterograde Trans-Synaptic Signaling"
"Antimicrobial Humoral Immune Response Mediated by Antimicrobial Peptide (GO:0061844)",1.84333706380621,1,"GAPDH","smoothed","Antimicrobial Humoral Immune Response Mediated by Antimicrobial Peptide"
"Antimicrobial Humoral Response (GO:0019730)",1.88637195470151,1,"GAPDH","smoothed","Antimicrobial Humoral Response"
"Apoptotic Process (GO:0006915)",1.67702420006406,4,"EMP1","smoothed","Apoptotic Process"
"Apoptotic Process (GO:0006915)",1.67702420006406,4,"GADD45A","smoothed","Apoptotic Process"
"Apoptotic Process (GO:0006915)",1.67702420006406,4,"ZBTB16","smoothed","Apoptotic Process"
"Apoptotic Process (GO:0006915)",1.67702420006406,4,"GAPDH","smoothed","Apoptotic Process"
"Canonical NF-kappaB Signal Transduction (GO:0007249)",2.08144031269936,1,"NFKBIA","smoothed","Canonical NF-kappaB Signal Transduction"
"Cellular Response to Cadmium Ion (GO:0071276)",2.17961616925817,2,"MT1X","smoothed","Cellular Response to Cadmium Ion"
"Cellular Response to Cadmium Ion (GO:0071276)",2.17961616925817,2,"MT2A","smoothed","Cellular Response to Cadmium Ion"
"Cellular Response to Copper Ion (GO:0071280)",2.00898293837829,2,"MT1X","smoothed","Cellular Response to Copper Ion"
"Cellular Response to Copper Ion (GO:0071280)",2.00898293837829,2,"MT2A","smoothed","Cellular Response to Copper Ion"
"Cellular Response to Cytokine Stimulus (GO:0071345)",2.38683046561495,4,"YBX3","smoothed","Cellular Response to Cytokine Stimulus"
"Cellular Response to Cytokine Stimulus (GO:0071345)",2.38683046561495,4,"MT1X","smoothed","Cellular Response to Cytokine Stimulus"
"Cellular Response to Cytokine Stimulus (GO:0071345)",2.38683046561495,4,"MT2A","smoothed","Cellular Response to Cytokine Stimulus"
"Cellular Response to Cytokine Stimulus (GO:0071345)",2.38683046561495,4,"GAPDH","smoothed","Cellular Response to Cytokine Stimulus"
"Cellular Response to Growth Factor Stimulus (GO:0071363)",1.98798160696993,1,"CD44","smoothed","Cellular Response to Growth Factor Stimulus"
"Cellular Response to Heat (GO:0034605)",2.22892781251271,2,"HSPA1B","smoothed","Cellular Response to Heat"
"Cellular Response to Heat (GO:0034605)",2.22892781251271,2,"HSP90AA1","smoothed","Cellular Response to Heat"
"Cellular Response to Insulin Stimulus (GO:0032869)",1.72492782224692,2,"IRS2","smoothed","Cellular Response to Insulin Stimulus"
"Cellular Response to Insulin Stimulus (GO:0032869)",1.72492782224692,2,"PHIP","smoothed","Cellular Response to Insulin Stimulus"
"Cellular Response to Interleukin-1 (GO:0071347)",1.7695502574293,1,"NFKBIA","smoothed","Cellular Response to Interleukin-1"
"Cellular Response to Lipid (GO:0071396)",1.71854110820435,1,"HSPA1B","smoothed","Cellular Response to Lipid"
"Cellular Response to Peptide Hormone Stimulus (GO:0071375)",1.78012634152187,1,"IRS2","smoothed","Cellular Response to Peptide Hormone Stimulus"
"Cellular Response to Steroid Hormone Stimulus (GO:0071383)",1.86471999532911,1,"HSPA1B","smoothed","Cellular Response to Steroid Hormone Stimulus"
"Cellular Response to Tumor Necrosis Factor (GO:0071356)",2.13309669327838,2,"YBX3","smoothed","Cellular Response to Tumor Necrosis Factor"
"Cellular Response to Tumor Necrosis Factor (GO:0071356)",2.13309669327838,2,"NFKBIA","smoothed","Cellular Response to Tumor Necrosis Factor"
"Cellular Response to Type II Interferon (GO:0071346)",1.97942380257693,1,"GAPDH","smoothed","Cellular Response to Type II Interferon"
"Chaperone Cofactor-Dependent Protein Refolding (GO:0051085)",1.95407572126936,1,"HSPA1B","smoothed","Chaperone Cofactor-Dependent Protein Refolding"
"Chemical Synaptic Transmission (GO:0007268)",-2.20807428136083,1,"DOC2A","smoothed","Chemical Synaptic Transmission"
"Chromatin Organization (GO:0006325)",1.45068482383306,2,"PER1","smoothed","Chromatin Organization"
"Chromatin Organization (GO:0006325)",1.45068482383306,2,"ANP32B","smoothed","Chromatin Organization"
"Chromatin Remodeling (GO:0006338)",1.55329645793286,1,"PER1","smoothed","Chromatin Remodeling"
"Copper Ion Homeostasis (GO:0055070)",1.9878133138678,2,"CP","smoothed","Copper Ion Homeostasis"
"Copper Ion Homeostasis (GO:0055070)",1.9878133138678,2,"MT2A","smoothed","Copper Ion Homeostasis"
"Cytokine-Mediated Signaling Pathway (GO:0019221)",2.16083511392174,1,"NFKBIA","smoothed","Cytokine-Mediated Signaling Pathway"
"Cytoplasmic Translation (GO:0002181)",2.95444999857002,4,"RPS8","smoothed","Cytoplasmic Translation"
"Cytoplasmic Translation (GO:0002181)",2.95444999857002,4,"RPS4X","smoothed","Cytoplasmic Translation"
"Cytoplasmic Translation (GO:0002181)",2.95444999857002,4,"RPLP2","smoothed","Cytoplasmic Translation"
"Cytoplasmic Translation (GO:0002181)",2.95444999857002,4,"UBA52","smoothed","Cytoplasmic Translation"
"DNA Damage Response (GO:0006974)",1.48782444170986,3,"GADD45A","smoothed","DNA Damage Response"
"DNA Damage Response (GO:0006974)",1.48782444170986,3,"BCL6","smoothed","DNA Damage Response"
"DNA Damage Response (GO:0006974)",1.48782444170986,3,"LDLR","smoothed","DNA Damage Response"
"Defense Response to Fungus (GO:0050832)",1.80529752398186,1,"GAPDH","smoothed","Defense Response to Fungus"
"Gene Expression (GO:0010467)",1.93218206892072,4,"RPS8","smoothed","Gene Expression"
"Gene Expression (GO:0010467)",1.93218206892072,4,"RPS4X","smoothed","Gene Expression"
"Gene Expression (GO:0010467)",1.93218206892072,4,"RPLP2","smoothed","Gene Expression"
"Gene Expression (GO:0010467)",1.93218206892072,4,"UBA52","smoothed","Gene Expression"
"Hemopoiesis (GO:0030097)",1.73719692634697,1,"ZBTB16","smoothed","Hemopoiesis"
"Hexose Biosynthetic Process (GO:0019319)",1.82184424591358,1,"PGAM2","smoothed","Hexose Biosynthetic Process"
"Inflammatory Response (GO:0006954)",2.34403992147772,1,"CD44","smoothed","Inflammatory Response"
"Insulin Receptor Signaling Pathway (GO:0008286)",1.75952616391957,2,"IRS2","smoothed","Insulin Receptor Signaling Pathway"
"Insulin Receptor Signaling Pathway (GO:0008286)",1.75952616391957,2,"PHIP","smoothed","Insulin Receptor Signaling Pathway"
"Integrated Stress Response Signaling (GO:0140467)",2.15527549127887,2,"CEBPD","smoothed","Integrated Stress Response Signaling"
"Integrated Stress Response Signaling (GO:0140467)",2.15527549127887,2,"JUN","smoothed","Integrated Stress Response Signaling"
"Interleukin-1-Mediated Signaling Pathway (GO:0070498)",1.9559171995627,1,"NFKBIA","smoothed","Interleukin-1-Mediated Signaling Pathway"
"Intracellular Copper Ion Homeostasis (GO:0006878)",1.93863313748544,2,"CP","smoothed","Intracellular Copper Ion Homeostasis"
"Intracellular Copper Ion Homeostasis (GO:0006878)",1.93863313748544,2,"MT2A","smoothed","Intracellular Copper Ion Homeostasis"
"Intracellular Iron Ion Homeostasis (GO:0006879)",1.85411116578603,1,"CP","smoothed","Intracellular Iron Ion Homeostasis"
"Intracellular Monoatomic Cation Homeostasis (GO:0030003)",1.57278639107541,4,"CP","smoothed","Intracellular Monoatomic Cation Homeostasis"
"Intracellular Monoatomic Cation Homeostasis (GO:0030003)",1.57278639107541,4,"MT1X","smoothed","Intracellular Monoatomic Cation Homeostasis"
"Intracellular Monoatomic Cation Homeostasis (GO:0030003)",1.57278639107541,4,"MT2A","smoothed","Intracellular Monoatomic Cation Homeostasis"
"Intracellular Monoatomic Cation Homeostasis (GO:0030003)",1.57278639107541,4,"TPT1","smoothed","Intracellular Monoatomic Cation Homeostasis"
"Intracellular Signaling Cassette (GO:0141124)",1.52745220880131,3,"CEBPD","smoothed","Intracellular Signaling Cassette"
"Intracellular Signaling Cassette (GO:0141124)",1.52745220880131,3,"JUN","smoothed","Intracellular Signaling Cassette"
"Intracellular Signaling Cassette (GO:0141124)",1.52745220880131,3,"NFKBIA","smoothed","Intracellular Signaling Cassette"
"Intracellular Zinc Ion Homeostasis (GO:0006882)",1.92150894443817,2,"MT1X","smoothed","Intracellular Zinc Ion Homeostasis"
"Intracellular Zinc Ion Homeostasis (GO:0006882)",1.92150894443817,2,"MT2A","smoothed","Intracellular Zinc Ion Homeostasis"
"Kidney Development (GO:0001822)",1.68964578785536,1,"ZBTB16","smoothed","Kidney Development"
"Macromolecule Biosynthetic Process (GO:0009059)",2.26003418440311,4,"RPS8","smoothed","Macromolecule Biosynthetic Process"
"Macromolecule Biosynthetic Process (GO:0009059)",2.26003418440311,4,"RPS4X","smoothed","Macromolecule Biosynthetic Process"
"Macromolecule Biosynthetic Process (GO:0009059)",2.26003418440311,4,"RPLP2","smoothed","Macromolecule Biosynthetic Process"
"Macromolecule Biosynthetic Process (GO:0009059)",2.26003418440311,4,"UBA52","smoothed","Macromolecule Biosynthetic Process"
"Myeloid Cell Differentiation (GO:0030099)",1.92205628721918,1,"ZBTB16","smoothed","Myeloid Cell Differentiation"
"Negative Regulation of Apoptotic Process (GO:0043066)",2.05423914564161,5,"HSPA1B","smoothed","Negative Regulation of Apoptotic Process"
"Negative Regulation of Apoptotic Process (GO:0043066)",2.05423914564161,5,"CD44","smoothed","Negative Regulation of Apoptotic Process"
"Negative Regulation of Apoptotic Process (GO:0043066)",2.05423914564161,5,"ANP32B","smoothed","Negative Regulation of Apoptotic Process"
"Negative Regulation of Apoptotic Process (GO:0043066)",2.05423914564161,5,"PHIP","smoothed","Negative Regulation of Apoptotic Process"
"Negative Regulation of Apoptotic Process (GO:0043066)",2.05423914564161,5,"TPT1","smoothed","Negative Regulation of Apoptotic Process"
"Negative Regulation of Canonical NF-kappaB Signal Transduction (GO:0043124)",1.76660674701177,2,"PER1","smoothed","Negative Regulation of Canonical NF-kappaB Signal Transduction"
"Negative Regulation of Canonical NF-kappaB Signal Transduction (GO:0043124)",1.76660674701177,2,"NFKBIA","smoothed","Negative Regulation of Canonical NF-kappaB Signal Transduction"
"Negative Regulation of Cell Population Proliferation (GO:0008285)",1.58040621176629,3,"HSPA1B","smoothed","Negative Regulation of Cell Population Proliferation"
"Negative Regulation of Cell Population Proliferation (GO:0008285)",1.58040621176629,3,"LMNA","smoothed","Negative Regulation of Cell Population Proliferation"
"Negative Regulation of Cell Population Proliferation (GO:0008285)",1.58040621176629,3,"BTG1","smoothed","Negative Regulation of Cell Population Proliferation"
"Negative Regulation of Cellular Process (GO:0048523)",1.69685632724823,6,"HSPA1B","smoothed","Negative Regulation of Cellular Process"
"Negative Regulation of Cellular Process (GO:0048523)",1.69685632724823,6,"BCL6","smoothed","Negative Regulation of Cellular Process"
"Negative Regulation of Cellular Process (GO:0048523)",1.69685632724823,6,"NFKBIA","smoothed","Negative Regulation of Cellular Process"
"Negative Regulation of Cellular Process (GO:0048523)",1.69685632724823,6,"LMNA","smoothed","Negative Regulation of Cellular Process"
"Negative Regulation of Cellular Process (GO:0048523)",1.69685632724823,6,"BTG1","smoothed","Negative Regulation of Cellular Process"
"Negative Regulation of Cellular Process (GO:0048523)",1.69685632724823,6,"ANP32B","smoothed","Negative Regulation of Cellular Process"
"Negative Regulation of Cytokine Production (GO:0001818)",1.96246758245991,2,"SRGN","smoothed","Negative Regulation of Cytokine Production"
"Negative Regulation of Cytokine Production (GO:0001818)",1.96246758245991,2,"NFKBIA","smoothed","Negative Regulation of Cytokine Production"
"Negative Regulation of Cytokine Production Involved in Inflammatory Response (GO:1900016)",2.00197056449716,1,"NFKBIA","smoothed","Negative Regulation of Cytokine Production Involved in Inflammatory [...]"
"Negative Regulation of DNA Binding (GO:0043392)",1.96772900383721,1,"JUN","smoothed","Negative Regulation of DNA Binding"
"Negative Regulation of Extrinsic Apoptotic Signaling Pathway (GO:2001237)",1.9944186386915,2,"HSPA1B","smoothed","Negative Regulation of Extrinsic Apoptotic Signaling Pathway"
"Negative Regulation of Extrinsic Apoptotic Signaling Pathway (GO:2001237)",1.9944186386915,2,"PHIP","smoothed","Negative Regulation of Extrinsic Apoptotic Signaling Pathway"
"Negative Regulation of Gene Expression (GO:0010629)",1.76943385879751,4,"HSPA1B","smoothed","Negative Regulation of Gene Expression"
"Negative Regulation of Gene Expression (GO:0010629)",1.76943385879751,4,"SRGN","smoothed","Negative Regulation of Gene Expression"
"Negative Regulation of Gene Expression (GO:0010629)",1.76943385879751,4,"ALKBH5","smoothed","Negative Regulation of Gene Expression"
"Negative Regulation of Gene Expression (GO:0010629)",1.76943385879751,4,"GAPDH","smoothed","Negative Regulation of Gene Expression"
"Negative Regulation of Growth (GO:0045926)",1.98962843539359,5,"HSPA1B","smoothed","Negative Regulation of Growth"
"Negative Regulation of Growth (GO:0045926)",1.98962843539359,5,"MT1X","smoothed","Negative Regulation of Growth"
"Negative Regulation of Growth (GO:0045926)",1.98962843539359,5,"BCL6","smoothed","Negative Regulation of Growth"
"Negative Regulation of Growth (GO:0045926)",1.98962843539359,5,"MT2A","smoothed","Negative Regulation of Growth"
"Negative Regulation of Growth (GO:0045926)",1.98962843539359,5,"BTG1","smoothed","Negative Regulation of Growth"
"Negative Regulation of Intracellular Signal Transduction (GO:1902532)",1.73162328968555,2,"PER1","smoothed","Negative Regulation of Intracellular Signal Transduction"
"Negative Regulation of Intracellular Signal Transduction (GO:1902532)",1.73162328968555,2,"NFKBIA","smoothed","Negative Regulation of Intracellular Signal Transduction"
"Negative Regulation of Intracellular Steroid Hormone Receptor Signaling Pathway (GO:0033144)",1.80698490150927,1,"PER1","smoothed","Negative Regulation of Intracellular Steroid Hormone Receptor Signaling [...]"
"Negative Regulation of Intrinsic Apoptotic Signaling Pathway (GO:2001243)",1.97814013679122,2,"YBX3","smoothed","Negative Regulation of Intrinsic Apoptotic Signaling Pathway"
"Negative Regulation of Intrinsic Apoptotic Signaling Pathway (GO:2001243)",1.97814013679122,2,"TPT1","smoothed","Negative Regulation of Intrinsic Apoptotic Signaling Pathway"
"Negative Regulation of Intrinsic Apoptotic Signaling Pathway in Response to DNA Damage (GO:1902230)",1.83263915793438,2,"CD44","smoothed","Negative Regulation of Intrinsic Apoptotic Signaling Pathway in Response [...]"
"Negative Regulation of Intrinsic Apoptotic Signaling Pathway in Response to DNA Damage (GO:1902230)",1.83263915793438,2,"TPT1","smoothed","Negative Regulation of Intrinsic Apoptotic Signaling Pathway in Response [...]"
"Negative Regulation of MAPK Cascade (GO:0043409)",1.78311945871398,1,"PER1","smoothed","Negative Regulation of MAPK Cascade"
"Negative Regulation of Multicellular Organismal Process (GO:0051241)",1.75516431499257,2,"SRGN","smoothed","Negative Regulation of Multicellular Organismal Process"
"Negative Regulation of Multicellular Organismal Process (GO:0051241)",1.75516431499257,2,"ARRDC3","smoothed","Negative Regulation of Multicellular Organismal Process"
"Negative Regulation of Programmed Cell Death (GO:0043069)",2.10175609660374,5,"HSPA1B","smoothed","Negative Regulation of Programmed Cell Death"
"Negative Regulation of Programmed Cell Death (GO:0043069)",2.10175609660374,5,"CD44","smoothed","Negative Regulation of Programmed Cell Death"
"Negative Regulation of Programmed Cell Death (GO:0043069)",2.10175609660374,5,"ANP32B","smoothed","Negative Regulation of Programmed Cell Death"
"Negative Regulation of Programmed Cell Death (GO:0043069)",2.10175609660374,5,"PHIP","smoothed","Negative Regulation of Programmed Cell Death"
"Negative Regulation of Programmed Cell Death (GO:0043069)",2.10175609660374,5,"TPT1","smoothed","Negative Regulation of Programmed Cell Death"
"Negative Regulation of Protein Metabolic Process (GO:0051248)",1.58177104163359,2,"LDLR","smoothed","Negative Regulation of Protein Metabolic Process"
"Negative Regulation of Protein Metabolic Process (GO:0051248)",1.58177104163359,2,"GAPDH","smoothed","Negative Regulation of Protein Metabolic Process"
"Negative Regulation of Protein Modification by Small Protein Conjugation or Removal (GO:1903321)",1.71077617384646,1,"HSPA1B","smoothed","Negative Regulation of Protein Modification by Small Protein Conjugation [...]"
"Negative Regulation of Protein Ubiquitination (GO:0031397)",1.78093102095595,1,"HSPA1B","smoothed","Negative Regulation of Protein Ubiquitination"
"Negative Regulation of RNA Biosynthetic Process (GO:1902679)",1.69438021599843,4,"BCL6","smoothed","Negative Regulation of RNA Biosynthetic Process"
"Negative Regulation of RNA Biosynthetic Process (GO:1902679)",1.69438021599843,4,"PER1","smoothed","Negative Regulation of RNA Biosynthetic Process"
"Negative Regulation of RNA Biosynthetic Process (GO:1902679)",1.69438021599843,4,"JUN","smoothed","Negative Regulation of RNA Biosynthetic Process"
"Negative Regulation of RNA Biosynthetic Process (GO:1902679)",1.69438021599843,4,"ZBTB16","smoothed","Negative Regulation of RNA Biosynthetic Process"
"Negative Regulation of Transferase Activity (GO:0051348)",1.92411596263989,1,"IRS2","smoothed","Negative Regulation of Transferase Activity"
"Phagocytosis (GO:0006909)",2.21171856372747,1,"LDLR","smoothed","Phagocytosis"
"Positive Regulation of Angiogenesis (GO:0045766)",1.93588246106702,1,"BTG1","smoothed","Positive Regulation of Angiogenesis"
"Positive Regulation of Apoptotic Process (GO:0043065)",1.85156670989583,4,"GADD45A","smoothed","Positive Regulation of Apoptotic Process"
"Positive Regulation of Apoptotic Process (GO:0043065)",1.85156670989583,4,"BCL6","smoothed","Positive Regulation of Apoptotic Process"
"Positive Regulation of Apoptotic Process (GO:0043065)",1.85156670989583,4,"JUN","smoothed","Positive Regulation of Apoptotic Process"
"Positive Regulation of Apoptotic Process (GO:0043065)",1.85156670989583,4,"BTG1","smoothed","Positive Regulation of Apoptotic Process"
"Positive Regulation of Biosynthetic Process (GO:0009891)",1.58547451063559,1,"HSP90AA1","smoothed","Positive Regulation of Biosynthetic Process"
"Positive Regulation of Canonical NF-kappaB Signal Transduction (GO:0043123)",1.77579813911317,1,"GAPDH","smoothed","Positive Regulation of Canonical NF-kappaB Signal Transduction"
"Positive Regulation of Catabolic Process (GO:0009896)",1.61285528637883,1,"HSP90AA1","smoothed","Positive Regulation of Catabolic Process"
"Positive Regulation of Cell Differentiation (GO:0045597)",1.4629337576997,2,"ZBTB16","smoothed","Positive Regulation of Cell Differentiation"
"Positive Regulation of Cell Differentiation (GO:0045597)",1.4629337576997,2,"BTG1","smoothed","Positive Regulation of Cell Differentiation"
"Positive Regulation of Cell Population Proliferation (GO:0008284)",1.78747777015044,5,"HILPDA","smoothed","Positive Regulation of Cell Population Proliferation"
"Positive Regulation of Cell Population Proliferation (GO:0008284)",1.78747777015044,5,"IRS2","smoothed","Positive Regulation of Cell Population Proliferation"
"Positive Regulation of Cell Population Proliferation (GO:0008284)",1.78747777015044,5,"S100A6","smoothed","Positive Regulation of Cell Population Proliferation"
"Positive Regulation of Cell Population Proliferation (GO:0008284)",1.78747777015044,5,"PHIP","smoothed","Positive Regulation of Cell Population Proliferation"
"Positive Regulation of Cell Population Proliferation (GO:0008284)",1.78747777015044,5,"RPS4X","smoothed","Positive Regulation of Cell Population Proliferation"
"Positive Regulation of Cell-Cell Adhesion (GO:0022409)",1.88400440263141,1,"CD44","smoothed","Positive Regulation of Cell-Cell Adhesion"
"Positive Regulation of Cellular Process (GO:0048522)",1.70566636664733,4,"HILPDA","smoothed","Positive Regulation of Cellular Process"
"Positive Regulation of Cellular Process (GO:0048522)",1.70566636664733,4,"IRS2","smoothed","Positive Regulation of Cellular Process"
"Positive Regulation of Cellular Process (GO:0048522)",1.70566636664733,4,"PHIP","smoothed","Positive Regulation of Cellular Process"
"Positive Regulation of Cellular Process (GO:0048522)",1.70566636664733,4,"RPS4X","smoothed","Positive Regulation of Cellular Process"
"Positive Regulation of Cytokine Production (GO:0001819)",2.49326858503701,3,"HILPDA","smoothed","Positive Regulation of Cytokine Production"
"Positive Regulation of Cytokine Production (GO:0001819)",2.49326858503701,3,"HSPA1B","smoothed","Positive Regulation of Cytokine Production"
"Positive Regulation of Cytokine Production (GO:0001819)",2.49326858503701,3,"GAPDH","smoothed","Positive Regulation of Cytokine Production"
"Positive Regulation of Cytokine-Mediated Signaling Pathway (GO:0001961)",2.03588430207309,1,"HSPA1B","smoothed","Positive Regulation of Cytokine-Mediated Signaling Pathway"
"Positive Regulation of Cytoplasmic Translation (GO:2000767)",1.84989383706909,1,"YBX3","smoothed","Positive Regulation of Cytoplasmic Translation"
"Positive Regulation of Defense Response (GO:0031349)",2.08952257572045,1,"NFKBIA","smoothed","Positive Regulation of Defense Response"
"Positive Regulation of Fat Cell Differentiation (GO:0045600)",1.82693343404324,1,"ZBTB16","smoothed","Positive Regulation of Fat Cell Differentiation"
"Positive Regulation of Gene Expression (GO:0010628)",1.7205053648338,4,"HILPDA","smoothed","Positive Regulation of Gene Expression"
"Positive Regulation of Gene Expression (GO:0010628)",1.7205053648338,4,"HSPA1B","smoothed","Positive Regulation of Gene Expression"
"Positive Regulation of Gene Expression (GO:0010628)",1.7205053648338,4,"RPS4X","smoothed","Positive Regulation of Gene Expression"
"Positive Regulation of Gene Expression (GO:0010628)",1.7205053648338,4,"GAPDH","smoothed","Positive Regulation of Gene Expression"
"Positive Regulation of Inflammatory Response (GO:0050729)",2.36412830254615,1,"NFKBIA","smoothed","Positive Regulation of Inflammatory Response"
"Positive Regulation of Interleukin-8 Production (GO:0032757)",2.10587205418949,1,"HSPA1B","smoothed","Positive Regulation of Interleukin-8 Production"
"Positive Regulation of Intracellular Signal Transduction (GO:1902533)",1.43730849408273,2,"ARRDC3","smoothed","Positive Regulation of Intracellular Signal Transduction"
"Positive Regulation of Intracellular Signal Transduction (GO:1902533)",1.43730849408273,2,"GAPDH","smoothed","Positive Regulation of Intracellular Signal Transduction"
"Positive Regulation of Leukocyte Cell-Cell Adhesion (GO:1903039)",2.01249930747667,1,"CD44","smoothed","Positive Regulation of Leukocyte Cell-Cell Adhesion"
"Positive Regulation of Lipid Biosynthetic Process (GO:0046889)",1.78445580798287,1,"LDLR","smoothed","Positive Regulation of Lipid Biosynthetic Process"
"Positive Regulation of Lipid Storage (GO:0010884)",1.92326372010289,1,"HILPDA","smoothed","Positive Regulation of Lipid Storage"
"Positive Regulation of Lymphocyte Proliferation (GO:0050671)",1.84786398117665,1,"IRS2","smoothed","Positive Regulation of Lymphocyte Proliferation"
"Positive Regulation of Macromolecule Biosynthetic Process (GO:0010557)",1.8071317207332,2,"HSPA1B","smoothed","Positive Regulation of Macromolecule Biosynthetic Process"
"Positive Regulation of Macromolecule Biosynthetic Process (GO:0010557)",1.8071317207332,2,"IRS2","smoothed","Positive Regulation of Macromolecule Biosynthetic Process"
"Positive Regulation of Multicellular Organismal Process (GO:0051240)",1.6421529626605,4,"HILPDA","smoothed","Positive Regulation of Multicellular Organismal Process"
"Positive Regulation of Multicellular Organismal Process (GO:0051240)",1.6421529626605,4,"LDLR","smoothed","Positive Regulation of Multicellular Organismal Process"
"Positive Regulation of Multicellular Organismal Process (GO:0051240)",1.6421529626605,4,"ZBTB16","smoothed","Positive Regulation of Multicellular Organismal Process"
"Positive Regulation of Multicellular Organismal Process (GO:0051240)",1.6421529626605,4,"GAPDH","smoothed","Positive Regulation of Multicellular Organismal Process"
"Positive Regulation of Myeloid Cell Differentiation (GO:0045639)",1.77322289850654,1,"HSPA1B","smoothed","Positive Regulation of Myeloid Cell Differentiation"
"Positive Regulation of Programmed Cell Death (GO:0043068)",1.96137547783106,3,"GADD45A","smoothed","Positive Regulation of Programmed Cell Death"
"Positive Regulation of Programmed Cell Death (GO:0043068)",1.96137547783106,3,"BCL6","smoothed","Positive Regulation of Programmed Cell Death"
"Positive Regulation of Programmed Cell Death (GO:0043068)",1.96137547783106,3,"JUN","smoothed","Positive Regulation of Programmed Cell Death"
"Positive Regulation of Protein Metabolic Process (GO:0051247)",1.50809091138329,2,"HSP90AA1","smoothed","Positive Regulation of Protein Metabolic Process"
"Positive Regulation of Protein Metabolic Process (GO:0051247)",1.50809091138329,2,"RPS4X","smoothed","Positive Regulation of Protein Metabolic Process"
"Positive Regulation of RNA Biosynthetic Process (GO:1902680)",1.85398433937491,4,"KLF6","smoothed","Positive Regulation of RNA Biosynthetic Process"
"Positive Regulation of RNA Biosynthetic Process (GO:1902680)",1.85398433937491,4,"JUN","smoothed","Positive Regulation of RNA Biosynthetic Process"
"Positive Regulation of RNA Biosynthetic Process (GO:1902680)",1.85398433937491,4,"ZBTB16","smoothed","Positive Regulation of RNA Biosynthetic Process"
"Positive Regulation of RNA Biosynthetic Process (GO:1902680)",1.85398433937491,4,"PHIP","smoothed","Positive Regulation of RNA Biosynthetic Process"
"Positive Regulation of Regulatory T Cell Differentiation (GO:0045591)",1.8680395839327,1,"BCL6","smoothed","Positive Regulation of Regulatory T Cell Differentiation"
"Positive Regulation of Response to External Stimulus (GO:0032103)",2.03782031975156,1,"NFKBIA","smoothed","Positive Regulation of Response to External Stimulus"
"Positive Regulation of Smooth Muscle Cell Proliferation (GO:0048661)",1.73957684960485,1,"JUN","smoothed","Positive Regulation of Smooth Muscle Cell Proliferation"
"Positive Regulation of T Cell Differentiation (GO:0045582)",1.95003037509708,1,"BCL6","smoothed","Positive Regulation of T Cell Differentiation"
"Positive Regulation of Vasculature Development (GO:1904018)",1.90401102145002,1,"BTG1","smoothed","Positive Regulation of Vasculature Development"
"Positive Regulation of mRNA Catabolic Process (GO:0061014)",1.8399944483726,1,"ALKBH5","smoothed","Positive Regulation of mRNA Catabolic Process"
"Positive Regulation of miRNA Metabolic Process (GO:2000630)",2.12665784290007,1,"JUN","smoothed","Positive Regulation of miRNA Metabolic Process"
"Positive Regulation of miRNA Transcription (GO:1902895)",2.12600594257636,1,"JUN","smoothed","Positive Regulation of miRNA Transcription"
"Positive Regulation of p38MAPK Cascade (GO:1900745)",1.98538017371543,1,"GADD45A","smoothed","Positive Regulation of p38MAPK Cascade"
"Protein Stabilization (GO:0050821)",1.64344528781056,3,"HSPA1B","smoothed","Protein Stabilization"
"Protein Stabilization (GO:0050821)",1.64344528781056,3,"HSP90AA1","smoothed","Protein Stabilization"
"Protein Stabilization (GO:0050821)",1.64344528781056,3,"GAPDH","smoothed","Protein Stabilization"
"Regulation of Angiogenesis (GO:0045765)",1.85602571110336,1,"BTG1","smoothed","Regulation of Angiogenesis"
"Regulation of Canonical NF-kappaB Signal Transduction (GO:0043122)",1.91309127954451,3,"PER1","smoothed","Regulation of Canonical NF-kappaB Signal Transduction"
"Regulation of Canonical NF-kappaB Signal Transduction (GO:0043122)",1.91309127954451,3,"NFKBIA","smoothed","Regulation of Canonical NF-kappaB Signal Transduction"
"Regulation of Canonical NF-kappaB Signal Transduction (GO:0043122)",1.91309127954451,3,"GAPDH","smoothed","Regulation of Canonical NF-kappaB Signal Transduction"
"Regulation of Cartilage Development (GO:0061035)",1.84036808183035,1,"ZBTB16","smoothed","Regulation of Cartilage Development"
"Regulation of Cell Cycle (GO:0051726)",1.38204742714091,2,"GADD45A","smoothed","Regulation of Cell Cycle"
"Regulation of Cell Cycle (GO:0051726)",1.38204742714091,2,"JUN","smoothed","Regulation of Cell Cycle"
"Regulation of Cell Differentiation (GO:0045595)",1.57424074840846,3,"CEBPD","smoothed","Regulation of Cell Differentiation"
"Regulation of Cell Differentiation (GO:0045595)",1.57424074840846,3,"BCL6","smoothed","Regulation of Cell Differentiation"
"Regulation of Cell Differentiation (GO:0045595)",1.57424074840846,3,"ANP32B","smoothed","Regulation of Cell Differentiation"
"Regulation of Cell Growth (GO:0001558)",1.55776008500385,4,"HSPA1B","smoothed","Regulation of Cell Growth"
"Regulation of Cell Growth (GO:0001558)",1.55776008500385,4,"BCL6","smoothed","Regulation of Cell Growth"
"Regulation of Cell Growth (GO:0001558)",1.55776008500385,4,"SGK1","smoothed","Regulation of Cell Growth"
"Regulation of Cell Growth (GO:0001558)",1.55776008500385,4,"BTG1","smoothed","Regulation of Cell Growth"
"Regulation of Cell Migration (GO:0030334)",1.73465291527749,2,"SGK1","smoothed","Regulation of Cell Migration"
"Regulation of Cell Migration (GO:0030334)",1.73465291527749,2,"LMNA","smoothed","Regulation of Cell Migration"
"Regulation of Cytokine Production (GO:0001817)",1.84900257513665,5,"HILPDA","smoothed","Regulation of Cytokine Production"
"Regulation of Cytokine Production (GO:0001817)",1.84900257513665,5,"BCL6","smoothed","Regulation of Cytokine Production"
"Regulation of Cytokine Production (GO:0001817)",1.84900257513665,5,"PER1","smoothed","Regulation of Cytokine Production"
"Regulation of Cytokine Production (GO:0001817)",1.84900257513665,5,"SRGN","smoothed","Regulation of Cytokine Production"
"Regulation of Cytokine Production (GO:0001817)",1.84900257513665,5,"GAPDH","smoothed","Regulation of Cytokine Production"
"Regulation of Cytokine Production Involved in Inflammatory Response (GO:1900015)",1.89139311976861,2,"PER1","smoothed","Regulation of Cytokine Production Involved in Inflammatory Response"
"Regulation of Cytokine Production Involved in Inflammatory Response (GO:1900015)",1.89139311976861,2,"NFKBIA","smoothed","Regulation of Cytokine Production Involved in Inflammatory Response"
"Regulation of Cytoplasmic Translation (GO:2000765)",1.81012875732076,1,"YBX3","smoothed","Regulation of Cytoplasmic Translation"
"Regulation of Epidermal Cell Differentiation (GO:0045604)",2.03909588357809,1,"MAFF","smoothed","Regulation of Epidermal Cell Differentiation"
"Regulation of Epithelial Cell Differentiation (GO:0030856)",2.10817570343784,1,"MAFF","smoothed","Regulation of Epithelial Cell Differentiation"
"Regulation of Erythrocyte Differentiation (GO:0045646)",2.00953794748854,1,"HSPA1B","smoothed","Regulation of Erythrocyte Differentiation"
"Regulation of Fat Cell Differentiation (GO:0045598)",1.72592163381679,1,"ZBTB16","smoothed","Regulation of Fat Cell Differentiation"
"Regulation of Heterotypic Cell-Cell Adhesion (GO:0034114)",1.90313299535674,1,"CD44","smoothed","Regulation of Heterotypic Cell-Cell Adhesion"
"Regulation of Immune Response (GO:0050776)",1.82324913679601,1,"BCL6","smoothed","Regulation of Immune Response"
"Regulation of Inflammatory Response (GO:0050727)",2.25085064348794,2,"BCL6","smoothed","Regulation of Inflammatory Response"
"Regulation of Inflammatory Response (GO:0050727)",2.25085064348794,2,"NFKBIA","smoothed","Regulation of Inflammatory Response"
"Regulation of Interleukin-8 Production (GO:0032677)",2.22714078113778,1,"HSPA1B","smoothed","Regulation of Interleukin-8 Production"
"Regulation of Lipid Metabolic Process (GO:0019216)",1.8296638177178,1,"IRS2","smoothed","Regulation of Lipid Metabolic Process"
"Regulation of Microtubule Nucleation (GO:0010968)",1.93936798048293,1,"HSPA1B","smoothed","Regulation of Microtubule Nucleation"
"Regulation of Programmed Cell Death (GO:0043067)",1.52440194892081,4,"SGK1","smoothed","Regulation of Programmed Cell Death"
"Regulation of Programmed Cell Death (GO:0043067)",1.52440194892081,4,"ANP32B","smoothed","Regulation of Programmed Cell Death"
"Regulation of Programmed Cell Death (GO:0043067)",1.52440194892081,4,"TPT1","smoothed","Regulation of Programmed Cell Death"
"Regulation of Programmed Cell Death (GO:0043067)",1.52440194892081,4,"HSP90AA1","smoothed","Regulation of Programmed Cell Death"
"Regulation of Protein Modification by Small Protein Conjugation or Removal (GO:1903320)",1.92308148824168,2,"HSPA1B","smoothed","Regulation of Protein Modification by Small Protein Conjugation or Removal"
"Regulation of Protein Modification by Small Protein Conjugation or Removal (GO:1903320)",1.92308148824168,2,"HSP90AA1","smoothed","Regulation of Protein Modification by Small Protein Conjugation or Removal"
"Regulation of Protein Phosphorylation (GO:0001932)",1.85762544603121,1,"PHIP","smoothed","Regulation of Protein Phosphorylation"
"Regulation of RNA Biosynthetic Process (GO:2001141)",1.86353238650582,1,"BTG1","smoothed","Regulation of RNA Biosynthetic Process"
"Regulation of Response to External Stimulus (GO:0032101)",1.68049843660308,1,"BCL6","smoothed","Regulation of Response to External Stimulus"
"Regulation of Translation (GO:0006417)",1.45095371899417,5,"EIF5B","smoothed","Regulation of Translation"
"Regulation of Translation (GO:0006417)",1.45095371899417,5,"RPS4X","smoothed","Regulation of Translation"
"Regulation of Translation (GO:0006417)",1.45095371899417,5,"ALKBH5","smoothed","Regulation of Translation"
"Regulation of Translation (GO:0006417)",1.45095371899417,5,"EIF1","smoothed","Regulation of Translation"
"Regulation of Translation (GO:0006417)",1.45095371899417,5,"GAPDH","smoothed","Regulation of Translation"
"Regulation of mRNA Processing (GO:0050684)",2.13287420527598,1,"ALKBH5","smoothed","Regulation of mRNA Processing"
"Regulation of mRNA Stability (GO:0043488)",1.74105082005596,1,"ALKBH5","smoothed","Regulation of mRNA Stability"
"Regulation of miRNA Transcription (GO:1902893)",2.13389766078496,1,"JUN","smoothed","Regulation of miRNA Transcription"
"Regulation of p38MAPK Cascade (GO:1900744)",2.08255684769212,2,"GADD45A","smoothed","Regulation of p38MAPK Cascade"
"Regulation of p38MAPK Cascade (GO:1900744)",2.08255684769212,2,"PER1","smoothed","Regulation of p38MAPK Cascade"
"Response to Cadmium Ion (GO:0046686)",2.01524659665932,2,"MT1X","smoothed","Response to Cadmium Ion"
"Response to Cadmium Ion (GO:0046686)",2.01524659665932,2,"MT2A","smoothed","Response to Cadmium Ion"
"Response to Copper Ion (GO:0046688)",2.12308340570426,2,"MT1X","smoothed","Response to Copper Ion"
"Response to Copper Ion (GO:0046688)",2.12308340570426,2,"MT2A","smoothed","Response to Copper Ion"
"Response to Endoplasmic Reticulum Stress (GO:0034976)",1.56625711931435,1,"JUN","smoothed","Response to Endoplasmic Reticulum Stress"
"Response to Fibroblast Growth Factor (GO:0071774)",2.06317404996289,1,"CD44","smoothed","Response to Fibroblast Growth Factor"
"Response to Insulin (GO:0032868)",1.78794434213743,1,"IRS2","smoothed","Response to Insulin"
"Response to Steroid Hormone (GO:0048545)",2.32933976726,2,"HSPA1B","smoothed","Response to Steroid Hormone"
"Response to Steroid Hormone (GO:0048545)",2.32933976726,2,"JUN","smoothed","Response to Steroid Hormone"
"Response to Tumor Necrosis Factor (GO:0034612)",2.07435835103075,1,"YBX3","smoothed","Response to Tumor Necrosis Factor"
"Response to Type II Interferon (GO:0034341)",2.18128851501124,1,"GAPDH","smoothed","Response to Type II Interferon"
"Response to Unfolded Protein (GO:0006986)",1.76117502261702,1,"HSP90AA1","smoothed","Response to Unfolded Protein"
"Ribosomal Small Subunit Biogenesis (GO:0042274)",1.64984410081884,2,"RPS8","smoothed","Ribosomal Small Subunit Biogenesis"
"Ribosomal Small Subunit Biogenesis (GO:0042274)",1.64984410081884,2,"RPS4X","smoothed","Ribosomal Small Subunit Biogenesis"
"Signal Transduction in Response to DNA Damage (GO:0042770)",1.72130014703941,1,"GADD45A","smoothed","Signal Transduction in Response to DNA Damage"
"Synaptic Vesicle Exocytosis (GO:0016079)",-1.89808895733643,1,"DOC2A","smoothed","Synaptic Vesicle Exocytosis"
"Transcription by RNA Polymerase II (GO:0006366)",1.55318147318601,1,"CEBPD","smoothed","Transcription by RNA Polymerase II"
"Translation (GO:0006412)",2.00460685636031,4,"RPS8","smoothed","Translation"
"Translation (GO:0006412)",2.00460685636031,4,"RPS4X","smoothed","Translation"
"Translation (GO:0006412)",2.00460685636031,4,"RPLP2","smoothed","Translation"
"Translation (GO:0006412)",2.00460685636031,4,"UBA52","smoothed","Translation"
"mRNA Stabilization (GO:0048255)",1.80286531970174,1,"YBX3","smoothed","mRNA Stabilization"
