"term","NES","LR_in_leadingEdge","LA_in_leadingEdge","LR.or.LA_in_leadingEdge","source","cluster","name","gene_name","is_LR","is_LA","is_LR.or.LA"
"Cap-dependent Translation Initiation R-HSA-72737",1.67433893259602,0,1,1,"smoothed","L2","Cap-dependent Translation Initiation","RPL22L1",FALSE,TRUE,TRUE
"Complement Cascade R-HSA-166658",2.16300508172383,1,3,3,"smoothed","L2","Complement Cascade","C1R",FALSE,TRUE,TRUE
"Complement Cascade R-HSA-166658",2.16300508172383,1,3,3,"smoothed","L2","Complement Cascade","C1QB",FALSE,TRUE,TRUE
"Complement Cascade R-HSA-166658",2.16300508172383,1,3,3,"smoothed","L2","Complement Cascade","SERPING1",TRUE,TRUE,TRUE
"Cytokine Signaling In Immune System R-HSA-1280215",2.07712681885247,11,27,28,"smoothed","L2","Cytokine Signaling In Immune System","SOCS3",TRUE,TRUE,TRUE
"Cytokine Signaling In Immune System R-HSA-1280215",2.07712681885247,11,27,28,"smoothed","L2","Cytokine Signaling In Immune System","CD44",TRUE,TRUE,TRUE
"Cytokine Signaling In Immune System R-HSA-1280215",2.07712681885247,11,27,28,"smoothed","L2","Cytokine Signaling In Immune System","FPR1",TRUE,TRUE,TRUE
"Cytokine Signaling In Immune System R-HSA-1280215",2.07712681885247,11,27,28,"smoothed","L2","Cytokine Signaling In Immune System","OSMR",TRUE,TRUE,TRUE
"Cytokine Signaling In Immune System R-HSA-1280215",2.07712681885247,11,27,28,"smoothed","L2","Cytokine Signaling In Immune System","IL1R1",FALSE,TRUE,TRUE
"Cytokine Signaling In Immune System R-HSA-1280215",2.07712681885247,11,27,28,"smoothed","L2","Cytokine Signaling In Immune System","CDKN1A",TRUE,TRUE,TRUE
"Cytokine Signaling In Immune System R-HSA-1280215",2.07712681885247,11,27,28,"smoothed","L2","Cytokine Signaling In Immune System","TNFRSF12A",FALSE,TRUE,TRUE
"Cytokine Signaling In Immune System R-HSA-1280215",2.07712681885247,11,27,28,"smoothed","L2","Cytokine Signaling In Immune System","GBP1",FALSE,TRUE,TRUE
"Cytokine Signaling In Immune System R-HSA-1280215",2.07712681885247,11,27,28,"smoothed","L2","Cytokine Signaling In Immune System","TIFA",TRUE,FALSE,TRUE
"Cytokine Signaling In Immune System R-HSA-1280215",2.07712681885247,11,27,28,"smoothed","L2","Cytokine Signaling In Immune System","IFITM2",TRUE,TRUE,TRUE
"Cytokine Signaling In Immune System R-HSA-1280215",2.07712681885247,11,27,28,"smoothed","L2","Cytokine Signaling In Immune System","FOS",FALSE,TRUE,TRUE
"Cytokine Signaling In Immune System R-HSA-1280215",2.07712681885247,11,27,28,"smoothed","L2","Cytokine Signaling In Immune System","IFITM3",TRUE,TRUE,TRUE
"Cytokine Signaling In Immune System R-HSA-1280215",2.07712681885247,11,27,28,"smoothed","L2","Cytokine Signaling In Immune System","MT2A",TRUE,TRUE,TRUE
"Cytokine Signaling In Immune System R-HSA-1280215",2.07712681885247,11,27,28,"smoothed","L2","Cytokine Signaling In Immune System","VEGFA",TRUE,TRUE,TRUE
"Cytokine Signaling In Immune System R-HSA-1280215",2.07712681885247,11,27,28,"smoothed","L2","Cytokine Signaling In Immune System","TNFRSF1B",FALSE,TRUE,TRUE
"Cytokine Signaling In Immune System R-HSA-1280215",2.07712681885247,11,27,28,"smoothed","L2","Cytokine Signaling In Immune System","TNFRSF6B",FALSE,TRUE,TRUE
"Cytokine Signaling In Immune System R-HSA-1280215",2.07712681885247,11,27,28,"smoothed","L2","Cytokine Signaling In Immune System","TIMP1",FALSE,TRUE,TRUE
"Cytokine Signaling In Immune System R-HSA-1280215",2.07712681885247,11,27,28,"smoothed","L2","Cytokine Signaling In Immune System","CEBPD",FALSE,TRUE,TRUE
"Cytokine Signaling In Immune System R-HSA-1280215",2.07712681885247,11,27,28,"smoothed","L2","Cytokine Signaling In Immune System","IFI30",FALSE,TRUE,TRUE
"Cytokine Signaling In Immune System R-HSA-1280215",2.07712681885247,11,27,28,"smoothed","L2","Cytokine Signaling In Immune System","TNFRSF1A",FALSE,TRUE,TRUE
"Cytokine Signaling In Immune System R-HSA-1280215",2.07712681885247,11,27,28,"smoothed","L2","Cytokine Signaling In Immune System","RPS6KA5",TRUE,TRUE,TRUE
"Cytokine Signaling In Immune System R-HSA-1280215",2.07712681885247,11,27,28,"smoothed","L2","Cytokine Signaling In Immune System","BCL6",FALSE,TRUE,TRUE
"Cytokine Signaling In Immune System R-HSA-1280215",2.07712681885247,11,27,28,"smoothed","L2","Cytokine Signaling In Immune System","JUN",FALSE,TRUE,TRUE
"Cytokine Signaling In Immune System R-HSA-1280215",2.07712681885247,11,27,28,"smoothed","L2","Cytokine Signaling In Immune System","MCL1",FALSE,TRUE,TRUE
"Cytokine Signaling In Immune System R-HSA-1280215",2.07712681885247,11,27,28,"smoothed","L2","Cytokine Signaling In Immune System","KPNA5",FALSE,TRUE,TRUE
"Cytokine Signaling In Immune System R-HSA-1280215",2.07712681885247,11,27,28,"smoothed","L2","Cytokine Signaling In Immune System","NFKBIA",FALSE,TRUE,TRUE
"Cytokine Signaling In Immune System R-HSA-1280215",2.07712681885247,11,27,28,"smoothed","L2","Cytokine Signaling In Immune System","TAB2",FALSE,TRUE,TRUE
"Cytokine Signaling In Immune System R-HSA-1280215",2.07712681885247,11,27,28,"smoothed","L2","Cytokine Signaling In Immune System","STAT3",FALSE,TRUE,TRUE
"ERKs Are Inactivated R-HSA-202670",-1.97098331707689,0,2,2,"smoothed","L2","ERKs Are Inactivated","DUSP4",FALSE,TRUE,TRUE
"ERKs Are Inactivated R-HSA-202670",-1.97098331707689,0,2,2,"smoothed","L2","ERKs Are Inactivated","DUSP6",FALSE,TRUE,TRUE
"Eukaryotic Translation Termination R-HSA-72764",1.83615771836781,0,1,1,"smoothed","L2","Eukaryotic Translation Termination","RPL22L1",FALSE,TRUE,TRUE
"Formation Of A Pool Of Free 40S Subunits R-HSA-72689",1.78549023536661,0,1,1,"smoothed","L2","Formation Of A Pool Of Free 40S Subunits","RPL22L1",FALSE,TRUE,TRUE
"GABA Synthesis, Release, Reuptake And Degradation R-HSA-888590",-1.92108732836939,0,1,1,"smoothed","L2","GABA Synthesis, Release, Reuptake And Degradation","SLC6A12",FALSE,TRUE,TRUE
"GTP Hydrolysis And Joining Of 60S Ribosomal Subunit R-HSA-72706",1.74826007371831,0,1,1,"smoothed","L2","GTP Hydrolysis And Joining Of 60S Ribosomal Subunit","RPL22L1",FALSE,TRUE,TRUE
"Hemostasis R-HSA-109582",1.52358298948737,7,9,10,"smoothed","L2","Hemostasis","SERPINA3",TRUE,TRUE,TRUE
"Hemostasis R-HSA-109582",1.52358298948737,7,9,10,"smoothed","L2","Hemostasis","CD44",TRUE,TRUE,TRUE
"Hemostasis R-HSA-109582",1.52358298948737,7,9,10,"smoothed","L2","Hemostasis","SLC16A3",TRUE,TRUE,TRUE
"Hemostasis R-HSA-109582",1.52358298948737,7,9,10,"smoothed","L2","Hemostasis","FCER1G",FALSE,TRUE,TRUE
"Hemostasis R-HSA-109582",1.52358298948737,7,9,10,"smoothed","L2","Hemostasis","MAFF",FALSE,TRUE,TRUE
"Hemostasis R-HSA-109582",1.52358298948737,7,9,10,"smoothed","L2","Hemostasis","F12",TRUE,FALSE,TRUE
"Hemostasis R-HSA-109582",1.52358298948737,7,9,10,"smoothed","L2","Hemostasis","SRGN",TRUE,TRUE,TRUE
"Hemostasis R-HSA-109582",1.52358298948737,7,9,10,"smoothed","L2","Hemostasis","VEGFA",TRUE,TRUE,TRUE
"Hemostasis R-HSA-109582",1.52358298948737,7,9,10,"smoothed","L2","Hemostasis","TIMP1",FALSE,TRUE,TRUE
"Hemostasis R-HSA-109582",1.52358298948737,7,9,10,"smoothed","L2","Hemostasis","SERPING1",TRUE,TRUE,TRUE
"Initial Triggering Of Complement R-HSA-166663",1.94646309721221,0,2,2,"smoothed","L2","Initial Triggering Of Complement","C1R",FALSE,TRUE,TRUE
"Initial Triggering Of Complement R-HSA-166663",1.94646309721221,0,2,2,"smoothed","L2","Initial Triggering Of Complement","C1QB",FALSE,TRUE,TRUE
"Interferon Gamma Signaling R-HSA-877300",2.21117142273547,3,5,5,"smoothed","L2","Interferon Gamma Signaling","SOCS3",TRUE,TRUE,TRUE
"Interferon Gamma Signaling R-HSA-877300",2.21117142273547,3,5,5,"smoothed","L2","Interferon Gamma Signaling","CD44",TRUE,TRUE,TRUE
"Interferon Gamma Signaling R-HSA-877300",2.21117142273547,3,5,5,"smoothed","L2","Interferon Gamma Signaling","GBP1",FALSE,TRUE,TRUE
"Interferon Gamma Signaling R-HSA-877300",2.21117142273547,3,5,5,"smoothed","L2","Interferon Gamma Signaling","MT2A",TRUE,TRUE,TRUE
"Interferon Gamma Signaling R-HSA-877300",2.21117142273547,3,5,5,"smoothed","L2","Interferon Gamma Signaling","IFI30",FALSE,TRUE,TRUE
"Interferon Signaling R-HSA-913531",1.95573036111318,5,8,8,"smoothed","L2","Interferon Signaling","SOCS3",TRUE,TRUE,TRUE
"Interferon Signaling R-HSA-913531",1.95573036111318,5,8,8,"smoothed","L2","Interferon Signaling","CD44",TRUE,TRUE,TRUE
"Interferon Signaling R-HSA-913531",1.95573036111318,5,8,8,"smoothed","L2","Interferon Signaling","GBP1",FALSE,TRUE,TRUE
"Interferon Signaling R-HSA-913531",1.95573036111318,5,8,8,"smoothed","L2","Interferon Signaling","IFITM2",TRUE,TRUE,TRUE
"Interferon Signaling R-HSA-913531",1.95573036111318,5,8,8,"smoothed","L2","Interferon Signaling","IFITM3",TRUE,TRUE,TRUE
"Interferon Signaling R-HSA-913531",1.95573036111318,5,8,8,"smoothed","L2","Interferon Signaling","MT2A",TRUE,TRUE,TRUE
"Interferon Signaling R-HSA-913531",1.95573036111318,5,8,8,"smoothed","L2","Interferon Signaling","IFI30",FALSE,TRUE,TRUE
"Interferon Signaling R-HSA-913531",1.95573036111318,5,8,8,"smoothed","L2","Interferon Signaling","KPNA5",FALSE,TRUE,TRUE
"Interleukin-1 Family Signaling R-HSA-446652",1.88566249623395,1,4,5,"smoothed","L2","Interleukin-1 Family Signaling","IL1R1",FALSE,TRUE,TRUE
"Interleukin-1 Family Signaling R-HSA-446652",1.88566249623395,1,4,5,"smoothed","L2","Interleukin-1 Family Signaling","TIFA",TRUE,FALSE,TRUE
"Interleukin-1 Family Signaling R-HSA-446652",1.88566249623395,1,4,5,"smoothed","L2","Interleukin-1 Family Signaling","NFKBIA",FALSE,TRUE,TRUE
"Interleukin-1 Family Signaling R-HSA-446652",1.88566249623395,1,4,5,"smoothed","L2","Interleukin-1 Family Signaling","TAB2",FALSE,TRUE,TRUE
"Interleukin-1 Family Signaling R-HSA-446652",1.88566249623395,1,4,5,"smoothed","L2","Interleukin-1 Family Signaling","STAT3",FALSE,TRUE,TRUE
"Interleukin-1 Signaling R-HSA-9020702",1.80539751073266,1,3,4,"smoothed","L2","Interleukin-1 Signaling","IL1R1",FALSE,TRUE,TRUE
"Interleukin-1 Signaling R-HSA-9020702",1.80539751073266,1,3,4,"smoothed","L2","Interleukin-1 Signaling","TIFA",TRUE,FALSE,TRUE
"Interleukin-1 Signaling R-HSA-9020702",1.80539751073266,1,3,4,"smoothed","L2","Interleukin-1 Signaling","NFKBIA",FALSE,TRUE,TRUE
"Interleukin-1 Signaling R-HSA-9020702",1.80539751073266,1,3,4,"smoothed","L2","Interleukin-1 Signaling","TAB2",FALSE,TRUE,TRUE
"Interleukin-10 Signaling R-HSA-6783783",2.15230055830627,1,6,6,"smoothed","L2","Interleukin-10 Signaling","FPR1",TRUE,TRUE,TRUE
"Interleukin-10 Signaling R-HSA-6783783",2.15230055830627,1,6,6,"smoothed","L2","Interleukin-10 Signaling","IL1R1",FALSE,TRUE,TRUE
"Interleukin-10 Signaling R-HSA-6783783",2.15230055830627,1,6,6,"smoothed","L2","Interleukin-10 Signaling","TNFRSF1B",FALSE,TRUE,TRUE
"Interleukin-10 Signaling R-HSA-6783783",2.15230055830627,1,6,6,"smoothed","L2","Interleukin-10 Signaling","TIMP1",FALSE,TRUE,TRUE
"Interleukin-10 Signaling R-HSA-6783783",2.15230055830627,1,6,6,"smoothed","L2","Interleukin-10 Signaling","TNFRSF1A",FALSE,TRUE,TRUE
"Interleukin-10 Signaling R-HSA-6783783",2.15230055830627,1,6,6,"smoothed","L2","Interleukin-10 Signaling","STAT3",FALSE,TRUE,TRUE
"Interleukin-4 And Interleukin-13 Signaling R-HSA-6785807",2.23582015068407,3,10,10,"smoothed","L2","Interleukin-4 And Interleukin-13 Signaling","SOCS3",TRUE,TRUE,TRUE
"Interleukin-4 And Interleukin-13 Signaling R-HSA-6785807",2.23582015068407,3,10,10,"smoothed","L2","Interleukin-4 And Interleukin-13 Signaling","CDKN1A",TRUE,TRUE,TRUE
"Interleukin-4 And Interleukin-13 Signaling R-HSA-6785807",2.23582015068407,3,10,10,"smoothed","L2","Interleukin-4 And Interleukin-13 Signaling","FOS",FALSE,TRUE,TRUE
"Interleukin-4 And Interleukin-13 Signaling R-HSA-6785807",2.23582015068407,3,10,10,"smoothed","L2","Interleukin-4 And Interleukin-13 Signaling","VEGFA",TRUE,TRUE,TRUE
"Interleukin-4 And Interleukin-13 Signaling R-HSA-6785807",2.23582015068407,3,10,10,"smoothed","L2","Interleukin-4 And Interleukin-13 Signaling","TNFRSF1B",FALSE,TRUE,TRUE
"Interleukin-4 And Interleukin-13 Signaling R-HSA-6785807",2.23582015068407,3,10,10,"smoothed","L2","Interleukin-4 And Interleukin-13 Signaling","TIMP1",FALSE,TRUE,TRUE
"Interleukin-4 And Interleukin-13 Signaling R-HSA-6785807",2.23582015068407,3,10,10,"smoothed","L2","Interleukin-4 And Interleukin-13 Signaling","CEBPD",FALSE,TRUE,TRUE
"Interleukin-4 And Interleukin-13 Signaling R-HSA-6785807",2.23582015068407,3,10,10,"smoothed","L2","Interleukin-4 And Interleukin-13 Signaling","BCL6",FALSE,TRUE,TRUE
"Interleukin-4 And Interleukin-13 Signaling R-HSA-6785807",2.23582015068407,3,10,10,"smoothed","L2","Interleukin-4 And Interleukin-13 Signaling","MCL1",FALSE,TRUE,TRUE
"Interleukin-4 And Interleukin-13 Signaling R-HSA-6785807",2.23582015068407,3,10,10,"smoothed","L2","Interleukin-4 And Interleukin-13 Signaling","STAT3",FALSE,TRUE,TRUE
"L13a-mediated Translational Silencing Of Ceruloplasmin Expression R-HSA-156827",1.74964930409234,0,1,1,"smoothed","L2","L13a-mediated Translational Silencing Of Ceruloplasmin Expression","RPL22L1",FALSE,TRUE,TRUE
"Neuronal System R-HSA-112316",-1.49026529759198,0,3,3,"smoothed","L2","Neuronal System","KCNG1",FALSE,TRUE,TRUE
"Neuronal System R-HSA-112316",-1.49026529759198,0,3,3,"smoothed","L2","Neuronal System","SLC6A12",FALSE,TRUE,TRUE
"Neuronal System R-HSA-112316",-1.49026529759198,0,3,3,"smoothed","L2","Neuronal System","BEGAIN",FALSE,TRUE,TRUE
"Neutrophil Degranulation R-HSA-6798695",2.0160110608923,4,16,16,"smoothed","L2","Neutrophil Degranulation","SERPINA3",TRUE,TRUE,TRUE
"Neutrophil Degranulation R-HSA-6798695",2.0160110608923,4,16,16,"smoothed","L2","Neutrophil Degranulation","CHI3L1",TRUE,TRUE,TRUE
"Neutrophil Degranulation R-HSA-6798695",2.0160110608923,4,16,16,"smoothed","L2","Neutrophil Degranulation","CD44",TRUE,TRUE,TRUE
"Neutrophil Degranulation R-HSA-6798695",2.0160110608923,4,16,16,"smoothed","L2","Neutrophil Degranulation","FPR1",TRUE,TRUE,TRUE
"Neutrophil Degranulation R-HSA-6798695",2.0160110608923,4,16,16,"smoothed","L2","Neutrophil Degranulation","FCGR2A",FALSE,TRUE,TRUE
"Neutrophil Degranulation R-HSA-6798695",2.0160110608923,4,16,16,"smoothed","L2","Neutrophil Degranulation","FCER1G",FALSE,TRUE,TRUE
"Neutrophil Degranulation R-HSA-6798695",2.0160110608923,4,16,16,"smoothed","L2","Neutrophil Degranulation","CRISPLD2",FALSE,TRUE,TRUE
"Neutrophil Degranulation R-HSA-6798695",2.0160110608923,4,16,16,"smoothed","L2","Neutrophil Degranulation","SLC11A1",FALSE,TRUE,TRUE
"Neutrophil Degranulation R-HSA-6798695",2.0160110608923,4,16,16,"smoothed","L2","Neutrophil Degranulation","TMBIM1",FALSE,TRUE,TRUE
"Neutrophil Degranulation R-HSA-6798695",2.0160110608923,4,16,16,"smoothed","L2","Neutrophil Degranulation","TNFRSF1B",FALSE,TRUE,TRUE
"Neutrophil Degranulation R-HSA-6798695",2.0160110608923,4,16,16,"smoothed","L2","Neutrophil Degranulation","SLC2A5",FALSE,TRUE,TRUE
"Neutrophil Degranulation R-HSA-6798695",2.0160110608923,4,16,16,"smoothed","L2","Neutrophil Degranulation","HSPA1B",FALSE,TRUE,TRUE
"Neutrophil Degranulation R-HSA-6798695",2.0160110608923,4,16,16,"smoothed","L2","Neutrophil Degranulation","HSPA1A",FALSE,TRUE,TRUE
"Neutrophil Degranulation R-HSA-6798695",2.0160110608923,4,16,16,"smoothed","L2","Neutrophil Degranulation","MGST1",FALSE,TRUE,TRUE
"Neutrophil Degranulation R-HSA-6798695",2.0160110608923,4,16,16,"smoothed","L2","Neutrophil Degranulation","STOM",FALSE,TRUE,TRUE
"Neutrophil Degranulation R-HSA-6798695",2.0160110608923,4,16,16,"smoothed","L2","Neutrophil Degranulation","LGALS3",FALSE,TRUE,TRUE
"Nonsense Mediated Decay (NMD) Enhanced By Exon Junction Complex (EJC) R-HSA-975957",1.93015133640892,0,3,3,"smoothed","L2","Nonsense Mediated Decay (NMD) Enhanced By Exon Junction Complex (EJC)","UPF3B",FALSE,TRUE,TRUE
"Nonsense Mediated Decay (NMD) Enhanced By Exon Junction Complex (EJC) R-HSA-975957",1.93015133640892,0,3,3,"smoothed","L2","Nonsense Mediated Decay (NMD) Enhanced By Exon Junction Complex (EJC)","RPL22L1",FALSE,TRUE,TRUE
"Nonsense Mediated Decay (NMD) Enhanced By Exon Junction Complex (EJC) R-HSA-975957",1.93015133640892,0,3,3,"smoothed","L2","Nonsense Mediated Decay (NMD) Enhanced By Exon Junction Complex (EJC)","SMG6",FALSE,TRUE,TRUE
"Nonsense Mediated Decay (NMD) Independent Of Exon Junction Complex (EJC) R-HSA-975956",1.89237238032621,0,1,1,"smoothed","L2","Nonsense Mediated Decay (NMD) Independent Of Exon Junction Complex (EJC)","RPL22L1",FALSE,TRUE,TRUE
"Peptide Chain Elongation R-HSA-156902",1.8261395581732,0,1,1,"smoothed","L2","Peptide Chain Elongation","RPL22L1",FALSE,TRUE,TRUE
"Platelet Degranulation R-HSA-114608",1.78485129686427,4,5,5,"smoothed","L2","Platelet Degranulation","SERPINA3",TRUE,TRUE,TRUE
"Platelet Degranulation R-HSA-114608",1.78485129686427,4,5,5,"smoothed","L2","Platelet Degranulation","SRGN",TRUE,TRUE,TRUE
"Platelet Degranulation R-HSA-114608",1.78485129686427,4,5,5,"smoothed","L2","Platelet Degranulation","VEGFA",TRUE,TRUE,TRUE
"Platelet Degranulation R-HSA-114608",1.78485129686427,4,5,5,"smoothed","L2","Platelet Degranulation","TIMP1",FALSE,TRUE,TRUE
"Platelet Degranulation R-HSA-114608",1.78485129686427,4,5,5,"smoothed","L2","Platelet Degranulation","SERPING1",TRUE,TRUE,TRUE
"Regulation Of Complement Cascade R-HSA-977606",2.1256718382654,1,3,3,"smoothed","L2","Regulation Of Complement Cascade","C1R",FALSE,TRUE,TRUE
"Regulation Of Complement Cascade R-HSA-977606",2.1256718382654,1,3,3,"smoothed","L2","Regulation Of Complement Cascade","C1QB",FALSE,TRUE,TRUE
"Regulation Of Complement Cascade R-HSA-977606",2.1256718382654,1,3,3,"smoothed","L2","Regulation Of Complement Cascade","SERPING1",TRUE,TRUE,TRUE
"Respiratory Electron Transport, ATP Synthesis By Chemiosmotic Coupling, Heat Production By Uncoupling Proteins R-HSA-163200",-1.63285422508978,1,1,1,"smoothed","L2","Respiratory Electron Transport, ATP Synthesis By Chemiosmotic Coupling, [...]","SURF1",TRUE,TRUE,TRUE
"Response Of EIF2AK4 (GCN2) To Amino Acid Deficiency R-HSA-9633012",1.78577855052393,0,2,2,"smoothed","L2","Response Of EIF2AK4 (GCN2) To Amino Acid Deficiency","CEBPB",FALSE,TRUE,TRUE
"Response Of EIF2AK4 (GCN2) To Amino Acid Deficiency R-HSA-9633012",1.78577855052393,0,2,2,"smoothed","L2","Response Of EIF2AK4 (GCN2) To Amino Acid Deficiency","RPL22L1",FALSE,TRUE,TRUE
"Response To Metal Ions R-HSA-5660526",2.05435806365892,3,4,4,"smoothed","L2","Response To Metal Ions","MT1X",TRUE,TRUE,TRUE
"Response To Metal Ions R-HSA-5660526",2.05435806365892,3,4,4,"smoothed","L2","Response To Metal Ions","MT1M",TRUE,TRUE,TRUE
"Response To Metal Ions R-HSA-5660526",2.05435806365892,3,4,4,"smoothed","L2","Response To Metal Ions","MT2A",TRUE,TRUE,TRUE
"Response To Metal Ions R-HSA-5660526",2.05435806365892,3,4,4,"smoothed","L2","Response To Metal Ions","MT1E",FALSE,TRUE,TRUE
"Selenocysteine Synthesis R-HSA-2408557",1.83885654010479,0,1,1,"smoothed","L2","Selenocysteine Synthesis","RPL22L1",FALSE,TRUE,TRUE
"Signaling By CSF3 (G-CSF) R-HSA-9674555",1.85111144988199,1,2,2,"smoothed","L2","Signaling By CSF3 (G-CSF)","SOCS3",TRUE,TRUE,TRUE
"Signaling By CSF3 (G-CSF) R-HSA-9674555",1.85111144988199,1,2,2,"smoothed","L2","Signaling By CSF3 (G-CSF)","STAT3",FALSE,TRUE,TRUE
"Signaling By Interleukins R-HSA-449147",2.10336702789621,7,18,19,"smoothed","L2","Signaling By Interleukins","SOCS3",TRUE,TRUE,TRUE
"Signaling By Interleukins R-HSA-449147",2.10336702789621,7,18,19,"smoothed","L2","Signaling By Interleukins","FPR1",TRUE,TRUE,TRUE
"Signaling By Interleukins R-HSA-449147",2.10336702789621,7,18,19,"smoothed","L2","Signaling By Interleukins","OSMR",TRUE,TRUE,TRUE
"Signaling By Interleukins R-HSA-449147",2.10336702789621,7,18,19,"smoothed","L2","Signaling By Interleukins","IL1R1",FALSE,TRUE,TRUE
"Signaling By Interleukins R-HSA-449147",2.10336702789621,7,18,19,"smoothed","L2","Signaling By Interleukins","CDKN1A",TRUE,TRUE,TRUE
"Signaling By Interleukins R-HSA-449147",2.10336702789621,7,18,19,"smoothed","L2","Signaling By Interleukins","TIFA",TRUE,FALSE,TRUE
"Signaling By Interleukins R-HSA-449147",2.10336702789621,7,18,19,"smoothed","L2","Signaling By Interleukins","FOS",FALSE,TRUE,TRUE
"Signaling By Interleukins R-HSA-449147",2.10336702789621,7,18,19,"smoothed","L2","Signaling By Interleukins","VEGFA",TRUE,TRUE,TRUE
"Signaling By Interleukins R-HSA-449147",2.10336702789621,7,18,19,"smoothed","L2","Signaling By Interleukins","TNFRSF1B",FALSE,TRUE,TRUE
"Signaling By Interleukins R-HSA-449147",2.10336702789621,7,18,19,"smoothed","L2","Signaling By Interleukins","TIMP1",FALSE,TRUE,TRUE
"Signaling By Interleukins R-HSA-449147",2.10336702789621,7,18,19,"smoothed","L2","Signaling By Interleukins","CEBPD",FALSE,TRUE,TRUE
"Signaling By Interleukins R-HSA-449147",2.10336702789621,7,18,19,"smoothed","L2","Signaling By Interleukins","TNFRSF1A",FALSE,TRUE,TRUE
"Signaling By Interleukins R-HSA-449147",2.10336702789621,7,18,19,"smoothed","L2","Signaling By Interleukins","RPS6KA5",TRUE,TRUE,TRUE
"Signaling By Interleukins R-HSA-449147",2.10336702789621,7,18,19,"smoothed","L2","Signaling By Interleukins","BCL6",FALSE,TRUE,TRUE
"Signaling By Interleukins R-HSA-449147",2.10336702789621,7,18,19,"smoothed","L2","Signaling By Interleukins","JUN",FALSE,TRUE,TRUE
"Signaling By Interleukins R-HSA-449147",2.10336702789621,7,18,19,"smoothed","L2","Signaling By Interleukins","MCL1",FALSE,TRUE,TRUE
"Signaling By Interleukins R-HSA-449147",2.10336702789621,7,18,19,"smoothed","L2","Signaling By Interleukins","NFKBIA",FALSE,TRUE,TRUE
"Signaling By Interleukins R-HSA-449147",2.10336702789621,7,18,19,"smoothed","L2","Signaling By Interleukins","TAB2",FALSE,TRUE,TRUE
"Signaling By Interleukins R-HSA-449147",2.10336702789621,7,18,19,"smoothed","L2","Signaling By Interleukins","STAT3",FALSE,TRUE,TRUE
"TNFR2 Non-Canonical NF-kB Pathway R-HSA-5668541",1.84134992688899,0,4,4,"smoothed","L2","TNFR2 Non-Canonical NF-kB Pathway","TNFRSF12A",FALSE,TRUE,TRUE
"TNFR2 Non-Canonical NF-kB Pathway R-HSA-5668541",1.84134992688899,0,4,4,"smoothed","L2","TNFR2 Non-Canonical NF-kB Pathway","TNFRSF1B",FALSE,TRUE,TRUE
"TNFR2 Non-Canonical NF-kB Pathway R-HSA-5668541",1.84134992688899,0,4,4,"smoothed","L2","TNFR2 Non-Canonical NF-kB Pathway","TNFRSF6B",FALSE,TRUE,TRUE
"TNFR2 Non-Canonical NF-kB Pathway R-HSA-5668541",1.84134992688899,0,4,4,"smoothed","L2","TNFR2 Non-Canonical NF-kB Pathway","TNFRSF1A",FALSE,TRUE,TRUE
"Transmission Across Chemical Synapses R-HSA-112315",-1.47975817666468,0,1,1,"smoothed","L2","Transmission Across Chemical Synapses","SLC6A12",FALSE,TRUE,TRUE
"Viral mRNA Translation R-HSA-192823",1.81087689901604,0,1,1,"smoothed","L2","Viral mRNA Translation","RPL22L1",FALSE,TRUE,TRUE
"Cap-dependent Translation Initiation R-HSA-72737",1.95711101425085,0,1,1,"smoothed","L3.4","Cap-dependent Translation Initiation","RPL22L1",FALSE,TRUE,TRUE
"Complement Cascade R-HSA-166658",1.83761394479774,0,3,3,"smoothed","L3.4","Complement Cascade","C1QB",FALSE,TRUE,TRUE
"Complement Cascade R-HSA-166658",1.83761394479774,0,3,3,"smoothed","L3.4","Complement Cascade","C1R",FALSE,TRUE,TRUE
"Complement Cascade R-HSA-166658",1.83761394479774,0,3,3,"smoothed","L3.4","Complement Cascade","SERPING1",FALSE,TRUE,TRUE
"Cytokine Signaling In Immune System R-HSA-1280215",1.79913040355999,6,27,27,"smoothed","L3.4","Cytokine Signaling In Immune System","FPR1",TRUE,TRUE,TRUE
"Cytokine Signaling In Immune System R-HSA-1280215",1.79913040355999,6,27,27,"smoothed","L3.4","Cytokine Signaling In Immune System","SOCS3",FALSE,TRUE,TRUE
"Cytokine Signaling In Immune System R-HSA-1280215",1.79913040355999,6,27,27,"smoothed","L3.4","Cytokine Signaling In Immune System","CD44",TRUE,TRUE,TRUE
"Cytokine Signaling In Immune System R-HSA-1280215",1.79913040355999,6,27,27,"smoothed","L3.4","Cytokine Signaling In Immune System","CDKN1A",TRUE,TRUE,TRUE
"Cytokine Signaling In Immune System R-HSA-1280215",1.79913040355999,6,27,27,"smoothed","L3.4","Cytokine Signaling In Immune System","OSMR",FALSE,TRUE,TRUE
"Cytokine Signaling In Immune System R-HSA-1280215",1.79913040355999,6,27,27,"smoothed","L3.4","Cytokine Signaling In Immune System","GBP1",FALSE,TRUE,TRUE
"Cytokine Signaling In Immune System R-HSA-1280215",1.79913040355999,6,27,27,"smoothed","L3.4","Cytokine Signaling In Immune System","TNFRSF12A",FALSE,TRUE,TRUE
"Cytokine Signaling In Immune System R-HSA-1280215",1.79913040355999,6,27,27,"smoothed","L3.4","Cytokine Signaling In Immune System","IFI30",FALSE,TRUE,TRUE
"Cytokine Signaling In Immune System R-HSA-1280215",1.79913040355999,6,27,27,"smoothed","L3.4","Cytokine Signaling In Immune System","FOS",FALSE,TRUE,TRUE
"Cytokine Signaling In Immune System R-HSA-1280215",1.79913040355999,6,27,27,"smoothed","L3.4","Cytokine Signaling In Immune System","MT2A",TRUE,TRUE,TRUE
"Cytokine Signaling In Immune System R-HSA-1280215",1.79913040355999,6,27,27,"smoothed","L3.4","Cytokine Signaling In Immune System","IL1R1",FALSE,TRUE,TRUE
"Cytokine Signaling In Immune System R-HSA-1280215",1.79913040355999,6,27,27,"smoothed","L3.4","Cytokine Signaling In Immune System","IFITM3",TRUE,TRUE,TRUE
"Cytokine Signaling In Immune System R-HSA-1280215",1.79913040355999,6,27,27,"smoothed","L3.4","Cytokine Signaling In Immune System","IFITM2",FALSE,TRUE,TRUE
"Cytokine Signaling In Immune System R-HSA-1280215",1.79913040355999,6,27,27,"smoothed","L3.4","Cytokine Signaling In Immune System","CEBPD",TRUE,TRUE,TRUE
"Cytokine Signaling In Immune System R-HSA-1280215",1.79913040355999,6,27,27,"smoothed","L3.4","Cytokine Signaling In Immune System","TNFRSF1B",FALSE,TRUE,TRUE
"Cytokine Signaling In Immune System R-HSA-1280215",1.79913040355999,6,27,27,"smoothed","L3.4","Cytokine Signaling In Immune System","TNFRSF6B",FALSE,TRUE,TRUE
"Cytokine Signaling In Immune System R-HSA-1280215",1.79913040355999,6,27,27,"smoothed","L3.4","Cytokine Signaling In Immune System","TNFRSF1A",FALSE,TRUE,TRUE
"Cytokine Signaling In Immune System R-HSA-1280215",1.79913040355999,6,27,27,"smoothed","L3.4","Cytokine Signaling In Immune System","VEGFA",FALSE,TRUE,TRUE
"Cytokine Signaling In Immune System R-HSA-1280215",1.79913040355999,6,27,27,"smoothed","L3.4","Cytokine Signaling In Immune System","TIMP1",FALSE,TRUE,TRUE
"Cytokine Signaling In Immune System R-HSA-1280215",1.79913040355999,6,27,27,"smoothed","L3.4","Cytokine Signaling In Immune System","BCL6",FALSE,TRUE,TRUE
"Cytokine Signaling In Immune System R-HSA-1280215",1.79913040355999,6,27,27,"smoothed","L3.4","Cytokine Signaling In Immune System","MCL1",FALSE,TRUE,TRUE
"Cytokine Signaling In Immune System R-HSA-1280215",1.79913040355999,6,27,27,"smoothed","L3.4","Cytokine Signaling In Immune System","NFKBIA",FALSE,TRUE,TRUE
"Cytokine Signaling In Immune System R-HSA-1280215",1.79913040355999,6,27,27,"smoothed","L3.4","Cytokine Signaling In Immune System","JUN",FALSE,TRUE,TRUE
"Cytokine Signaling In Immune System R-HSA-1280215",1.79913040355999,6,27,27,"smoothed","L3.4","Cytokine Signaling In Immune System","RPS6KA5",FALSE,TRUE,TRUE
"Cytokine Signaling In Immune System R-HSA-1280215",1.79913040355999,6,27,27,"smoothed","L3.4","Cytokine Signaling In Immune System","TAB2",FALSE,TRUE,TRUE
"Cytokine Signaling In Immune System R-HSA-1280215",1.79913040355999,6,27,27,"smoothed","L3.4","Cytokine Signaling In Immune System","KPNA5",FALSE,TRUE,TRUE
"Cytokine Signaling In Immune System R-HSA-1280215",1.79913040355999,6,27,27,"smoothed","L3.4","Cytokine Signaling In Immune System","STAT3",FALSE,TRUE,TRUE
"Eukaryotic Translation Elongation R-HSA-156842",2.01207768412218,0,1,1,"smoothed","L3.4","Eukaryotic Translation Elongation","RPL22L1",FALSE,TRUE,TRUE
"Eukaryotic Translation Termination R-HSA-72764",2.04940822542174,0,1,1,"smoothed","L3.4","Eukaryotic Translation Termination","RPL22L1",FALSE,TRUE,TRUE
"Formation Of A Pool Of Free 40S Subunits R-HSA-72689",2.06241366621294,0,1,1,"smoothed","L3.4","Formation Of A Pool Of Free 40S Subunits","RPL22L1",FALSE,TRUE,TRUE
"GTP Hydrolysis And Joining Of 60S Ribosomal Subunit R-HSA-72706",2.00865628397634,0,1,1,"smoothed","L3.4","GTP Hydrolysis And Joining Of 60S Ribosomal Subunit","RPL22L1",FALSE,TRUE,TRUE
"Hemostasis R-HSA-109582",1.50135808578213,3,9,9,"smoothed","L3.4","Hemostasis","SERPINA3",TRUE,TRUE,TRUE
"Hemostasis R-HSA-109582",1.50135808578213,3,9,9,"smoothed","L3.4","Hemostasis","CD44",TRUE,TRUE,TRUE
"Hemostasis R-HSA-109582",1.50135808578213,3,9,9,"smoothed","L3.4","Hemostasis","FCER1G",FALSE,TRUE,TRUE
"Hemostasis R-HSA-109582",1.50135808578213,3,9,9,"smoothed","L3.4","Hemostasis","MAFF",FALSE,TRUE,TRUE
"Hemostasis R-HSA-109582",1.50135808578213,3,9,9,"smoothed","L3.4","Hemostasis","SRGN",TRUE,TRUE,TRUE
"Hemostasis R-HSA-109582",1.50135808578213,3,9,9,"smoothed","L3.4","Hemostasis","SLC16A3",FALSE,TRUE,TRUE
"Hemostasis R-HSA-109582",1.50135808578213,3,9,9,"smoothed","L3.4","Hemostasis","VEGFA",FALSE,TRUE,TRUE
"Hemostasis R-HSA-109582",1.50135808578213,3,9,9,"smoothed","L3.4","Hemostasis","TIMP1",FALSE,TRUE,TRUE
"Hemostasis R-HSA-109582",1.50135808578213,3,9,9,"smoothed","L3.4","Hemostasis","SERPING1",FALSE,TRUE,TRUE
"Influenza Infection R-HSA-168255",1.64856087294823,0,3,3,"smoothed","L3.4","Influenza Infection","HSPA1A",FALSE,TRUE,TRUE
"Influenza Infection R-HSA-168255",1.64856087294823,0,3,3,"smoothed","L3.4","Influenza Infection","RPL22L1",FALSE,TRUE,TRUE
"Influenza Infection R-HSA-168255",1.64856087294823,0,3,3,"smoothed","L3.4","Influenza Infection","KPNA5",FALSE,TRUE,TRUE
"Influenza Viral RNA Transcription And Replication R-HSA-168273",1.68516372713862,0,1,1,"smoothed","L3.4","Influenza Viral RNA Transcription And Replication","RPL22L1",FALSE,TRUE,TRUE
"Initial Triggering Of Complement R-HSA-166663",1.92281663650276,0,2,2,"smoothed","L3.4","Initial Triggering Of Complement","C1QB",FALSE,TRUE,TRUE
"Initial Triggering Of Complement R-HSA-166663",1.92281663650276,0,2,2,"smoothed","L3.4","Initial Triggering Of Complement","C1R",FALSE,TRUE,TRUE
"Interferon Gamma Signaling R-HSA-877300",1.75342849847714,2,5,5,"smoothed","L3.4","Interferon Gamma Signaling","SOCS3",FALSE,TRUE,TRUE
"Interferon Gamma Signaling R-HSA-877300",1.75342849847714,2,5,5,"smoothed","L3.4","Interferon Gamma Signaling","CD44",TRUE,TRUE,TRUE
"Interferon Gamma Signaling R-HSA-877300",1.75342849847714,2,5,5,"smoothed","L3.4","Interferon Gamma Signaling","GBP1",FALSE,TRUE,TRUE
"Interferon Gamma Signaling R-HSA-877300",1.75342849847714,2,5,5,"smoothed","L3.4","Interferon Gamma Signaling","IFI30",FALSE,TRUE,TRUE
"Interferon Gamma Signaling R-HSA-877300",1.75342849847714,2,5,5,"smoothed","L3.4","Interferon Gamma Signaling","MT2A",TRUE,TRUE,TRUE
"Interleukin-1 Family Signaling R-HSA-446652",1.7464028711041,0,4,4,"smoothed","L3.4","Interleukin-1 Family Signaling","IL1R1",FALSE,TRUE,TRUE
"Interleukin-1 Family Signaling R-HSA-446652",1.7464028711041,0,4,4,"smoothed","L3.4","Interleukin-1 Family Signaling","NFKBIA",FALSE,TRUE,TRUE
"Interleukin-1 Family Signaling R-HSA-446652",1.7464028711041,0,4,4,"smoothed","L3.4","Interleukin-1 Family Signaling","TAB2",FALSE,TRUE,TRUE
"Interleukin-1 Family Signaling R-HSA-446652",1.7464028711041,0,4,4,"smoothed","L3.4","Interleukin-1 Family Signaling","STAT3",FALSE,TRUE,TRUE
"Interleukin-1 Signaling R-HSA-9020702",1.68885980159413,0,3,3,"smoothed","L3.4","Interleukin-1 Signaling","IL1R1",FALSE,TRUE,TRUE
"Interleukin-1 Signaling R-HSA-9020702",1.68885980159413,0,3,3,"smoothed","L3.4","Interleukin-1 Signaling","NFKBIA",FALSE,TRUE,TRUE
"Interleukin-1 Signaling R-HSA-9020702",1.68885980159413,0,3,3,"smoothed","L3.4","Interleukin-1 Signaling","TAB2",FALSE,TRUE,TRUE
"Interleukin-10 Signaling R-HSA-6783783",2.23718090167379,1,5,5,"smoothed","L3.4","Interleukin-10 Signaling","FPR1",TRUE,TRUE,TRUE
"Interleukin-10 Signaling R-HSA-6783783",2.23718090167379,1,5,5,"smoothed","L3.4","Interleukin-10 Signaling","IL1R1",FALSE,TRUE,TRUE
"Interleukin-10 Signaling R-HSA-6783783",2.23718090167379,1,5,5,"smoothed","L3.4","Interleukin-10 Signaling","TNFRSF1B",FALSE,TRUE,TRUE
"Interleukin-10 Signaling R-HSA-6783783",2.23718090167379,1,5,5,"smoothed","L3.4","Interleukin-10 Signaling","TNFRSF1A",FALSE,TRUE,TRUE
"Interleukin-10 Signaling R-HSA-6783783",2.23718090167379,1,5,5,"smoothed","L3.4","Interleukin-10 Signaling","TIMP1",FALSE,TRUE,TRUE
"Interleukin-4 And Interleukin-13 Signaling R-HSA-6785807",1.93715038007536,2,10,10,"smoothed","L3.4","Interleukin-4 And Interleukin-13 Signaling","SOCS3",FALSE,TRUE,TRUE
"Interleukin-4 And Interleukin-13 Signaling R-HSA-6785807",1.93715038007536,2,10,10,"smoothed","L3.4","Interleukin-4 And Interleukin-13 Signaling","CDKN1A",TRUE,TRUE,TRUE
"Interleukin-4 And Interleukin-13 Signaling R-HSA-6785807",1.93715038007536,2,10,10,"smoothed","L3.4","Interleukin-4 And Interleukin-13 Signaling","FOS",FALSE,TRUE,TRUE
"Interleukin-4 And Interleukin-13 Signaling R-HSA-6785807",1.93715038007536,2,10,10,"smoothed","L3.4","Interleukin-4 And Interleukin-13 Signaling","CEBPD",TRUE,TRUE,TRUE
"Interleukin-4 And Interleukin-13 Signaling R-HSA-6785807",1.93715038007536,2,10,10,"smoothed","L3.4","Interleukin-4 And Interleukin-13 Signaling","TNFRSF1B",FALSE,TRUE,TRUE
"Interleukin-4 And Interleukin-13 Signaling R-HSA-6785807",1.93715038007536,2,10,10,"smoothed","L3.4","Interleukin-4 And Interleukin-13 Signaling","VEGFA",FALSE,TRUE,TRUE
"Interleukin-4 And Interleukin-13 Signaling R-HSA-6785807",1.93715038007536,2,10,10,"smoothed","L3.4","Interleukin-4 And Interleukin-13 Signaling","TIMP1",FALSE,TRUE,TRUE
"Interleukin-4 And Interleukin-13 Signaling R-HSA-6785807",1.93715038007536,2,10,10,"smoothed","L3.4","Interleukin-4 And Interleukin-13 Signaling","BCL6",FALSE,TRUE,TRUE
"Interleukin-4 And Interleukin-13 Signaling R-HSA-6785807",1.93715038007536,2,10,10,"smoothed","L3.4","Interleukin-4 And Interleukin-13 Signaling","MCL1",FALSE,TRUE,TRUE
"Interleukin-4 And Interleukin-13 Signaling R-HSA-6785807",1.93715038007536,2,10,10,"smoothed","L3.4","Interleukin-4 And Interleukin-13 Signaling","STAT3",FALSE,TRUE,TRUE
"L13a-mediated Translational Silencing Of Ceruloplasmin Expression R-HSA-156827",2.00179661609993,0,1,1,"smoothed","L3.4","L13a-mediated Translational Silencing Of Ceruloplasmin Expression","RPL22L1",FALSE,TRUE,TRUE
"Leishmania Infection R-HSA-9658195",1.60932068225892,0,6,6,"smoothed","L3.4","Leishmania Infection","ADM",FALSE,TRUE,TRUE
"Leishmania Infection R-HSA-9658195",1.60932068225892,0,6,6,"smoothed","L3.4","Leishmania Infection","FCGR2A",FALSE,TRUE,TRUE
"Leishmania Infection R-HSA-9658195",1.60932068225892,0,6,6,"smoothed","L3.4","Leishmania Infection","TXNIP",FALSE,TRUE,TRUE
"Leishmania Infection R-HSA-9658195",1.60932068225892,0,6,6,"smoothed","L3.4","Leishmania Infection","WASF2",FALSE,TRUE,TRUE
"Leishmania Infection R-HSA-9658195",1.60932068225892,0,6,6,"smoothed","L3.4","Leishmania Infection","JUN",FALSE,TRUE,TRUE
"Leishmania Infection R-HSA-9658195",1.60932068225892,0,6,6,"smoothed","L3.4","Leishmania Infection","WIPF3",FALSE,TRUE,TRUE
"Neuronal System R-HSA-112316",-1.5253569995453,0,3,3,"smoothed","L3.4","Neuronal System","KCNG1",FALSE,TRUE,TRUE
"Neuronal System R-HSA-112316",-1.5253569995453,0,3,3,"smoothed","L3.4","Neuronal System","SLC6A12",FALSE,TRUE,TRUE
"Neuronal System R-HSA-112316",-1.5253569995453,0,3,3,"smoothed","L3.4","Neuronal System","BEGAIN",FALSE,TRUE,TRUE
"Neutrophil Degranulation R-HSA-6798695",1.85426616057123,4,16,16,"smoothed","L3.4","Neutrophil Degranulation","SERPINA3",TRUE,TRUE,TRUE
"Neutrophil Degranulation R-HSA-6798695",1.85426616057123,4,16,16,"smoothed","L3.4","Neutrophil Degranulation","FPR1",TRUE,TRUE,TRUE
"Neutrophil Degranulation R-HSA-6798695",1.85426616057123,4,16,16,"smoothed","L3.4","Neutrophil Degranulation","CD44",TRUE,TRUE,TRUE
"Neutrophil Degranulation R-HSA-6798695",1.85426616057123,4,16,16,"smoothed","L3.4","Neutrophil Degranulation","CHI3L1",TRUE,TRUE,TRUE
"Neutrophil Degranulation R-HSA-6798695",1.85426616057123,4,16,16,"smoothed","L3.4","Neutrophil Degranulation","FCGR2A",FALSE,TRUE,TRUE
"Neutrophil Degranulation R-HSA-6798695",1.85426616057123,4,16,16,"smoothed","L3.4","Neutrophil Degranulation","FCER1G",FALSE,TRUE,TRUE
"Neutrophil Degranulation R-HSA-6798695",1.85426616057123,4,16,16,"smoothed","L3.4","Neutrophil Degranulation","CRISPLD2",FALSE,TRUE,TRUE
"Neutrophil Degranulation R-HSA-6798695",1.85426616057123,4,16,16,"smoothed","L3.4","Neutrophil Degranulation","SLC11A1",FALSE,TRUE,TRUE
"Neutrophil Degranulation R-HSA-6798695",1.85426616057123,4,16,16,"smoothed","L3.4","Neutrophil Degranulation","TNFRSF1B",FALSE,TRUE,TRUE
"Neutrophil Degranulation R-HSA-6798695",1.85426616057123,4,16,16,"smoothed","L3.4","Neutrophil Degranulation","TMBIM1",FALSE,TRUE,TRUE
"Neutrophil Degranulation R-HSA-6798695",1.85426616057123,4,16,16,"smoothed","L3.4","Neutrophil Degranulation","SLC2A5",FALSE,TRUE,TRUE
"Neutrophil Degranulation R-HSA-6798695",1.85426616057123,4,16,16,"smoothed","L3.4","Neutrophil Degranulation","MGST1",FALSE,TRUE,TRUE
"Neutrophil Degranulation R-HSA-6798695",1.85426616057123,4,16,16,"smoothed","L3.4","Neutrophil Degranulation","LGALS3",FALSE,TRUE,TRUE
"Neutrophil Degranulation R-HSA-6798695",1.85426616057123,4,16,16,"smoothed","L3.4","Neutrophil Degranulation","HSPA1A",FALSE,TRUE,TRUE
"Neutrophil Degranulation R-HSA-6798695",1.85426616057123,4,16,16,"smoothed","L3.4","Neutrophil Degranulation","HSPA1B",FALSE,TRUE,TRUE
"Neutrophil Degranulation R-HSA-6798695",1.85426616057123,4,16,16,"smoothed","L3.4","Neutrophil Degranulation","STOM",FALSE,TRUE,TRUE
"Nonsense Mediated Decay (NMD) Enhanced By Exon Junction Complex (EJC) R-HSA-975957",2.04163879988959,0,3,3,"smoothed","L3.4","Nonsense Mediated Decay (NMD) Enhanced By Exon Junction Complex (EJC)","RPL22L1",FALSE,TRUE,TRUE
"Nonsense Mediated Decay (NMD) Enhanced By Exon Junction Complex (EJC) R-HSA-975957",2.04163879988959,0,3,3,"smoothed","L3.4","Nonsense Mediated Decay (NMD) Enhanced By Exon Junction Complex (EJC)","SMG6",FALSE,TRUE,TRUE
"Nonsense Mediated Decay (NMD) Enhanced By Exon Junction Complex (EJC) R-HSA-975957",2.04163879988959,0,3,3,"smoothed","L3.4","Nonsense Mediated Decay (NMD) Enhanced By Exon Junction Complex (EJC)","UPF3B",FALSE,TRUE,TRUE
"Nonsense Mediated Decay (NMD) Independent Of Exon Junction Complex (EJC) R-HSA-975956",2.07056354491926,0,1,1,"smoothed","L3.4","Nonsense Mediated Decay (NMD) Independent Of Exon Junction Complex (EJC)","RPL22L1",FALSE,TRUE,TRUE
"Peptide Chain Elongation R-HSA-156902",2.09334762935633,0,1,1,"smoothed","L3.4","Peptide Chain Elongation","RPL22L1",FALSE,TRUE,TRUE
"Platelet Activation, Signaling And Aggregation R-HSA-76002",1.66503445796427,2,6,6,"smoothed","L3.4","Platelet Activation, Signaling And Aggregation","SERPINA3",TRUE,TRUE,TRUE
"Platelet Activation, Signaling And Aggregation R-HSA-76002",1.66503445796427,2,6,6,"smoothed","L3.4","Platelet Activation, Signaling And Aggregation","FCER1G",FALSE,TRUE,TRUE
"Platelet Activation, Signaling And Aggregation R-HSA-76002",1.66503445796427,2,6,6,"smoothed","L3.4","Platelet Activation, Signaling And Aggregation","SRGN",TRUE,TRUE,TRUE
"Platelet Activation, Signaling And Aggregation R-HSA-76002",1.66503445796427,2,6,6,"smoothed","L3.4","Platelet Activation, Signaling And Aggregation","VEGFA",FALSE,TRUE,TRUE
"Platelet Activation, Signaling And Aggregation R-HSA-76002",1.66503445796427,2,6,6,"smoothed","L3.4","Platelet Activation, Signaling And Aggregation","TIMP1",FALSE,TRUE,TRUE
"Platelet Activation, Signaling And Aggregation R-HSA-76002",1.66503445796427,2,6,6,"smoothed","L3.4","Platelet Activation, Signaling And Aggregation","SERPING1",FALSE,TRUE,TRUE
"Platelet Degranulation R-HSA-114608",2.02163272321044,2,5,5,"smoothed","L3.4","Platelet Degranulation","SERPINA3",TRUE,TRUE,TRUE
"Platelet Degranulation R-HSA-114608",2.02163272321044,2,5,5,"smoothed","L3.4","Platelet Degranulation","SRGN",TRUE,TRUE,TRUE
"Platelet Degranulation R-HSA-114608",2.02163272321044,2,5,5,"smoothed","L3.4","Platelet Degranulation","VEGFA",FALSE,TRUE,TRUE
"Platelet Degranulation R-HSA-114608",2.02163272321044,2,5,5,"smoothed","L3.4","Platelet Degranulation","TIMP1",FALSE,TRUE,TRUE
"Platelet Degranulation R-HSA-114608",2.02163272321044,2,5,5,"smoothed","L3.4","Platelet Degranulation","SERPING1",FALSE,TRUE,TRUE
"Regulation Of Expression Of SLITs And ROBOs R-HSA-9010553",1.61493478560573,0,2,2,"smoothed","L3.4","Regulation Of Expression Of SLITs And ROBOs","RPL22L1",FALSE,TRUE,TRUE
"Regulation Of Expression Of SLITs And ROBOs R-HSA-9010553",1.61493478560573,0,2,2,"smoothed","L3.4","Regulation Of Expression Of SLITs And ROBOs","UPF3B",FALSE,TRUE,TRUE
"Response Of EIF2AK4 (GCN2) To Amino Acid Deficiency R-HSA-9633012",2.06035543583321,0,2,2,"smoothed","L3.4","Response Of EIF2AK4 (GCN2) To Amino Acid Deficiency","CEBPB",FALSE,TRUE,TRUE
"Response Of EIF2AK4 (GCN2) To Amino Acid Deficiency R-HSA-9633012",2.06035543583321,0,2,2,"smoothed","L3.4","Response Of EIF2AK4 (GCN2) To Amino Acid Deficiency","RPL22L1",FALSE,TRUE,TRUE
"Response To Elevated Platelet Cytosolic Ca2+ R-HSA-76005",1.97931481490565,2,5,5,"smoothed","L3.4","Response To Elevated Platelet Cytosolic Ca2+","SERPINA3",TRUE,TRUE,TRUE
"Response To Elevated Platelet Cytosolic Ca2+ R-HSA-76005",1.97931481490565,2,5,5,"smoothed","L3.4","Response To Elevated Platelet Cytosolic Ca2+","SRGN",TRUE,TRUE,TRUE
"Response To Elevated Platelet Cytosolic Ca2+ R-HSA-76005",1.97931481490565,2,5,5,"smoothed","L3.4","Response To Elevated Platelet Cytosolic Ca2+","VEGFA",FALSE,TRUE,TRUE
"Response To Elevated Platelet Cytosolic Ca2+ R-HSA-76005",1.97931481490565,2,5,5,"smoothed","L3.4","Response To Elevated Platelet Cytosolic Ca2+","TIMP1",FALSE,TRUE,TRUE
"Response To Elevated Platelet Cytosolic Ca2+ R-HSA-76005",1.97931481490565,2,5,5,"smoothed","L3.4","Response To Elevated Platelet Cytosolic Ca2+","SERPING1",FALSE,TRUE,TRUE
"Response To Metal Ions R-HSA-5660526",1.99949278648673,3,4,4,"smoothed","L3.4","Response To Metal Ions","MT1X",TRUE,TRUE,TRUE
"Response To Metal Ions R-HSA-5660526",1.99949278648673,3,4,4,"smoothed","L3.4","Response To Metal Ions","MT1M",TRUE,TRUE,TRUE
"Response To Metal Ions R-HSA-5660526",1.99949278648673,3,4,4,"smoothed","L3.4","Response To Metal Ions","MT2A",TRUE,TRUE,TRUE
"Response To Metal Ions R-HSA-5660526",1.99949278648673,3,4,4,"smoothed","L3.4","Response To Metal Ions","MT1E",FALSE,TRUE,TRUE
"SRP-dependent Cotranslational Protein Targeting To Membrane R-HSA-1799339",1.78532969239659,0,1,1,"smoothed","L3.4","SRP-dependent Cotranslational Protein Targeting To Membrane","RPL22L1",FALSE,TRUE,TRUE
"Selenoamino Acid Metabolism R-HSA-2408522",1.85857108785001,0,1,1,"smoothed","L3.4","Selenoamino Acid Metabolism","RPL22L1",FALSE,TRUE,TRUE
"Selenocysteine Synthesis R-HSA-2408557",2.06804303578111,0,1,1,"smoothed","L3.4","Selenocysteine Synthesis","RPL22L1",FALSE,TRUE,TRUE
"Signaling By Interleukins R-HSA-449147",1.87553272098074,3,18,18,"smoothed","L3.4","Signaling By Interleukins","FPR1",TRUE,TRUE,TRUE
"Signaling By Interleukins R-HSA-449147",1.87553272098074,3,18,18,"smoothed","L3.4","Signaling By Interleukins","SOCS3",FALSE,TRUE,TRUE
"Signaling By Interleukins R-HSA-449147",1.87553272098074,3,18,18,"smoothed","L3.4","Signaling By Interleukins","CDKN1A",TRUE,TRUE,TRUE
"Signaling By Interleukins R-HSA-449147",1.87553272098074,3,18,18,"smoothed","L3.4","Signaling By Interleukins","OSMR",FALSE,TRUE,TRUE
"Signaling By Interleukins R-HSA-449147",1.87553272098074,3,18,18,"smoothed","L3.4","Signaling By Interleukins","FOS",FALSE,TRUE,TRUE
"Signaling By Interleukins R-HSA-449147",1.87553272098074,3,18,18,"smoothed","L3.4","Signaling By Interleukins","IL1R1",FALSE,TRUE,TRUE
"Signaling By Interleukins R-HSA-449147",1.87553272098074,3,18,18,"smoothed","L3.4","Signaling By Interleukins","CEBPD",TRUE,TRUE,TRUE
"Signaling By Interleukins R-HSA-449147",1.87553272098074,3,18,18,"smoothed","L3.4","Signaling By Interleukins","TNFRSF1B",FALSE,TRUE,TRUE
"Signaling By Interleukins R-HSA-449147",1.87553272098074,3,18,18,"smoothed","L3.4","Signaling By Interleukins","TNFRSF1A",FALSE,TRUE,TRUE
"Signaling By Interleukins R-HSA-449147",1.87553272098074,3,18,18,"smoothed","L3.4","Signaling By Interleukins","VEGFA",FALSE,TRUE,TRUE
"Signaling By Interleukins R-HSA-449147",1.87553272098074,3,18,18,"smoothed","L3.4","Signaling By Interleukins","TIMP1",FALSE,TRUE,TRUE
"Signaling By Interleukins R-HSA-449147",1.87553272098074,3,18,18,"smoothed","L3.4","Signaling By Interleukins","BCL6",FALSE,TRUE,TRUE
"Signaling By Interleukins R-HSA-449147",1.87553272098074,3,18,18,"smoothed","L3.4","Signaling By Interleukins","MCL1",FALSE,TRUE,TRUE
"Signaling By Interleukins R-HSA-449147",1.87553272098074,3,18,18,"smoothed","L3.4","Signaling By Interleukins","NFKBIA",FALSE,TRUE,TRUE
"Signaling By Interleukins R-HSA-449147",1.87553272098074,3,18,18,"smoothed","L3.4","Signaling By Interleukins","JUN",FALSE,TRUE,TRUE
"Signaling By Interleukins R-HSA-449147",1.87553272098074,3,18,18,"smoothed","L3.4","Signaling By Interleukins","RPS6KA5",FALSE,TRUE,TRUE
"Signaling By Interleukins R-HSA-449147",1.87553272098074,3,18,18,"smoothed","L3.4","Signaling By Interleukins","TAB2",FALSE,TRUE,TRUE
"Signaling By Interleukins R-HSA-449147",1.87553272098074,3,18,18,"smoothed","L3.4","Signaling By Interleukins","STAT3",FALSE,TRUE,TRUE
"Transmission Across Chemical Synapses R-HSA-112315",-1.63912075662508,0,1,1,"smoothed","L3.4","Transmission Across Chemical Synapses","SLC6A12",FALSE,TRUE,TRUE
"Viral mRNA Translation R-HSA-192823",2.0946241648601,0,1,1,"smoothed","L3.4","Viral mRNA Translation","RPL22L1",FALSE,TRUE,TRUE
"Cap-dependent Translation Initiation R-HSA-72737",2.03025429074023,0,1,1,"smoothed","L5","Cap-dependent Translation Initiation","RPL22L1",FALSE,TRUE,TRUE
"Cellular Response To Starvation R-HSA-9711097",1.57369884081593,0,4,4,"smoothed","L5","Cellular Response To Starvation","RPL22L1",FALSE,TRUE,TRUE
"Cellular Response To Starvation R-HSA-9711097",1.57369884081593,0,4,4,"smoothed","L5","Cellular Response To Starvation","CEBPB",FALSE,TRUE,TRUE
"Cellular Response To Starvation R-HSA-9711097",1.57369884081593,0,4,4,"smoothed","L5","Cellular Response To Starvation","SESN1",FALSE,TRUE,TRUE
"Cellular Response To Starvation R-HSA-9711097",1.57369884081593,0,4,4,"smoothed","L5","Cellular Response To Starvation","FNIP2",FALSE,TRUE,TRUE
"Collagen Chain Trimerization R-HSA-8948216",-2.00624780360424,0,1,1,"smoothed","L5","Collagen Chain Trimerization","COL5A3",FALSE,TRUE,TRUE
"Complement Cascade R-HSA-166658",2.02426178717064,0,3,3,"smoothed","L5","Complement Cascade","C1QB",FALSE,TRUE,TRUE
"Complement Cascade R-HSA-166658",2.02426178717064,0,3,3,"smoothed","L5","Complement Cascade","C1R",FALSE,TRUE,TRUE
"Complement Cascade R-HSA-166658",2.02426178717064,0,3,3,"smoothed","L5","Complement Cascade","SERPING1",FALSE,TRUE,TRUE
"Cytokine Signaling In Immune System R-HSA-1280215",1.93294683623927,4,27,27,"smoothed","L5","Cytokine Signaling In Immune System","SOCS3",TRUE,TRUE,TRUE
"Cytokine Signaling In Immune System R-HSA-1280215",1.93294683623927,4,27,27,"smoothed","L5","Cytokine Signaling In Immune System","FPR1",FALSE,TRUE,TRUE
"Cytokine Signaling In Immune System R-HSA-1280215",1.93294683623927,4,27,27,"smoothed","L5","Cytokine Signaling In Immune System","TNFRSF12A",FALSE,TRUE,TRUE
"Cytokine Signaling In Immune System R-HSA-1280215",1.93294683623927,4,27,27,"smoothed","L5","Cytokine Signaling In Immune System","OSMR",FALSE,TRUE,TRUE
"Cytokine Signaling In Immune System R-HSA-1280215",1.93294683623927,4,27,27,"smoothed","L5","Cytokine Signaling In Immune System","CDKN1A",FALSE,TRUE,TRUE
"Cytokine Signaling In Immune System R-HSA-1280215",1.93294683623927,4,27,27,"smoothed","L5","Cytokine Signaling In Immune System","CEBPD",TRUE,TRUE,TRUE
"Cytokine Signaling In Immune System R-HSA-1280215",1.93294683623927,4,27,27,"smoothed","L5","Cytokine Signaling In Immune System","CD44",FALSE,TRUE,TRUE
"Cytokine Signaling In Immune System R-HSA-1280215",1.93294683623927,4,27,27,"smoothed","L5","Cytokine Signaling In Immune System","TNFRSF1B",FALSE,TRUE,TRUE
"Cytokine Signaling In Immune System R-HSA-1280215",1.93294683623927,4,27,27,"smoothed","L5","Cytokine Signaling In Immune System","MT2A",TRUE,TRUE,TRUE
"Cytokine Signaling In Immune System R-HSA-1280215",1.93294683623927,4,27,27,"smoothed","L5","Cytokine Signaling In Immune System","IFITM2",FALSE,TRUE,TRUE
"Cytokine Signaling In Immune System R-HSA-1280215",1.93294683623927,4,27,27,"smoothed","L5","Cytokine Signaling In Immune System","FOS",FALSE,TRUE,TRUE
"Cytokine Signaling In Immune System R-HSA-1280215",1.93294683623927,4,27,27,"smoothed","L5","Cytokine Signaling In Immune System","IL1R1",FALSE,TRUE,TRUE
"Cytokine Signaling In Immune System R-HSA-1280215",1.93294683623927,4,27,27,"smoothed","L5","Cytokine Signaling In Immune System","TNFRSF6B",FALSE,TRUE,TRUE
"Cytokine Signaling In Immune System R-HSA-1280215",1.93294683623927,4,27,27,"smoothed","L5","Cytokine Signaling In Immune System","IFITM3",FALSE,TRUE,TRUE
"Cytokine Signaling In Immune System R-HSA-1280215",1.93294683623927,4,27,27,"smoothed","L5","Cytokine Signaling In Immune System","GBP1",FALSE,TRUE,TRUE
"Cytokine Signaling In Immune System R-HSA-1280215",1.93294683623927,4,27,27,"smoothed","L5","Cytokine Signaling In Immune System","IFI30",FALSE,TRUE,TRUE
"Cytokine Signaling In Immune System R-HSA-1280215",1.93294683623927,4,27,27,"smoothed","L5","Cytokine Signaling In Immune System","VEGFA",FALSE,TRUE,TRUE
"Cytokine Signaling In Immune System R-HSA-1280215",1.93294683623927,4,27,27,"smoothed","L5","Cytokine Signaling In Immune System","JUN",TRUE,TRUE,TRUE
"Cytokine Signaling In Immune System R-HSA-1280215",1.93294683623927,4,27,27,"smoothed","L5","Cytokine Signaling In Immune System","TIMP1",FALSE,TRUE,TRUE
"Cytokine Signaling In Immune System R-HSA-1280215",1.93294683623927,4,27,27,"smoothed","L5","Cytokine Signaling In Immune System","BCL6",FALSE,TRUE,TRUE
"Cytokine Signaling In Immune System R-HSA-1280215",1.93294683623927,4,27,27,"smoothed","L5","Cytokine Signaling In Immune System","TNFRSF1A",FALSE,TRUE,TRUE
"Cytokine Signaling In Immune System R-HSA-1280215",1.93294683623927,4,27,27,"smoothed","L5","Cytokine Signaling In Immune System","STAT3",FALSE,TRUE,TRUE
"Cytokine Signaling In Immune System R-HSA-1280215",1.93294683623927,4,27,27,"smoothed","L5","Cytokine Signaling In Immune System","TAB2",FALSE,TRUE,TRUE
"Cytokine Signaling In Immune System R-HSA-1280215",1.93294683623927,4,27,27,"smoothed","L5","Cytokine Signaling In Immune System","NFKBIA",FALSE,TRUE,TRUE
"Cytokine Signaling In Immune System R-HSA-1280215",1.93294683623927,4,27,27,"smoothed","L5","Cytokine Signaling In Immune System","MCL1",FALSE,TRUE,TRUE
"Cytokine Signaling In Immune System R-HSA-1280215",1.93294683623927,4,27,27,"smoothed","L5","Cytokine Signaling In Immune System","RPS6KA5",FALSE,TRUE,TRUE
"Cytokine Signaling In Immune System R-HSA-1280215",1.93294683623927,4,27,27,"smoothed","L5","Cytokine Signaling In Immune System","KPNA5",FALSE,TRUE,TRUE
"Drug ADME R-HSA-9748784",-1.93057971609446,1,1,1,"smoothed","L5","Drug ADME","ABCG2",TRUE,TRUE,TRUE
"Eukaryotic Translation Elongation R-HSA-156842",2.04257914770256,0,1,1,"smoothed","L5","Eukaryotic Translation Elongation","RPL22L1",FALSE,TRUE,TRUE
"Eukaryotic Translation Termination R-HSA-72764",2.03629675537433,0,1,1,"smoothed","L5","Eukaryotic Translation Termination","RPL22L1",FALSE,TRUE,TRUE
"FCGR3A-mediated IL10 Synthesis R-HSA-9664323",1.99164626049365,1,1,1,"smoothed","L5","FCGR3A-mediated IL10 Synthesis","FCGR2A",TRUE,TRUE,TRUE
"Formation Of A Pool Of Free 40S Subunits R-HSA-72689",2.08941893505248,0,1,1,"smoothed","L5","Formation Of A Pool Of Free 40S Subunits","RPL22L1",FALSE,TRUE,TRUE
"GTP Hydrolysis And Joining Of 60S Ribosomal Subunit R-HSA-72706",2.07237146573735,0,1,1,"smoothed","L5","GTP Hydrolysis And Joining Of 60S Ribosomal Subunit","RPL22L1",FALSE,TRUE,TRUE
"Hemostasis R-HSA-109582",1.61147866864786,2,9,9,"smoothed","L5","Hemostasis","SERPINA3",TRUE,TRUE,TRUE
"Hemostasis R-HSA-109582",1.61147866864786,2,9,9,"smoothed","L5","Hemostasis","CD44",FALSE,TRUE,TRUE
"Hemostasis R-HSA-109582",1.61147866864786,2,9,9,"smoothed","L5","Hemostasis","FCER1G",FALSE,TRUE,TRUE
"Hemostasis R-HSA-109582",1.61147866864786,2,9,9,"smoothed","L5","Hemostasis","SRGN",TRUE,TRUE,TRUE
"Hemostasis R-HSA-109582",1.61147866864786,2,9,9,"smoothed","L5","Hemostasis","MAFF",FALSE,TRUE,TRUE
"Hemostasis R-HSA-109582",1.61147866864786,2,9,9,"smoothed","L5","Hemostasis","VEGFA",FALSE,TRUE,TRUE
"Hemostasis R-HSA-109582",1.61147866864786,2,9,9,"smoothed","L5","Hemostasis","TIMP1",FALSE,TRUE,TRUE
"Hemostasis R-HSA-109582",1.61147866864786,2,9,9,"smoothed","L5","Hemostasis","SLC16A3",FALSE,TRUE,TRUE
"Hemostasis R-HSA-109582",1.61147866864786,2,9,9,"smoothed","L5","Hemostasis","SERPING1",FALSE,TRUE,TRUE
"Influenza Infection R-HSA-168255",1.76593911458754,0,3,3,"smoothed","L5","Influenza Infection","HSPA1A",FALSE,TRUE,TRUE
"Influenza Infection R-HSA-168255",1.76593911458754,0,3,3,"smoothed","L5","Influenza Infection","RPL22L1",FALSE,TRUE,TRUE
"Influenza Infection R-HSA-168255",1.76593911458754,0,3,3,"smoothed","L5","Influenza Infection","KPNA5",FALSE,TRUE,TRUE
"Influenza Viral RNA Transcription And Replication R-HSA-168273",1.81048545246517,0,1,1,"smoothed","L5","Influenza Viral RNA Transcription And Replication","RPL22L1",FALSE,TRUE,TRUE
"Initial Triggering Of Complement R-HSA-166663",1.98247860441202,0,2,2,"smoothed","L5","Initial Triggering Of Complement","C1QB",FALSE,TRUE,TRUE
"Initial Triggering Of Complement R-HSA-166663",1.98247860441202,0,2,2,"smoothed","L5","Initial Triggering Of Complement","C1R",FALSE,TRUE,TRUE
"Interferon Gamma Signaling R-HSA-877300",1.93651644175009,2,5,5,"smoothed","L5","Interferon Gamma Signaling","SOCS3",TRUE,TRUE,TRUE
"Interferon Gamma Signaling R-HSA-877300",1.93651644175009,2,5,5,"smoothed","L5","Interferon Gamma Signaling","CD44",FALSE,TRUE,TRUE
"Interferon Gamma Signaling R-HSA-877300",1.93651644175009,2,5,5,"smoothed","L5","Interferon Gamma Signaling","MT2A",TRUE,TRUE,TRUE
"Interferon Gamma Signaling R-HSA-877300",1.93651644175009,2,5,5,"smoothed","L5","Interferon Gamma Signaling","GBP1",FALSE,TRUE,TRUE
"Interferon Gamma Signaling R-HSA-877300",1.93651644175009,2,5,5,"smoothed","L5","Interferon Gamma Signaling","IFI30",FALSE,TRUE,TRUE
"Interferon Signaling R-HSA-913531",1.76589219672275,2,7,7,"smoothed","L5","Interferon Signaling","SOCS3",TRUE,TRUE,TRUE
"Interferon Signaling R-HSA-913531",1.76589219672275,2,7,7,"smoothed","L5","Interferon Signaling","CD44",FALSE,TRUE,TRUE
"Interferon Signaling R-HSA-913531",1.76589219672275,2,7,7,"smoothed","L5","Interferon Signaling","MT2A",TRUE,TRUE,TRUE
"Interferon Signaling R-HSA-913531",1.76589219672275,2,7,7,"smoothed","L5","Interferon Signaling","IFITM2",FALSE,TRUE,TRUE
"Interferon Signaling R-HSA-913531",1.76589219672275,2,7,7,"smoothed","L5","Interferon Signaling","IFITM3",FALSE,TRUE,TRUE
"Interferon Signaling R-HSA-913531",1.76589219672275,2,7,7,"smoothed","L5","Interferon Signaling","GBP1",FALSE,TRUE,TRUE
"Interferon Signaling R-HSA-913531",1.76589219672275,2,7,7,"smoothed","L5","Interferon Signaling","IFI30",FALSE,TRUE,TRUE
"Interleukin-1 Family Signaling R-HSA-446652",1.84369035536675,0,4,4,"smoothed","L5","Interleukin-1 Family Signaling","IL1R1",FALSE,TRUE,TRUE
"Interleukin-1 Family Signaling R-HSA-446652",1.84369035536675,0,4,4,"smoothed","L5","Interleukin-1 Family Signaling","STAT3",FALSE,TRUE,TRUE
"Interleukin-1 Family Signaling R-HSA-446652",1.84369035536675,0,4,4,"smoothed","L5","Interleukin-1 Family Signaling","TAB2",FALSE,TRUE,TRUE
"Interleukin-1 Family Signaling R-HSA-446652",1.84369035536675,0,4,4,"smoothed","L5","Interleukin-1 Family Signaling","NFKBIA",FALSE,TRUE,TRUE
"Interleukin-1 Signaling R-HSA-9020702",1.73805302959996,0,3,3,"smoothed","L5","Interleukin-1 Signaling","IL1R1",FALSE,TRUE,TRUE
"Interleukin-1 Signaling R-HSA-9020702",1.73805302959996,0,3,3,"smoothed","L5","Interleukin-1 Signaling","TAB2",FALSE,TRUE,TRUE
"Interleukin-1 Signaling R-HSA-9020702",1.73805302959996,0,3,3,"smoothed","L5","Interleukin-1 Signaling","NFKBIA",FALSE,TRUE,TRUE
"Interleukin-10 Signaling R-HSA-6783783",2.10465749699203,0,6,6,"smoothed","L5","Interleukin-10 Signaling","FPR1",FALSE,TRUE,TRUE
"Interleukin-10 Signaling R-HSA-6783783",2.10465749699203,0,6,6,"smoothed","L5","Interleukin-10 Signaling","TNFRSF1B",FALSE,TRUE,TRUE
"Interleukin-10 Signaling R-HSA-6783783",2.10465749699203,0,6,6,"smoothed","L5","Interleukin-10 Signaling","IL1R1",FALSE,TRUE,TRUE
"Interleukin-10 Signaling R-HSA-6783783",2.10465749699203,0,6,6,"smoothed","L5","Interleukin-10 Signaling","TIMP1",FALSE,TRUE,TRUE
"Interleukin-10 Signaling R-HSA-6783783",2.10465749699203,0,6,6,"smoothed","L5","Interleukin-10 Signaling","TNFRSF1A",FALSE,TRUE,TRUE
"Interleukin-10 Signaling R-HSA-6783783",2.10465749699203,0,6,6,"smoothed","L5","Interleukin-10 Signaling","STAT3",FALSE,TRUE,TRUE
"Interleukin-4 And Interleukin-13 Signaling R-HSA-6785807",2.09087122843029,2,10,10,"smoothed","L5","Interleukin-4 And Interleukin-13 Signaling","SOCS3",TRUE,TRUE,TRUE
"Interleukin-4 And Interleukin-13 Signaling R-HSA-6785807",2.09087122843029,2,10,10,"smoothed","L5","Interleukin-4 And Interleukin-13 Signaling","CDKN1A",FALSE,TRUE,TRUE
"Interleukin-4 And Interleukin-13 Signaling R-HSA-6785807",2.09087122843029,2,10,10,"smoothed","L5","Interleukin-4 And Interleukin-13 Signaling","CEBPD",TRUE,TRUE,TRUE
"Interleukin-4 And Interleukin-13 Signaling R-HSA-6785807",2.09087122843029,2,10,10,"smoothed","L5","Interleukin-4 And Interleukin-13 Signaling","TNFRSF1B",FALSE,TRUE,TRUE
"Interleukin-4 And Interleukin-13 Signaling R-HSA-6785807",2.09087122843029,2,10,10,"smoothed","L5","Interleukin-4 And Interleukin-13 Signaling","FOS",FALSE,TRUE,TRUE
"Interleukin-4 And Interleukin-13 Signaling R-HSA-6785807",2.09087122843029,2,10,10,"smoothed","L5","Interleukin-4 And Interleukin-13 Signaling","VEGFA",FALSE,TRUE,TRUE
"Interleukin-4 And Interleukin-13 Signaling R-HSA-6785807",2.09087122843029,2,10,10,"smoothed","L5","Interleukin-4 And Interleukin-13 Signaling","TIMP1",FALSE,TRUE,TRUE
"Interleukin-4 And Interleukin-13 Signaling R-HSA-6785807",2.09087122843029,2,10,10,"smoothed","L5","Interleukin-4 And Interleukin-13 Signaling","BCL6",FALSE,TRUE,TRUE
"Interleukin-4 And Interleukin-13 Signaling R-HSA-6785807",2.09087122843029,2,10,10,"smoothed","L5","Interleukin-4 And Interleukin-13 Signaling","STAT3",FALSE,TRUE,TRUE
"Interleukin-4 And Interleukin-13 Signaling R-HSA-6785807",2.09087122843029,2,10,10,"smoothed","L5","Interleukin-4 And Interleukin-13 Signaling","MCL1",FALSE,TRUE,TRUE
"L13a-mediated Translational Silencing Of Ceruloplasmin Expression R-HSA-156827",2.07248023760641,0,1,1,"smoothed","L5","L13a-mediated Translational Silencing Of Ceruloplasmin Expression","RPL22L1",FALSE,TRUE,TRUE
"Neuronal System R-HSA-112316",-1.40349561918574,0,3,3,"smoothed","L5","Neuronal System","SLC6A12",FALSE,TRUE,TRUE
"Neuronal System R-HSA-112316",-1.40349561918574,0,3,3,"smoothed","L5","Neuronal System","KCNG1",FALSE,TRUE,TRUE
"Neuronal System R-HSA-112316",-1.40349561918574,0,3,3,"smoothed","L5","Neuronal System","BEGAIN",FALSE,TRUE,TRUE
"Neutrophil Degranulation R-HSA-6798695",1.89953703288504,3,16,16,"smoothed","L5","Neutrophil Degranulation","SERPINA3",TRUE,TRUE,TRUE
"Neutrophil Degranulation R-HSA-6798695",1.89953703288504,3,16,16,"smoothed","L5","Neutrophil Degranulation","FCGR2A",TRUE,TRUE,TRUE
"Neutrophil Degranulation R-HSA-6798695",1.89953703288504,3,16,16,"smoothed","L5","Neutrophil Degranulation","FPR1",FALSE,TRUE,TRUE
"Neutrophil Degranulation R-HSA-6798695",1.89953703288504,3,16,16,"smoothed","L5","Neutrophil Degranulation","CHI3L1",TRUE,TRUE,TRUE
"Neutrophil Degranulation R-HSA-6798695",1.89953703288504,3,16,16,"smoothed","L5","Neutrophil Degranulation","CD44",FALSE,TRUE,TRUE
"Neutrophil Degranulation R-HSA-6798695",1.89953703288504,3,16,16,"smoothed","L5","Neutrophil Degranulation","FCER1G",FALSE,TRUE,TRUE
"Neutrophil Degranulation R-HSA-6798695",1.89953703288504,3,16,16,"smoothed","L5","Neutrophil Degranulation","TNFRSF1B",FALSE,TRUE,TRUE
"Neutrophil Degranulation R-HSA-6798695",1.89953703288504,3,16,16,"smoothed","L5","Neutrophil Degranulation","SLC11A1",FALSE,TRUE,TRUE
"Neutrophil Degranulation R-HSA-6798695",1.89953703288504,3,16,16,"smoothed","L5","Neutrophil Degranulation","SLC2A5",FALSE,TRUE,TRUE
"Neutrophil Degranulation R-HSA-6798695",1.89953703288504,3,16,16,"smoothed","L5","Neutrophil Degranulation","HSPA1B",FALSE,TRUE,TRUE
"Neutrophil Degranulation R-HSA-6798695",1.89953703288504,3,16,16,"smoothed","L5","Neutrophil Degranulation","HSPA1A",FALSE,TRUE,TRUE
"Neutrophil Degranulation R-HSA-6798695",1.89953703288504,3,16,16,"smoothed","L5","Neutrophil Degranulation","CRISPLD2",FALSE,TRUE,TRUE
"Neutrophil Degranulation R-HSA-6798695",1.89953703288504,3,16,16,"smoothed","L5","Neutrophil Degranulation","MGST1",FALSE,TRUE,TRUE
"Neutrophil Degranulation R-HSA-6798695",1.89953703288504,3,16,16,"smoothed","L5","Neutrophil Degranulation","TMBIM1",FALSE,TRUE,TRUE
"Neutrophil Degranulation R-HSA-6798695",1.89953703288504,3,16,16,"smoothed","L5","Neutrophil Degranulation","LGALS3",FALSE,TRUE,TRUE
"Neutrophil Degranulation R-HSA-6798695",1.89953703288504,3,16,16,"smoothed","L5","Neutrophil Degranulation","STOM",FALSE,TRUE,TRUE
"Nonsense Mediated Decay (NMD) Enhanced By Exon Junction Complex (EJC) R-HSA-975957",2.07998904079786,0,3,3,"smoothed","L5","Nonsense Mediated Decay (NMD) Enhanced By Exon Junction Complex (EJC)","RPL22L1",FALSE,TRUE,TRUE
"Nonsense Mediated Decay (NMD) Enhanced By Exon Junction Complex (EJC) R-HSA-975957",2.07998904079786,0,3,3,"smoothed","L5","Nonsense Mediated Decay (NMD) Enhanced By Exon Junction Complex (EJC)","UPF3B",FALSE,TRUE,TRUE
"Nonsense Mediated Decay (NMD) Enhanced By Exon Junction Complex (EJC) R-HSA-975957",2.07998904079786,0,3,3,"smoothed","L5","Nonsense Mediated Decay (NMD) Enhanced By Exon Junction Complex (EJC)","SMG6",FALSE,TRUE,TRUE
"Nonsense Mediated Decay (NMD) Independent Of Exon Junction Complex (EJC) R-HSA-975956",2.02255670608456,0,1,1,"smoothed","L5","Nonsense Mediated Decay (NMD) Independent Of Exon Junction Complex (EJC)","RPL22L1",FALSE,TRUE,TRUE
"Peptide Chain Elongation R-HSA-156902",2.11749238790929,0,1,1,"smoothed","L5","Peptide Chain Elongation","RPL22L1",FALSE,TRUE,TRUE
"Platelet Activation, Signaling And Aggregation R-HSA-76002",1.5959551179882,2,6,6,"smoothed","L5","Platelet Activation, Signaling And Aggregation","SERPINA3",TRUE,TRUE,TRUE
"Platelet Activation, Signaling And Aggregation R-HSA-76002",1.5959551179882,2,6,6,"smoothed","L5","Platelet Activation, Signaling And Aggregation","FCER1G",FALSE,TRUE,TRUE
"Platelet Activation, Signaling And Aggregation R-HSA-76002",1.5959551179882,2,6,6,"smoothed","L5","Platelet Activation, Signaling And Aggregation","SRGN",TRUE,TRUE,TRUE
"Platelet Activation, Signaling And Aggregation R-HSA-76002",1.5959551179882,2,6,6,"smoothed","L5","Platelet Activation, Signaling And Aggregation","VEGFA",FALSE,TRUE,TRUE
"Platelet Activation, Signaling And Aggregation R-HSA-76002",1.5959551179882,2,6,6,"smoothed","L5","Platelet Activation, Signaling And Aggregation","TIMP1",FALSE,TRUE,TRUE
"Platelet Activation, Signaling And Aggregation R-HSA-76002",1.5959551179882,2,6,6,"smoothed","L5","Platelet Activation, Signaling And Aggregation","SERPING1",FALSE,TRUE,TRUE
"Platelet Degranulation R-HSA-114608",1.92658923497655,2,5,5,"smoothed","L5","Platelet Degranulation","SERPINA3",TRUE,TRUE,TRUE
"Platelet Degranulation R-HSA-114608",1.92658923497655,2,5,5,"smoothed","L5","Platelet Degranulation","SRGN",TRUE,TRUE,TRUE
"Platelet Degranulation R-HSA-114608",1.92658923497655,2,5,5,"smoothed","L5","Platelet Degranulation","VEGFA",FALSE,TRUE,TRUE
"Platelet Degranulation R-HSA-114608",1.92658923497655,2,5,5,"smoothed","L5","Platelet Degranulation","TIMP1",FALSE,TRUE,TRUE
"Platelet Degranulation R-HSA-114608",1.92658923497655,2,5,5,"smoothed","L5","Platelet Degranulation","SERPING1",FALSE,TRUE,TRUE
"Regulation Of Complement Cascade R-HSA-977606",2.05110028497121,0,3,3,"smoothed","L5","Regulation Of Complement Cascade","C1QB",FALSE,TRUE,TRUE
"Regulation Of Complement Cascade R-HSA-977606",2.05110028497121,0,3,3,"smoothed","L5","Regulation Of Complement Cascade","C1R",FALSE,TRUE,TRUE
"Regulation Of Complement Cascade R-HSA-977606",2.05110028497121,0,3,3,"smoothed","L5","Regulation Of Complement Cascade","SERPING1",FALSE,TRUE,TRUE
"Regulation Of Expression Of SLITs And ROBOs R-HSA-9010553",1.66358127456573,0,2,2,"smoothed","L5","Regulation Of Expression Of SLITs And ROBOs","RPL22L1",FALSE,TRUE,TRUE
"Regulation Of Expression Of SLITs And ROBOs R-HSA-9010553",1.66358127456573,0,2,2,"smoothed","L5","Regulation Of Expression Of SLITs And ROBOs","UPF3B",FALSE,TRUE,TRUE
"Response Of EIF2AK4 (GCN2) To Amino Acid Deficiency R-HSA-9633012",1.95883026846364,0,2,2,"smoothed","L5","Response Of EIF2AK4 (GCN2) To Amino Acid Deficiency","RPL22L1",FALSE,TRUE,TRUE
"Response Of EIF2AK4 (GCN2) To Amino Acid Deficiency R-HSA-9633012",1.95883026846364,0,2,2,"smoothed","L5","Response Of EIF2AK4 (GCN2) To Amino Acid Deficiency","CEBPB",FALSE,TRUE,TRUE
"Response To Elevated Platelet Cytosolic Ca2+ R-HSA-76005",1.88835299402692,2,5,5,"smoothed","L5","Response To Elevated Platelet Cytosolic Ca2+","SERPINA3",TRUE,TRUE,TRUE
"Response To Elevated Platelet Cytosolic Ca2+ R-HSA-76005",1.88835299402692,2,5,5,"smoothed","L5","Response To Elevated Platelet Cytosolic Ca2+","SRGN",TRUE,TRUE,TRUE
"Response To Elevated Platelet Cytosolic Ca2+ R-HSA-76005",1.88835299402692,2,5,5,"smoothed","L5","Response To Elevated Platelet Cytosolic Ca2+","VEGFA",FALSE,TRUE,TRUE
"Response To Elevated Platelet Cytosolic Ca2+ R-HSA-76005",1.88835299402692,2,5,5,"smoothed","L5","Response To Elevated Platelet Cytosolic Ca2+","TIMP1",FALSE,TRUE,TRUE
"Response To Elevated Platelet Cytosolic Ca2+ R-HSA-76005",1.88835299402692,2,5,5,"smoothed","L5","Response To Elevated Platelet Cytosolic Ca2+","SERPING1",FALSE,TRUE,TRUE
"Response To Metal Ions R-HSA-5660526",2.02420283541036,3,4,4,"smoothed","L5","Response To Metal Ions","MT1X",TRUE,TRUE,TRUE
"Response To Metal Ions R-HSA-5660526",2.02420283541036,3,4,4,"smoothed","L5","Response To Metal Ions","MT1M",TRUE,TRUE,TRUE
"Response To Metal Ions R-HSA-5660526",2.02420283541036,3,4,4,"smoothed","L5","Response To Metal Ions","MT2A",TRUE,TRUE,TRUE
"Response To Metal Ions R-HSA-5660526",2.02420283541036,3,4,4,"smoothed","L5","Response To Metal Ions","MT1E",FALSE,TRUE,TRUE
"SRP-dependent Cotranslational Protein Targeting To Membrane R-HSA-1799339",1.7893374566243,0,1,1,"smoothed","L5","SRP-dependent Cotranslational Protein Targeting To Membrane","RPL22L1",FALSE,TRUE,TRUE
"Selenoamino Acid Metabolism R-HSA-2408522",1.77515672920133,0,1,1,"smoothed","L5","Selenoamino Acid Metabolism","RPL22L1",FALSE,TRUE,TRUE
"Selenocysteine Synthesis R-HSA-2408557",2.05043245730116,0,1,1,"smoothed","L5","Selenocysteine Synthesis","RPL22L1",FALSE,TRUE,TRUE
"Signaling By Interleukins R-HSA-449147",1.95418593142272,3,18,18,"smoothed","L5","Signaling By Interleukins","SOCS3",TRUE,TRUE,TRUE
"Signaling By Interleukins R-HSA-449147",1.95418593142272,3,18,18,"smoothed","L5","Signaling By Interleukins","FPR1",FALSE,TRUE,TRUE
"Signaling By Interleukins R-HSA-449147",1.95418593142272,3,18,18,"smoothed","L5","Signaling By Interleukins","OSMR",FALSE,TRUE,TRUE
"Signaling By Interleukins R-HSA-449147",1.95418593142272,3,18,18,"smoothed","L5","Signaling By Interleukins","CDKN1A",FALSE,TRUE,TRUE
"Signaling By Interleukins R-HSA-449147",1.95418593142272,3,18,18,"smoothed","L5","Signaling By Interleukins","CEBPD",TRUE,TRUE,TRUE
"Signaling By Interleukins R-HSA-449147",1.95418593142272,3,18,18,"smoothed","L5","Signaling By Interleukins","TNFRSF1B",FALSE,TRUE,TRUE
"Signaling By Interleukins R-HSA-449147",1.95418593142272,3,18,18,"smoothed","L5","Signaling By Interleukins","FOS",FALSE,TRUE,TRUE
"Signaling By Interleukins R-HSA-449147",1.95418593142272,3,18,18,"smoothed","L5","Signaling By Interleukins","IL1R1",FALSE,TRUE,TRUE
"Signaling By Interleukins R-HSA-449147",1.95418593142272,3,18,18,"smoothed","L5","Signaling By Interleukins","VEGFA",FALSE,TRUE,TRUE
"Signaling By Interleukins R-HSA-449147",1.95418593142272,3,18,18,"smoothed","L5","Signaling By Interleukins","JUN",TRUE,TRUE,TRUE
"Signaling By Interleukins R-HSA-449147",1.95418593142272,3,18,18,"smoothed","L5","Signaling By Interleukins","TIMP1",FALSE,TRUE,TRUE
"Signaling By Interleukins R-HSA-449147",1.95418593142272,3,18,18,"smoothed","L5","Signaling By Interleukins","BCL6",FALSE,TRUE,TRUE
"Signaling By Interleukins R-HSA-449147",1.95418593142272,3,18,18,"smoothed","L5","Signaling By Interleukins","TNFRSF1A",FALSE,TRUE,TRUE
"Signaling By Interleukins R-HSA-449147",1.95418593142272,3,18,18,"smoothed","L5","Signaling By Interleukins","STAT3",FALSE,TRUE,TRUE
"Signaling By Interleukins R-HSA-449147",1.95418593142272,3,18,18,"smoothed","L5","Signaling By Interleukins","TAB2",FALSE,TRUE,TRUE
"Signaling By Interleukins R-HSA-449147",1.95418593142272,3,18,18,"smoothed","L5","Signaling By Interleukins","NFKBIA",FALSE,TRUE,TRUE
"Signaling By Interleukins R-HSA-449147",1.95418593142272,3,18,18,"smoothed","L5","Signaling By Interleukins","MCL1",FALSE,TRUE,TRUE
"Signaling By Interleukins R-HSA-449147",1.95418593142272,3,18,18,"smoothed","L5","Signaling By Interleukins","RPS6KA5",FALSE,TRUE,TRUE
"Viral mRNA Translation R-HSA-192823",2.10495064665158,0,1,1,"smoothed","L5","Viral mRNA Translation","RPL22L1",FALSE,TRUE,TRUE
"Attenuation Phase R-HSA-3371568",1.935130887521,0,2,2,"smoothed","L6","Attenuation Phase","HSPA1B",FALSE,TRUE,TRUE
"Attenuation Phase R-HSA-3371568",1.935130887521,0,2,2,"smoothed","L6","Attenuation Phase","HSPA1A",FALSE,TRUE,TRUE
"Cap-dependent Translation Initiation R-HSA-72737",2.22243206311293,0,1,1,"smoothed","L6","Cap-dependent Translation Initiation","RPL22L1",FALSE,TRUE,TRUE
"Cellular Response To Starvation R-HSA-9711097",1.8728723153273,1,4,4,"smoothed","L6","Cellular Response To Starvation","SESN1",TRUE,TRUE,TRUE
"Cellular Response To Starvation R-HSA-9711097",1.8728723153273,1,4,4,"smoothed","L6","Cellular Response To Starvation","CEBPB",FALSE,TRUE,TRUE
"Cellular Response To Starvation R-HSA-9711097",1.8728723153273,1,4,4,"smoothed","L6","Cellular Response To Starvation","RPL22L1",FALSE,TRUE,TRUE
"Cellular Response To Starvation R-HSA-9711097",1.8728723153273,1,4,4,"smoothed","L6","Cellular Response To Starvation","FNIP2",FALSE,TRUE,TRUE
"Cytokine Signaling In Immune System R-HSA-1280215",1.98725543664167,7,27,27,"smoothed","L6","Cytokine Signaling In Immune System","SOCS3",TRUE,TRUE,TRUE
"Cytokine Signaling In Immune System R-HSA-1280215",1.98725543664167,7,27,27,"smoothed","L6","Cytokine Signaling In Immune System","FPR1",TRUE,TRUE,TRUE
"Cytokine Signaling In Immune System R-HSA-1280215",1.98725543664167,7,27,27,"smoothed","L6","Cytokine Signaling In Immune System","CDKN1A",TRUE,TRUE,TRUE
"Cytokine Signaling In Immune System R-HSA-1280215",1.98725543664167,7,27,27,"smoothed","L6","Cytokine Signaling In Immune System","CD44",FALSE,TRUE,TRUE
"Cytokine Signaling In Immune System R-HSA-1280215",1.98725543664167,7,27,27,"smoothed","L6","Cytokine Signaling In Immune System","FOS",FALSE,TRUE,TRUE
"Cytokine Signaling In Immune System R-HSA-1280215",1.98725543664167,7,27,27,"smoothed","L6","Cytokine Signaling In Immune System","IL1R1",FALSE,TRUE,TRUE
"Cytokine Signaling In Immune System R-HSA-1280215",1.98725543664167,7,27,27,"smoothed","L6","Cytokine Signaling In Immune System","CEBPD",TRUE,TRUE,TRUE
"Cytokine Signaling In Immune System R-HSA-1280215",1.98725543664167,7,27,27,"smoothed","L6","Cytokine Signaling In Immune System","OSMR",FALSE,TRUE,TRUE
"Cytokine Signaling In Immune System R-HSA-1280215",1.98725543664167,7,27,27,"smoothed","L6","Cytokine Signaling In Immune System","TNFRSF12A",FALSE,TRUE,TRUE
"Cytokine Signaling In Immune System R-HSA-1280215",1.98725543664167,7,27,27,"smoothed","L6","Cytokine Signaling In Immune System","IFI30",FALSE,TRUE,TRUE
"Cytokine Signaling In Immune System R-HSA-1280215",1.98725543664167,7,27,27,"smoothed","L6","Cytokine Signaling In Immune System","GBP1",FALSE,TRUE,TRUE
"Cytokine Signaling In Immune System R-HSA-1280215",1.98725543664167,7,27,27,"smoothed","L6","Cytokine Signaling In Immune System","VEGFA",TRUE,TRUE,TRUE
"Cytokine Signaling In Immune System R-HSA-1280215",1.98725543664167,7,27,27,"smoothed","L6","Cytokine Signaling In Immune System","MT2A",TRUE,TRUE,TRUE
"Cytokine Signaling In Immune System R-HSA-1280215",1.98725543664167,7,27,27,"smoothed","L6","Cytokine Signaling In Immune System","IFITM3",FALSE,TRUE,TRUE
"Cytokine Signaling In Immune System R-HSA-1280215",1.98725543664167,7,27,27,"smoothed","L6","Cytokine Signaling In Immune System","TNFRSF6B",FALSE,TRUE,TRUE
"Cytokine Signaling In Immune System R-HSA-1280215",1.98725543664167,7,27,27,"smoothed","L6","Cytokine Signaling In Immune System","IFITM2",FALSE,TRUE,TRUE
"Cytokine Signaling In Immune System R-HSA-1280215",1.98725543664167,7,27,27,"smoothed","L6","Cytokine Signaling In Immune System","JUN",TRUE,TRUE,TRUE
"Cytokine Signaling In Immune System R-HSA-1280215",1.98725543664167,7,27,27,"smoothed","L6","Cytokine Signaling In Immune System","TNFRSF1B",FALSE,TRUE,TRUE
"Cytokine Signaling In Immune System R-HSA-1280215",1.98725543664167,7,27,27,"smoothed","L6","Cytokine Signaling In Immune System","BCL6",FALSE,TRUE,TRUE
"Cytokine Signaling In Immune System R-HSA-1280215",1.98725543664167,7,27,27,"smoothed","L6","Cytokine Signaling In Immune System","TNFRSF1A",FALSE,TRUE,TRUE
"Cytokine Signaling In Immune System R-HSA-1280215",1.98725543664167,7,27,27,"smoothed","L6","Cytokine Signaling In Immune System","MCL1",FALSE,TRUE,TRUE
"Cytokine Signaling In Immune System R-HSA-1280215",1.98725543664167,7,27,27,"smoothed","L6","Cytokine Signaling In Immune System","TIMP1",FALSE,TRUE,TRUE
"Cytokine Signaling In Immune System R-HSA-1280215",1.98725543664167,7,27,27,"smoothed","L6","Cytokine Signaling In Immune System","NFKBIA",FALSE,TRUE,TRUE
"Cytokine Signaling In Immune System R-HSA-1280215",1.98725543664167,7,27,27,"smoothed","L6","Cytokine Signaling In Immune System","RPS6KA5",FALSE,TRUE,TRUE
"Cytokine Signaling In Immune System R-HSA-1280215",1.98725543664167,7,27,27,"smoothed","L6","Cytokine Signaling In Immune System","STAT3",FALSE,TRUE,TRUE
"Cytokine Signaling In Immune System R-HSA-1280215",1.98725543664167,7,27,27,"smoothed","L6","Cytokine Signaling In Immune System","TAB2",FALSE,TRUE,TRUE
"Cytokine Signaling In Immune System R-HSA-1280215",1.98725543664167,7,27,27,"smoothed","L6","Cytokine Signaling In Immune System","KPNA5",FALSE,TRUE,TRUE
"Drug ADME R-HSA-9748784",-1.96411608064566,1,1,1,"smoothed","L6","Drug ADME","ABCG2",TRUE,TRUE,TRUE
"Eukaryotic Translation Elongation R-HSA-156842",2.19448164760025,0,1,1,"smoothed","L6","Eukaryotic Translation Elongation","RPL22L1",FALSE,TRUE,TRUE
"Eukaryotic Translation Termination R-HSA-72764",2.17607895401154,0,1,1,"smoothed","L6","Eukaryotic Translation Termination","RPL22L1",FALSE,TRUE,TRUE
"Formation Of A Pool Of Free 40S Subunits R-HSA-72689",2.29084095713383,0,1,1,"smoothed","L6","Formation Of A Pool Of Free 40S Subunits","RPL22L1",FALSE,TRUE,TRUE
"GPCR Ligand Binding R-HSA-500792",-1.61011638747637,1,6,7,"smoothed","L6","GPCR Ligand Binding","CORT",FALSE,TRUE,TRUE
"GPCR Ligand Binding R-HSA-500792",-1.61011638747637,1,6,7,"smoothed","L6","GPCR Ligand Binding","SST",FALSE,TRUE,TRUE
"GPCR Ligand Binding R-HSA-500792",-1.61011638747637,1,6,7,"smoothed","L6","GPCR Ligand Binding","CRH",FALSE,TRUE,TRUE
"GPCR Ligand Binding R-HSA-500792",-1.61011638747637,1,6,7,"smoothed","L6","GPCR Ligand Binding","RAMP2",FALSE,TRUE,TRUE
"GPCR Ligand Binding R-HSA-500792",-1.61011638747637,1,6,7,"smoothed","L6","GPCR Ligand Binding","GRM2",TRUE,FALSE,TRUE
"GPCR Ligand Binding R-HSA-500792",-1.61011638747637,1,6,7,"smoothed","L6","GPCR Ligand Binding","WNT7A",FALSE,TRUE,TRUE
"GPCR Ligand Binding R-HSA-500792",-1.61011638747637,1,6,7,"smoothed","L6","GPCR Ligand Binding","PLPPR3",FALSE,TRUE,TRUE
"GTP Hydrolysis And Joining Of 60S Ribosomal Subunit R-HSA-72706",2.29199302111099,0,1,1,"smoothed","L6","GTP Hydrolysis And Joining Of 60S Ribosomal Subunit","RPL22L1",FALSE,TRUE,TRUE
"Growth Hormone Receptor Signaling R-HSA-982772",1.93849929029455,1,2,2,"smoothed","L6","Growth Hormone Receptor Signaling","SOCS3",TRUE,TRUE,TRUE
"Growth Hormone Receptor Signaling R-HSA-982772",1.93849929029455,1,2,2,"smoothed","L6","Growth Hormone Receptor Signaling","STAT3",FALSE,TRUE,TRUE
"HSF1 Activation R-HSA-3371511",1.95005503993104,0,2,2,"smoothed","L6","HSF1 Activation","HSPA1B",FALSE,TRUE,TRUE
"HSF1 Activation R-HSA-3371511",1.95005503993104,0,2,2,"smoothed","L6","HSF1 Activation","HSPA1A",FALSE,TRUE,TRUE
"Heme Signaling R-HSA-9707616",1.87032740954864,0,1,1,"smoothed","L6","Heme Signaling","HBA1",FALSE,TRUE,TRUE
"Inactivation Of CSF3 (G-CSF) Signaling R-HSA-9705462",1.99415416368442,1,2,2,"smoothed","L6","Inactivation Of CSF3 (G-CSF) Signaling","SOCS3",TRUE,TRUE,TRUE
"Inactivation Of CSF3 (G-CSF) Signaling R-HSA-9705462",1.99415416368442,1,2,2,"smoothed","L6","Inactivation Of CSF3 (G-CSF) Signaling","STAT3",FALSE,TRUE,TRUE
"Influenza Infection R-HSA-168255",1.82736998687973,0,3,3,"smoothed","L6","Influenza Infection","HSPA1A",FALSE,TRUE,TRUE
"Influenza Infection R-HSA-168255",1.82736998687973,0,3,3,"smoothed","L6","Influenza Infection","KPNA5",FALSE,TRUE,TRUE
"Influenza Infection R-HSA-168255",1.82736998687973,0,3,3,"smoothed","L6","Influenza Infection","RPL22L1",FALSE,TRUE,TRUE
"Influenza Viral RNA Transcription And Replication R-HSA-168273",1.87343371257356,0,1,1,"smoothed","L6","Influenza Viral RNA Transcription And Replication","RPL22L1",FALSE,TRUE,TRUE
"Interferon Gamma Signaling R-HSA-877300",1.99863811399723,2,5,5,"smoothed","L6","Interferon Gamma Signaling","SOCS3",TRUE,TRUE,TRUE
"Interferon Gamma Signaling R-HSA-877300",1.99863811399723,2,5,5,"smoothed","L6","Interferon Gamma Signaling","CD44",FALSE,TRUE,TRUE
"Interferon Gamma Signaling R-HSA-877300",1.99863811399723,2,5,5,"smoothed","L6","Interferon Gamma Signaling","IFI30",FALSE,TRUE,TRUE
"Interferon Gamma Signaling R-HSA-877300",1.99863811399723,2,5,5,"smoothed","L6","Interferon Gamma Signaling","GBP1",FALSE,TRUE,TRUE
"Interferon Gamma Signaling R-HSA-877300",1.99863811399723,2,5,5,"smoothed","L6","Interferon Gamma Signaling","MT2A",TRUE,TRUE,TRUE
"Interferon Signaling R-HSA-913531",1.71403153768078,2,8,8,"smoothed","L6","Interferon Signaling","SOCS3",TRUE,TRUE,TRUE
"Interferon Signaling R-HSA-913531",1.71403153768078,2,8,8,"smoothed","L6","Interferon Signaling","CD44",FALSE,TRUE,TRUE
"Interferon Signaling R-HSA-913531",1.71403153768078,2,8,8,"smoothed","L6","Interferon Signaling","IFI30",FALSE,TRUE,TRUE
"Interferon Signaling R-HSA-913531",1.71403153768078,2,8,8,"smoothed","L6","Interferon Signaling","GBP1",FALSE,TRUE,TRUE
"Interferon Signaling R-HSA-913531",1.71403153768078,2,8,8,"smoothed","L6","Interferon Signaling","MT2A",TRUE,TRUE,TRUE
"Interferon Signaling R-HSA-913531",1.71403153768078,2,8,8,"smoothed","L6","Interferon Signaling","IFITM3",FALSE,TRUE,TRUE
"Interferon Signaling R-HSA-913531",1.71403153768078,2,8,8,"smoothed","L6","Interferon Signaling","IFITM2",FALSE,TRUE,TRUE
"Interferon Signaling R-HSA-913531",1.71403153768078,2,8,8,"smoothed","L6","Interferon Signaling","KPNA5",FALSE,TRUE,TRUE
"Interleukin-1 Family Signaling R-HSA-446652",2.02132428749731,0,4,4,"smoothed","L6","Interleukin-1 Family Signaling","IL1R1",FALSE,TRUE,TRUE
"Interleukin-1 Family Signaling R-HSA-446652",2.02132428749731,0,4,4,"smoothed","L6","Interleukin-1 Family Signaling","NFKBIA",FALSE,TRUE,TRUE
"Interleukin-1 Family Signaling R-HSA-446652",2.02132428749731,0,4,4,"smoothed","L6","Interleukin-1 Family Signaling","STAT3",FALSE,TRUE,TRUE
"Interleukin-1 Family Signaling R-HSA-446652",2.02132428749731,0,4,4,"smoothed","L6","Interleukin-1 Family Signaling","TAB2",FALSE,TRUE,TRUE
"Interleukin-1 Signaling R-HSA-9020702",1.85121830559133,0,3,3,"smoothed","L6","Interleukin-1 Signaling","IL1R1",FALSE,TRUE,TRUE
"Interleukin-1 Signaling R-HSA-9020702",1.85121830559133,0,3,3,"smoothed","L6","Interleukin-1 Signaling","NFKBIA",FALSE,TRUE,TRUE
"Interleukin-1 Signaling R-HSA-9020702",1.85121830559133,0,3,3,"smoothed","L6","Interleukin-1 Signaling","TAB2",FALSE,TRUE,TRUE
"Interleukin-10 Signaling R-HSA-6783783",2.19898316151681,1,6,6,"smoothed","L6","Interleukin-10 Signaling","FPR1",TRUE,TRUE,TRUE
"Interleukin-10 Signaling R-HSA-6783783",2.19898316151681,1,6,6,"smoothed","L6","Interleukin-10 Signaling","IL1R1",FALSE,TRUE,TRUE
"Interleukin-10 Signaling R-HSA-6783783",2.19898316151681,1,6,6,"smoothed","L6","Interleukin-10 Signaling","TNFRSF1B",FALSE,TRUE,TRUE
"Interleukin-10 Signaling R-HSA-6783783",2.19898316151681,1,6,6,"smoothed","L6","Interleukin-10 Signaling","TNFRSF1A",FALSE,TRUE,TRUE
"Interleukin-10 Signaling R-HSA-6783783",2.19898316151681,1,6,6,"smoothed","L6","Interleukin-10 Signaling","TIMP1",FALSE,TRUE,TRUE
"Interleukin-10 Signaling R-HSA-6783783",2.19898316151681,1,6,6,"smoothed","L6","Interleukin-10 Signaling","STAT3",FALSE,TRUE,TRUE
"Interleukin-4 And Interleukin-13 Signaling R-HSA-6785807",2.21272311241721,4,10,10,"smoothed","L6","Interleukin-4 And Interleukin-13 Signaling","SOCS3",TRUE,TRUE,TRUE
"Interleukin-4 And Interleukin-13 Signaling R-HSA-6785807",2.21272311241721,4,10,10,"smoothed","L6","Interleukin-4 And Interleukin-13 Signaling","CDKN1A",TRUE,TRUE,TRUE
"Interleukin-4 And Interleukin-13 Signaling R-HSA-6785807",2.21272311241721,4,10,10,"smoothed","L6","Interleukin-4 And Interleukin-13 Signaling","FOS",FALSE,TRUE,TRUE
"Interleukin-4 And Interleukin-13 Signaling R-HSA-6785807",2.21272311241721,4,10,10,"smoothed","L6","Interleukin-4 And Interleukin-13 Signaling","CEBPD",TRUE,TRUE,TRUE
"Interleukin-4 And Interleukin-13 Signaling R-HSA-6785807",2.21272311241721,4,10,10,"smoothed","L6","Interleukin-4 And Interleukin-13 Signaling","VEGFA",TRUE,TRUE,TRUE
"Interleukin-4 And Interleukin-13 Signaling R-HSA-6785807",2.21272311241721,4,10,10,"smoothed","L6","Interleukin-4 And Interleukin-13 Signaling","TNFRSF1B",FALSE,TRUE,TRUE
"Interleukin-4 And Interleukin-13 Signaling R-HSA-6785807",2.21272311241721,4,10,10,"smoothed","L6","Interleukin-4 And Interleukin-13 Signaling","BCL6",FALSE,TRUE,TRUE
"Interleukin-4 And Interleukin-13 Signaling R-HSA-6785807",2.21272311241721,4,10,10,"smoothed","L6","Interleukin-4 And Interleukin-13 Signaling","MCL1",FALSE,TRUE,TRUE
"Interleukin-4 And Interleukin-13 Signaling R-HSA-6785807",2.21272311241721,4,10,10,"smoothed","L6","Interleukin-4 And Interleukin-13 Signaling","TIMP1",FALSE,TRUE,TRUE
"Interleukin-4 And Interleukin-13 Signaling R-HSA-6785807",2.21272311241721,4,10,10,"smoothed","L6","Interleukin-4 And Interleukin-13 Signaling","STAT3",FALSE,TRUE,TRUE
"L13a-mediated Translational Silencing Of Ceruloplasmin Expression R-HSA-156827",2.30057624771847,0,1,1,"smoothed","L6","L13a-mediated Translational Silencing Of Ceruloplasmin Expression","RPL22L1",FALSE,TRUE,TRUE
"Leishmania Infection R-HSA-9658195",1.66366219631709,2,5,5,"smoothed","L6","Leishmania Infection","ADM",TRUE,TRUE,TRUE
"Leishmania Infection R-HSA-9658195",1.66366219631709,2,5,5,"smoothed","L6","Leishmania Infection","FCGR2A",FALSE,TRUE,TRUE
"Leishmania Infection R-HSA-9658195",1.66366219631709,2,5,5,"smoothed","L6","Leishmania Infection","JUN",TRUE,TRUE,TRUE
"Leishmania Infection R-HSA-9658195",1.66366219631709,2,5,5,"smoothed","L6","Leishmania Infection","TXNIP",FALSE,TRUE,TRUE
"Leishmania Infection R-HSA-9658195",1.66366219631709,2,5,5,"smoothed","L6","Leishmania Infection","WASF2",FALSE,TRUE,TRUE
"Neuronal System R-HSA-112316",-1.59545339145213,2,3,5,"smoothed","L6","Neuronal System","CHRNA2",TRUE,FALSE,TRUE
"Neuronal System R-HSA-112316",-1.59545339145213,2,3,5,"smoothed","L6","Neuronal System","SLC6A12",FALSE,TRUE,TRUE
"Neuronal System R-HSA-112316",-1.59545339145213,2,3,5,"smoothed","L6","Neuronal System","KCNG1",FALSE,TRUE,TRUE
"Neuronal System R-HSA-112316",-1.59545339145213,2,3,5,"smoothed","L6","Neuronal System","PANX2",TRUE,FALSE,TRUE
"Neuronal System R-HSA-112316",-1.59545339145213,2,3,5,"smoothed","L6","Neuronal System","BEGAIN",FALSE,TRUE,TRUE
"Neutrophil Degranulation R-HSA-6798695",1.91377134450249,2,16,16,"smoothed","L6","Neutrophil Degranulation","SERPINA3",FALSE,TRUE,TRUE
"Neutrophil Degranulation R-HSA-6798695",1.91377134450249,2,16,16,"smoothed","L6","Neutrophil Degranulation","FPR1",TRUE,TRUE,TRUE
"Neutrophil Degranulation R-HSA-6798695",1.91377134450249,2,16,16,"smoothed","L6","Neutrophil Degranulation","CD44",FALSE,TRUE,TRUE
"Neutrophil Degranulation R-HSA-6798695",1.91377134450249,2,16,16,"smoothed","L6","Neutrophil Degranulation","CHI3L1",TRUE,TRUE,TRUE
"Neutrophil Degranulation R-HSA-6798695",1.91377134450249,2,16,16,"smoothed","L6","Neutrophil Degranulation","FCGR2A",FALSE,TRUE,TRUE
"Neutrophil Degranulation R-HSA-6798695",1.91377134450249,2,16,16,"smoothed","L6","Neutrophil Degranulation","SLC11A1",FALSE,TRUE,TRUE
"Neutrophil Degranulation R-HSA-6798695",1.91377134450249,2,16,16,"smoothed","L6","Neutrophil Degranulation","FCER1G",FALSE,TRUE,TRUE
"Neutrophil Degranulation R-HSA-6798695",1.91377134450249,2,16,16,"smoothed","L6","Neutrophil Degranulation","HSPA1B",FALSE,TRUE,TRUE
"Neutrophil Degranulation R-HSA-6798695",1.91377134450249,2,16,16,"smoothed","L6","Neutrophil Degranulation","CRISPLD2",FALSE,TRUE,TRUE
"Neutrophil Degranulation R-HSA-6798695",1.91377134450249,2,16,16,"smoothed","L6","Neutrophil Degranulation","SLC2A5",FALSE,TRUE,TRUE
"Neutrophil Degranulation R-HSA-6798695",1.91377134450249,2,16,16,"smoothed","L6","Neutrophil Degranulation","HSPA1A",FALSE,TRUE,TRUE
"Neutrophil Degranulation R-HSA-6798695",1.91377134450249,2,16,16,"smoothed","L6","Neutrophil Degranulation","TNFRSF1B",FALSE,TRUE,TRUE
"Neutrophil Degranulation R-HSA-6798695",1.91377134450249,2,16,16,"smoothed","L6","Neutrophil Degranulation","TMBIM1",FALSE,TRUE,TRUE
"Neutrophil Degranulation R-HSA-6798695",1.91377134450249,2,16,16,"smoothed","L6","Neutrophil Degranulation","STOM",FALSE,TRUE,TRUE
"Neutrophil Degranulation R-HSA-6798695",1.91377134450249,2,16,16,"smoothed","L6","Neutrophil Degranulation","LGALS3",FALSE,TRUE,TRUE
"Neutrophil Degranulation R-HSA-6798695",1.91377134450249,2,16,16,"smoothed","L6","Neutrophil Degranulation","MGST1",FALSE,TRUE,TRUE
"Nonsense Mediated Decay (NMD) Enhanced By Exon Junction Complex (EJC) R-HSA-975957",2.24843418377622,0,3,3,"smoothed","L6","Nonsense Mediated Decay (NMD) Enhanced By Exon Junction Complex (EJC)","UPF3B",FALSE,TRUE,TRUE
"Nonsense Mediated Decay (NMD) Enhanced By Exon Junction Complex (EJC) R-HSA-975957",2.24843418377622,0,3,3,"smoothed","L6","Nonsense Mediated Decay (NMD) Enhanced By Exon Junction Complex (EJC)","RPL22L1",FALSE,TRUE,TRUE
"Nonsense Mediated Decay (NMD) Enhanced By Exon Junction Complex (EJC) R-HSA-975957",2.24843418377622,0,3,3,"smoothed","L6","Nonsense Mediated Decay (NMD) Enhanced By Exon Junction Complex (EJC)","SMG6",FALSE,TRUE,TRUE
"Nonsense Mediated Decay (NMD) Independent Of Exon Junction Complex (EJC) R-HSA-975956",2.22297815159964,0,1,1,"smoothed","L6","Nonsense Mediated Decay (NMD) Independent Of Exon Junction Complex (EJC)","RPL22L1",FALSE,TRUE,TRUE
"Peptide Chain Elongation R-HSA-156902",2.26350262869343,0,1,1,"smoothed","L6","Peptide Chain Elongation","RPL22L1",FALSE,TRUE,TRUE
"Regulation Of Expression Of SLITs And ROBOs R-HSA-9010553",1.88706895537069,0,2,2,"smoothed","L6","Regulation Of Expression Of SLITs And ROBOs","UPF3B",FALSE,TRUE,TRUE
"Regulation Of Expression Of SLITs And ROBOs R-HSA-9010553",1.88706895537069,0,2,2,"smoothed","L6","Regulation Of Expression Of SLITs And ROBOs","RPL22L1",FALSE,TRUE,TRUE
"Response Of EIF2AK4 (GCN2) To Amino Acid Deficiency R-HSA-9633012",2.23100817583567,0,2,2,"smoothed","L6","Response Of EIF2AK4 (GCN2) To Amino Acid Deficiency","CEBPB",FALSE,TRUE,TRUE
"Response Of EIF2AK4 (GCN2) To Amino Acid Deficiency R-HSA-9633012",2.23100817583567,0,2,2,"smoothed","L6","Response Of EIF2AK4 (GCN2) To Amino Acid Deficiency","RPL22L1",FALSE,TRUE,TRUE
"Response To Metal Ions R-HSA-5660526",1.99545328779562,3,4,4,"smoothed","L6","Response To Metal Ions","MT1X",TRUE,TRUE,TRUE
"Response To Metal Ions R-HSA-5660526",1.99545328779562,3,4,4,"smoothed","L6","Response To Metal Ions","MT1M",TRUE,TRUE,TRUE
"Response To Metal Ions R-HSA-5660526",1.99545328779562,3,4,4,"smoothed","L6","Response To Metal Ions","MT2A",TRUE,TRUE,TRUE
"Response To Metal Ions R-HSA-5660526",1.99545328779562,3,4,4,"smoothed","L6","Response To Metal Ions","MT1E",FALSE,TRUE,TRUE
"SRP-dependent Cotranslational Protein Targeting To Membrane R-HSA-1799339",2.02414772119438,0,1,1,"smoothed","L6","SRP-dependent Cotranslational Protein Targeting To Membrane","RPL22L1",FALSE,TRUE,TRUE
"Selenoamino Acid Metabolism R-HSA-2408522",1.99752724455994,0,1,1,"smoothed","L6","Selenoamino Acid Metabolism","RPL22L1",FALSE,TRUE,TRUE
"Selenocysteine Synthesis R-HSA-2408557",2.22468097740951,0,1,1,"smoothed","L6","Selenocysteine Synthesis","RPL22L1",FALSE,TRUE,TRUE
"Signaling By CSF3 (G-CSF) R-HSA-9674555",1.92095152917869,1,2,2,"smoothed","L6","Signaling By CSF3 (G-CSF)","SOCS3",TRUE,TRUE,TRUE
"Signaling By CSF3 (G-CSF) R-HSA-9674555",1.92095152917869,1,2,2,"smoothed","L6","Signaling By CSF3 (G-CSF)","STAT3",FALSE,TRUE,TRUE
"Signaling By Interleukins R-HSA-449147",2.11414026985059,6,18,18,"smoothed","L6","Signaling By Interleukins","SOCS3",TRUE,TRUE,TRUE
"Signaling By Interleukins R-HSA-449147",2.11414026985059,6,18,18,"smoothed","L6","Signaling By Interleukins","FPR1",TRUE,TRUE,TRUE
"Signaling By Interleukins R-HSA-449147",2.11414026985059,6,18,18,"smoothed","L6","Signaling By Interleukins","CDKN1A",TRUE,TRUE,TRUE
"Signaling By Interleukins R-HSA-449147",2.11414026985059,6,18,18,"smoothed","L6","Signaling By Interleukins","FOS",FALSE,TRUE,TRUE
"Signaling By Interleukins R-HSA-449147",2.11414026985059,6,18,18,"smoothed","L6","Signaling By Interleukins","IL1R1",FALSE,TRUE,TRUE
"Signaling By Interleukins R-HSA-449147",2.11414026985059,6,18,18,"smoothed","L6","Signaling By Interleukins","CEBPD",TRUE,TRUE,TRUE
"Signaling By Interleukins R-HSA-449147",2.11414026985059,6,18,18,"smoothed","L6","Signaling By Interleukins","OSMR",FALSE,TRUE,TRUE
"Signaling By Interleukins R-HSA-449147",2.11414026985059,6,18,18,"smoothed","L6","Signaling By Interleukins","VEGFA",TRUE,TRUE,TRUE
"Signaling By Interleukins R-HSA-449147",2.11414026985059,6,18,18,"smoothed","L6","Signaling By Interleukins","JUN",TRUE,TRUE,TRUE
"Signaling By Interleukins R-HSA-449147",2.11414026985059,6,18,18,"smoothed","L6","Signaling By Interleukins","TNFRSF1B",FALSE,TRUE,TRUE
"Signaling By Interleukins R-HSA-449147",2.11414026985059,6,18,18,"smoothed","L6","Signaling By Interleukins","BCL6",FALSE,TRUE,TRUE
"Signaling By Interleukins R-HSA-449147",2.11414026985059,6,18,18,"smoothed","L6","Signaling By Interleukins","TNFRSF1A",FALSE,TRUE,TRUE
"Signaling By Interleukins R-HSA-449147",2.11414026985059,6,18,18,"smoothed","L6","Signaling By Interleukins","MCL1",FALSE,TRUE,TRUE
"Signaling By Interleukins R-HSA-449147",2.11414026985059,6,18,18,"smoothed","L6","Signaling By Interleukins","TIMP1",FALSE,TRUE,TRUE
"Signaling By Interleukins R-HSA-449147",2.11414026985059,6,18,18,"smoothed","L6","Signaling By Interleukins","NFKBIA",FALSE,TRUE,TRUE
"Signaling By Interleukins R-HSA-449147",2.11414026985059,6,18,18,"smoothed","L6","Signaling By Interleukins","RPS6KA5",FALSE,TRUE,TRUE
"Signaling By Interleukins R-HSA-449147",2.11414026985059,6,18,18,"smoothed","L6","Signaling By Interleukins","STAT3",FALSE,TRUE,TRUE
"Signaling By Interleukins R-HSA-449147",2.11414026985059,6,18,18,"smoothed","L6","Signaling By Interleukins","TAB2",FALSE,TRUE,TRUE
"Signaling By ROBO Receptors R-HSA-376176",1.65465623680757,0,2,2,"smoothed","L6","Signaling By ROBO Receptors","UPF3B",FALSE,TRUE,TRUE
"Signaling By ROBO Receptors R-HSA-376176",1.65465623680757,0,2,2,"smoothed","L6","Signaling By ROBO Receptors","RPL22L1",FALSE,TRUE,TRUE
"Toll Like Receptor 4 (TLR4) Cascade R-HSA-166016",1.66586153783867,1,5,5,"smoothed","L6","Toll Like Receptor 4 (TLR4) Cascade","FOS",FALSE,TRUE,TRUE
"Toll Like Receptor 4 (TLR4) Cascade R-HSA-166016",1.66586153783867,1,5,5,"smoothed","L6","Toll Like Receptor 4 (TLR4) Cascade","JUN",TRUE,TRUE,TRUE
"Toll Like Receptor 4 (TLR4) Cascade R-HSA-166016",1.66586153783867,1,5,5,"smoothed","L6","Toll Like Receptor 4 (TLR4) Cascade","NFKBIA",FALSE,TRUE,TRUE
"Toll Like Receptor 4 (TLR4) Cascade R-HSA-166016",1.66586153783867,1,5,5,"smoothed","L6","Toll Like Receptor 4 (TLR4) Cascade","RPS6KA5",FALSE,TRUE,TRUE
"Toll Like Receptor 4 (TLR4) Cascade R-HSA-166016",1.66586153783867,1,5,5,"smoothed","L6","Toll Like Receptor 4 (TLR4) Cascade","TAB2",FALSE,TRUE,TRUE
"Transmission Across Chemical Synapses R-HSA-112315",-1.63967666970574,1,1,2,"smoothed","L6","Transmission Across Chemical Synapses","CHRNA2",TRUE,FALSE,TRUE
"Transmission Across Chemical Synapses R-HSA-112315",-1.63967666970574,1,1,2,"smoothed","L6","Transmission Across Chemical Synapses","SLC6A12",FALSE,TRUE,TRUE
"Viral mRNA Translation R-HSA-192823",2.26022536113428,0,1,1,"smoothed","L6","Viral mRNA Translation","RPL22L1",FALSE,TRUE,TRUE
