split,context,n_eGenes,n_SCZD_GWAS,n_DEG,n_DEG_SCZD_GWAS,SCZD_GWAS_genes,DEG_genes,DEG_SCZD_GWAS_genes
all,Astro.L1,60,2,13,0,"HLA-C, KANSL1-AS1","AC119673.2, BAIAP3, CAMLG, DDT, GPNMB, HLA-B, RGR, S100A13, SLC35E2B, SNORC, STMN4, SURF1, THNSL2",""
all,Astro.Nrn,438,3,33,1,"MAPK3, VARS2, ZSCAN31","AC119673.2, ATF4, ATP6V0E2, BAIAP3, C1QTNF4, CAMLG, CHCHD2, COA6, DDT, DGCR10, FABP3, GAPDH, GPNMB, HLA-B, HLA-DRB1, MAPK3, MRPL21, PCP4, PDK4, PDLIM4, PEPD, RGR, RPS23, RPS24, S100A13, SLC35E2B, SNORC, SPON2, STMN4, SURF1, THNSL2, TOMM7, USP22",MAPK3
all,Inhb,267,5,28,0,"BTN3A2, HLA-C, HLA-DMA, KANSL1-AS1, VARS2","AC119673.2, ARL17B, ATF4, ATP6V0E2, BAIAP3, CAMLG, CHCHD2, COA6, COX7A1, DDT, DGCR10, GAPDH, GPNMB, HLA-B, HLA-DRB1, MAPK3, MRPL21, NAXE, PCP4, RGR, RPS23, S100A13, SLC35E2B, SNORC, SPON2, SURF1, THNSL2, TOMM7",""
all,L2,344,5,23,1,"HLA-C, KANSL1-AS1, LRRC37A2, MAPK3, RPS17","AC119673.2, BAIAP3, CAMLG, CHCHD2, DDT, DGCR10, GPNMB, HLA-B, HLA-DRB1, MAPK3, MRPL21, NAXE, PCP4, RGR, RPL8, RPS23, S100A13, SLC35E2B, SNORC, SPON2, SURF1, THNSL2, TRIM47",MAPK3
all,L3,572,6,41,1,"AL138976.2, HLA-C, HLA-DMA, KANSL1-AS1, MAPK3, ZSCAN31","AC119673.2, ATF4, ATP6V0E2, BAIAP3, CAMLG, CHCHD2, CHI3L1, COA6, COX7A1, COX7A2, DDT, DGCR10, FBLN7, GAPDH, GOLGA4, GPNMB, HLA-B, HLA-DRB1, MAPK3, MRPL21, NAXE, NBL1, PDLIM4, PEPD, PHLDA2, POP5, RGR, RPL28, RPS23, S100A13, SLC35E2B, SNORC, SPON2, STEAP2, SURF1, THNSL2, TOMM7, TRIM47, TTC32, TXNDC17, USP22",MAPK3
all,L4,210,4,24,1,"HLA-C, KANSL1-AS1, MAPK3, RPS17","AC119673.2, CAMLG, CHCHD2, COX7A1, DDT, DGCR10, GPNMB, HLA-B, HLA-DRB1, MAPK3, MRPL21, NAXE, NBL1, PEPD, PNCK, RGR, RPL28, RPS23, S100A13, SLC35E2B, SNORC, SURF1, THNSL2, TOMM7",MAPK3
all,L5,784,10,47,1,"AL121944.1, AL513548.1, BTN3A2, HLA-C, HLA-DMA, HLA-DMB, KANSL1-AS1, MAPK3, MAPT-AS1, ZSCAN31","AC119673.2, ATF4, ATP6V0E2, BAIAP3, CAMLG, CCNI, CHCHD2, COA6, COX14, DDT, DGCR10, FBLN7, GAPDH, GPNMB, HLA-B, HLA-DRB1, HSPB1, IFITM2, MAP1LC3A, MAPK3, MRPL21, MRVI1, NAXE, NBL1, NCALD, NEDD8, PCP4L1, PDLIM4, PEPD, PHLDA2, RERGL, RGR, RPL28, RPL8, RPLP2, RPS23, S100A10, S100A13, SLC35E2B, SNORC, SPON2, SURF1, THNSL2, TMEM176B, TOMM7, TTC32, USP22",MAPK3
all,L6,455,4,41,0,"HLA-C, HLA-DMA, LRRC37A2, TSBP1-AS1","ABRACL, AC119673.2, AC245060.5, ANKDD1A, ATP5F1E, ATP6V0E2, BAIAP3, CAMLG, CHCHD2, COA6, COX14, DDT, DGCR10, FABP3, GPNMB, HLA-B, HLA-DRB1, HSPB1, MRPL21, MT1E, NEAT1, PDLIM4, PEPD, PHLDA2, PREX1, RGR, RPL28, RPL8, RPS23, RPS24, S100A13, SLC35E2B, SNORC, SPON2, STEAP2, STMN4, SURF1, THNSL2, TOMM7, TTC32, TUBA1C",""
all,Micro.Vasc,23,0,5,0,"","ANP32B, CAMLG, MRPL21, RPS23, SLC35E2B",""
all,WM,78,1,11,0,KANSL1-AS1,"AC119673.2, ATF4, MRPL21, NKAIN1, S100A13, SLC35E2B, SNORC, STMN4, SURF1, THNSL2, TOMM7",""
