region_filter,split,context,n_independent_signals,n_eGenes,n_SCZD_GWAS,n_DEG,n_DEG_SCZD_GWAS,SCZD_GWAS_genes,DEG_genes,DEG_SCZD_GWAS_genes,n_HLA_eGenes,n_MHC_eGenes,n_HLA_DEG,n_MHC_DEG,n_lead_variant_MHC,HLA_genes,HLA_DEG_genes,MHC_genes,MHC_DEG_genes
all,all,Astro.L1,61,60,2,13,0,"HLA-C, KANSL1-AS1","AC119673.2, BAIAP3, CAMLG, DDT, GPNMB, HLA-B, RGR, S100A13, SLC35E2B, SNORC, STMN4, SURF1, THNSL2","",3,3,1,1,3,"HLA-B, HLA-C, HLA-DQB1",HLA-B,"HLA-B, HLA-C, HLA-DQB1",HLA-B
all,all,Astro.Nrn,450,438,4,33,1,"HLA-DRB5, MAPK3, VARS2, ZSCAN31","AC119673.2, ATF4, ATP6V0E2, BAIAP3, C1QTNF4, CAMLG, CHCHD2, COA6, DDT, DGCR10, FABP3, GAPDH, GPNMB, HLA-B, HLA-DRB1, MAPK3, MRPL21, PCP4, PDK4, PDLIM4, PEPD, RGR, RPS23, RPS24, S100A13, SLC35E2B, SNORC, SPON2, STMN4, SURF1, THNSL2, TOMM7, USP22",MAPK3,7,11,3,3,15,"HLA-A, HLA-B, HLA-C, HLA-DPB1, HLA-DQB1, HLA-DRB1, HLA-DRB5","HLA-B, HLA-DRB1","AL513548.1, HIST1H1C, HLA-A, HLA-B, HLA-C, HLA-DPB1, HLA-DQB1, HLA-DRB1, HLA-DRB5, VARS2, ZSCAN31","HLA-B, HLA-DRB1"
all,all,Inhb,274,267,4,28,0,"BTN3A2, HLA-DMA, KANSL1-AS1, VARS2","AC119673.2, ARL17B, ATF4, ATP6V0E2, BAIAP3, CAMLG, CHCHD2, COA6, COX7A1, DDT, DGCR10, GAPDH, GPNMB, HLA-B, HLA-DRB1, MAPK3, MRPL21, NAXE, PCP4, RGR, RPS23, S100A13, SLC35E2B, SNORC, SPON2, SURF1, THNSL2, TOMM7","",6,9,2,2,11,"HLA-B, HLA-C, HLA-DMA, HLA-DQB1, HLA-DRB1, HLA-DRB5","HLA-B, HLA-DRB1","BTN3A2, HLA-B, HLA-C, HLA-DMA, HLA-DQB1, HLA-DRB1, HLA-DRB5, VARS2, ZSCAN31","HLA-B, HLA-DRB1"
all,all,L2,352,344,4,23,1,"KANSL1-AS1, LRRC37A2, MAPK3, RPS17","AC119673.2, BAIAP3, CAMLG, CHCHD2, DDT, DGCR10, GPNMB, HLA-B, HLA-DRB1, MAPK3, MRPL21, NAXE, PCP4, RGR, RPL8, RPS23, S100A13, SLC35E2B, SNORC, SPON2, SURF1, THNSL2, TRIM47",MAPK3,5,6,2,2,8,"HLA-B, HLA-C, HLA-DPB1, HLA-DQB1, HLA-DRB1","HLA-B, HLA-DRB1","HLA-B, HLA-C, HLA-DPB1, HLA-DQB1, HLA-DRB1, VARS2","HLA-B, HLA-DRB1"
all,all,L3,589,572,7,41,1,"AL138976.2, HLA-C, HLA-DMA, HLA-DRB5, KANSL1-AS1, MAPK3, ZSCAN31","AC119673.2, ATF4, ATP6V0E2, BAIAP3, CAMLG, CHCHD2, CHI3L1, COA6, COX7A1, COX7A2, DDT, DGCR10, FBLN7, GAPDH, GOLGA4, GPNMB, HLA-B, HLA-DRB1, MAPK3, MRPL21, NAXE, NBL1, PDLIM4, PEPD, PHLDA2, POP5, RGR, RPL28, RPS23, S100A13, SLC35E2B, SNORC, SPON2, STEAP2, SURF1, THNSL2, TOMM7, TRIM47, TTC32, TXNDC17, USP22",MAPK3,8,11,3,3,15,"HLA-A, HLA-B, HLA-C, HLA-DMA, HLA-DPB1, HLA-DQB1, HLA-DRB1, HLA-DRB5","HLA-B, HLA-DRB1","HLA-A, HLA-B, HLA-C, HLA-DMA, HLA-DPB1, HLA-DQB1, HLA-DRB1, HLA-DRB5, TSBP1-AS1, VARS2, ZSCAN31","HLA-B, HLA-DRB1"
all,all,L4,215,210,4,24,1,"HLA-C, KANSL1-AS1, MAPK3, RPS17","AC119673.2, CAMLG, CHCHD2, COX7A1, DDT, DGCR10, GPNMB, HLA-B, HLA-DRB1, MAPK3, MRPL21, NAXE, NBL1, PEPD, PNCK, RGR, RPL28, RPS23, S100A13, SLC35E2B, SNORC, SURF1, THNSL2, TOMM7",MAPK3,5,5,2,2,6,"HLA-B, HLA-C, HLA-DPB1, HLA-DQB1, HLA-DRB1","HLA-B, HLA-DRB1","HLA-B, HLA-C, HLA-DPB1, HLA-DQB1, HLA-DRB1","HLA-B, HLA-DRB1"
all,all,L5,812,784,9,47,1,"AL121944.1, AL513548.1, BTN3A2, HLA-DMA, HLA-DMB, KANSL1-AS1, MAPK3, MAPT-AS1, ZSCAN31","AC119673.2, ATF4, ATP6V0E2, BAIAP3, CAMLG, CCNI, CHCHD2, COA6, COX14, DDT, DGCR10, FBLN7, GAPDH, GPNMB, HLA-B, HLA-DRB1, HSPB1, IFITM2, MAP1LC3A, MAPK3, MRPL21, MRVI1, NAXE, NBL1, NCALD, NEDD8, PCP4L1, PDLIM4, PEPD, PHLDA2, RERGL, RGR, RPL28, RPL8, RPLP2, RPS23, S100A10, S100A13, SLC35E2B, SNORC, SPON2, SURF1, THNSL2, TMEM176B, TOMM7, TTC32, USP22",MAPK3,9,16,4,4,21,"HLA-A, HLA-B, HLA-C, HLA-DMA, HLA-DMB, HLA-DPB1, HLA-DQB1, HLA-DRB1, HLA-DRB5","HLA-B, HLA-DRB1","AL121944.1, AL513548.1, BTN3A2, HLA-A, HLA-B, HLA-C, HLA-DMA, HLA-DMB, HLA-DPB1, HLA-DQB1, HLA-DRB1, HLA-DRB5, SAPCD1-AS1, TAP2, VARS2, ZSCAN31","HLA-B, HLA-DRB1"
all,all,L6,471,455,4,41,0,"HLA-C, HLA-DMA, LRRC37A2, TSBP1-AS1","ABRACL, AC119673.2, AC245060.5, ANKDD1A, ATP5F1E, ATP6V0E2, BAIAP3, CAMLG, CHCHD2, COA6, COX14, DDT, DGCR10, FABP3, GPNMB, HLA-B, HLA-DRB1, HSPB1, MRPL21, MT1E, NEAT1, PDLIM4, PEPD, PHLDA2, PREX1, RGR, RPL28, RPL8, RPS23, RPS24, S100A13, SLC35E2B, SNORC, SPON2, STEAP2, STMN4, SURF1, THNSL2, TOMM7, TTC32, TUBA1C","",8,13,2,2,15,"HLA-A, HLA-B, HLA-C, HLA-DMA, HLA-DPB1, HLA-DQB1, HLA-DRB1, HLA-DRB5","HLA-B, HLA-DRB1","HLA-A, HLA-B, HLA-C, HLA-DMA, HLA-DPB1, HLA-DQB1, HLA-DRB1, HLA-DRB5, ILRUN, SNRPC, TAP2, TSBP1-AS1, VARS2","HLA-B, HLA-DRB1"
all,all,Micro.Vasc,23,23,0,5,0,"","ANP32B, CAMLG, MRPL21, RPS23, SLC35E2B","",3,3,0,0,3,"HLA-A, HLA-C, HLA-DQB1","","HLA-A, HLA-C, HLA-DQB1",""
all,all,WM,78,78,1,11,0,KANSL1-AS1,"AC119673.2, ATF4, MRPL21, NKAIN1, S100A13, SLC35E2B, SNORC, STMN4, SURF1, THNSL2, TOMM7","",1,1,0,0,1,HLA-C,"",HLA-C,""
exclude_hla,all,Astro.L1,58,57,1,12,0,KANSL1-AS1,"AC119673.2, BAIAP3, CAMLG, DDT, GPNMB, RGR, S100A13, SLC35E2B, SNORC, STMN4, SURF1, THNSL2","",0,0,0,0,0,"","","",""
exclude_hla,all,Astro.Nrn,439,431,3,31,1,"MAPK3, VARS2, ZSCAN31","AC119673.2, ATF4, ATP6V0E2, BAIAP3, C1QTNF4, CAMLG, CHCHD2, COA6, DDT, DGCR10, FABP3, GAPDH, GPNMB, MAPK3, MRPL21, PCP4, PDK4, PDLIM4, PEPD, RGR, RPS23, RPS24, S100A13, SLC35E2B, SNORC, SPON2, STMN4, SURF1, THNSL2, TOMM7, USP22",MAPK3,0,4,0,0,4,"","","AL513548.1, HIST1H1C, VARS2, ZSCAN31",""
exclude_hla,all,Inhb,266,261,3,26,0,"BTN3A2, KANSL1-AS1, VARS2","AC119673.2, ARL17B, ATF4, ATP6V0E2, BAIAP3, CAMLG, CHCHD2, COA6, COX7A1, DDT, DGCR10, GAPDH, GPNMB, MAPK3, MRPL21, NAXE, PCP4, RGR, RPS23, S100A13, SLC35E2B, SNORC, SPON2, SURF1, THNSL2, TOMM7","",0,3,0,0,3,"","","BTN3A2, VARS2, ZSCAN31",""
exclude_hla,all,L2,345,339,4,21,1,"KANSL1-AS1, LRRC37A2, MAPK3, RPS17","AC119673.2, BAIAP3, CAMLG, CHCHD2, DDT, DGCR10, GPNMB, MAPK3, MRPL21, NAXE, PCP4, RGR, RPL8, RPS23, S100A13, SLC35E2B, SNORC, SPON2, SURF1, THNSL2, TRIM47",MAPK3,0,1,0,0,1,"","",VARS2,""
exclude_hla,all,L3,577,564,4,39,1,"AL138976.2, KANSL1-AS1, MAPK3, ZSCAN31","AC119673.2, ATF4, ATP6V0E2, BAIAP3, CAMLG, CHCHD2, CHI3L1, COA6, COX7A1, COX7A2, DDT, DGCR10, FBLN7, GAPDH, GOLGA4, GPNMB, MAPK3, MRPL21, NAXE, NBL1, PDLIM4, PEPD, PHLDA2, POP5, RGR, RPL28, RPS23, S100A13, SLC35E2B, SNORC, SPON2, STEAP2, SURF1, THNSL2, TOMM7, TRIM47, TTC32, TXNDC17, USP22",MAPK3,0,3,0,0,3,"","","TSBP1-AS1, VARS2, ZSCAN31",""
exclude_hla,all,L4,209,205,3,22,1,"KANSL1-AS1, MAPK3, RPS17","AC119673.2, CAMLG, CHCHD2, COX7A1, DDT, DGCR10, GPNMB, MAPK3, MRPL21, NAXE, NBL1, PEPD, PNCK, RGR, RPL28, RPS23, S100A13, SLC35E2B, SNORC, SURF1, THNSL2, TOMM7",MAPK3,0,0,0,0,0,"","","",""
exclude_hla,all,L5,798,775,7,45,1,"AL121944.1, AL513548.1, BTN3A2, KANSL1-AS1, MAPK3, MAPT-AS1, ZSCAN31","AC119673.2, ATF4, ATP6V0E2, BAIAP3, CAMLG, CCNI, CHCHD2, COA6, COX14, DDT, DGCR10, FBLN7, GAPDH, GPNMB, HSPB1, IFITM2, MAP1LC3A, MAPK3, MRPL21, MRVI1, NAXE, NBL1, NCALD, NEDD8, PCP4L1, PDLIM4, PEPD, PHLDA2, RERGL, RGR, RPL28, RPL8, RPLP2, RPS23, S100A10, S100A13, SLC35E2B, SNORC, SPON2, SURF1, THNSL2, TMEM176B, TOMM7, TTC32, USP22",MAPK3,0,7,0,0,7,"","","AL121944.1, AL513548.1, BTN3A2, SAPCD1-AS1, TAP2, VARS2, ZSCAN31",""
exclude_hla,all,L6,461,447,2,39,0,"LRRC37A2, TSBP1-AS1","ABRACL, AC119673.2, AC245060.5, ANKDD1A, ATP5F1E, ATP6V0E2, BAIAP3, CAMLG, CHCHD2, COA6, COX14, DDT, DGCR10, FABP3, GPNMB, HSPB1, MRPL21, MT1E, NEAT1, PDLIM4, PEPD, PHLDA2, PREX1, RGR, RPL28, RPL8, RPS23, RPS24, S100A13, SLC35E2B, SNORC, SPON2, STEAP2, STMN4, SURF1, THNSL2, TOMM7, TTC32, TUBA1C","",0,5,0,0,5,"","","ILRUN, SNRPC, TAP2, TSBP1-AS1, VARS2",""
exclude_hla,all,Micro.Vasc,20,20,0,5,0,"","ANP32B, CAMLG, MRPL21, RPS23, SLC35E2B","",0,0,0,0,0,"","","",""
exclude_hla,all,WM,77,77,1,11,0,KANSL1-AS1,"AC119673.2, ATF4, MRPL21, NKAIN1, S100A13, SLC35E2B, SNORC, STMN4, SURF1, THNSL2, TOMM7","",0,0,0,0,0,"","","",""
exclude_mhc,all,Astro.L1,58,57,1,12,0,KANSL1-AS1,"AC119673.2, BAIAP3, CAMLG, DDT, GPNMB, RGR, S100A13, SLC35E2B, SNORC, STMN4, SURF1, THNSL2","",0,0,0,0,0,"","","",""
exclude_mhc,all,Astro.Nrn,435,427,1,31,1,MAPK3,"AC119673.2, ATF4, ATP6V0E2, BAIAP3, C1QTNF4, CAMLG, CHCHD2, COA6, DDT, DGCR10, FABP3, GAPDH, GPNMB, MAPK3, MRPL21, PCP4, PDK4, PDLIM4, PEPD, RGR, RPS23, RPS24, S100A13, SLC35E2B, SNORC, SPON2, STMN4, SURF1, THNSL2, TOMM7, USP22",MAPK3,0,0,0,0,0,"","","",""
exclude_mhc,all,Inhb,263,258,1,26,0,KANSL1-AS1,"AC119673.2, ARL17B, ATF4, ATP6V0E2, BAIAP3, CAMLG, CHCHD2, COA6, COX7A1, DDT, DGCR10, GAPDH, GPNMB, MAPK3, MRPL21, NAXE, PCP4, RGR, RPS23, S100A13, SLC35E2B, SNORC, SPON2, SURF1, THNSL2, TOMM7","",0,0,0,0,0,"","","",""
exclude_mhc,all,L2,344,338,4,21,1,"KANSL1-AS1, LRRC37A2, MAPK3, RPS17","AC119673.2, BAIAP3, CAMLG, CHCHD2, DDT, DGCR10, GPNMB, MAPK3, MRPL21, NAXE, PCP4, RGR, RPL8, RPS23, S100A13, SLC35E2B, SNORC, SPON2, SURF1, THNSL2, TRIM47",MAPK3,0,0,0,0,0,"","","",""
exclude_mhc,all,L3,574,561,3,39,1,"AL138976.2, KANSL1-AS1, MAPK3","AC119673.2, ATF4, ATP6V0E2, BAIAP3, CAMLG, CHCHD2, CHI3L1, COA6, COX7A1, COX7A2, DDT, DGCR10, FBLN7, GAPDH, GOLGA4, GPNMB, MAPK3, MRPL21, NAXE, NBL1, PDLIM4, PEPD, PHLDA2, POP5, RGR, RPL28, RPS23, S100A13, SLC35E2B, SNORC, SPON2, STEAP2, SURF1, THNSL2, TOMM7, TRIM47, TTC32, TXNDC17, USP22",MAPK3,0,0,0,0,0,"","","",""
exclude_mhc,all,L4,209,205,3,22,1,"KANSL1-AS1, MAPK3, RPS17","AC119673.2, CAMLG, CHCHD2, COX7A1, DDT, DGCR10, GPNMB, MAPK3, MRPL21, NAXE, NBL1, PEPD, PNCK, RGR, RPL28, RPS23, S100A13, SLC35E2B, SNORC, SURF1, THNSL2, TOMM7",MAPK3,0,0,0,0,0,"","","",""
exclude_mhc,all,L5,791,768,3,45,1,"KANSL1-AS1, MAPK3, MAPT-AS1","AC119673.2, ATF4, ATP6V0E2, BAIAP3, CAMLG, CCNI, CHCHD2, COA6, COX14, DDT, DGCR10, FBLN7, GAPDH, GPNMB, HSPB1, IFITM2, MAP1LC3A, MAPK3, MRPL21, MRVI1, NAXE, NBL1, NCALD, NEDD8, PCP4L1, PDLIM4, PEPD, PHLDA2, RERGL, RGR, RPL28, RPL8, RPLP2, RPS23, S100A10, S100A13, SLC35E2B, SNORC, SPON2, SURF1, THNSL2, TMEM176B, TOMM7, TTC32, USP22",MAPK3,0,0,0,0,0,"","","",""
exclude_mhc,all,L6,456,442,1,39,0,LRRC37A2,"ABRACL, AC119673.2, AC245060.5, ANKDD1A, ATP5F1E, ATP6V0E2, BAIAP3, CAMLG, CHCHD2, COA6, COX14, DDT, DGCR10, FABP3, GPNMB, HSPB1, MRPL21, MT1E, NEAT1, PDLIM4, PEPD, PHLDA2, PREX1, RGR, RPL28, RPL8, RPS23, RPS24, S100A13, SLC35E2B, SNORC, SPON2, STEAP2, STMN4, SURF1, THNSL2, TOMM7, TTC32, TUBA1C","",0,0,0,0,0,"","","",""
exclude_mhc,all,Micro.Vasc,20,20,0,5,0,"","ANP32B, CAMLG, MRPL21, RPS23, SLC35E2B","",0,0,0,0,0,"","","",""
exclude_mhc,all,WM,77,77,1,11,0,KANSL1-AS1,"AC119673.2, ATF4, MRPL21, NKAIN1, S100A13, SLC35E2B, SNORC, STMN4, SURF1, THNSL2, TOMM7","",0,0,0,0,0,"","","",""
