brain,brain_note,region,age,sex,condition,PMI,RIN
Br2720,,DLPFC,48.23,F,ntc,25.5,7.5
Br5182,,DLPFC,42.05,M,ntc,28.5,7.5
Br1092,,DLPFC,48.95,M,ntc,18,8.8
Br1204,,DLPFC,27.48,M,ntc,19.5,8.6
Br5367,,DLPFC,31.31,F,ntc,10.5,6.6
Br5395,,DLPFC,51.61,M,ntc,27,8.9
Br5400,,DLPFC,52.69,F,ntc,23.5,8.4
Br6297,,DLPFC,36.67,F,ntc,20.5,7.5
Br1526,,DLPFC,47.47,M,scz,27.5,8.4
Br1958,,DLPFC,41.09,F,scz,23,8.5
Br2039,,DLPFC,40.96,M,scz,24,7.7
Br2378,,DLPFC,38.41,M,scz,26,7.7
Br2719,redissection,DLPFC,36.6,F,ntc,25,7.8
Br2794,redissection,DLPFC,54.71,F,ntc,24.5,7.4
Br1113,,DLPFC,51.91,F,ntc,51.5,8.8
Br5373,,DLPFC,47.75,M,scz,13,8.5
Br5472,,DLPFC,49.23,M,ntc,15,7.4
Br5558,,DLPFC,24.21,M,ntc,24,8.7
Br5590,,DLPFC,51.95,F,scz,24.5,8.8
Br5636,,DLPFC,33.59,M,scz,27.5,9.6
Br5789,,DLPFC,47.8,M,scz,28.5,8.1
Br6279,,DLPFC,37.15,M,ntc,45,7.5
Br6432,poor quality tissue,DLPFC,48.88,M,ntc,30.5,7.4
Br8042,,DLPFC,54.28,F,ntc,31,8.4
Br8537,,DLPFC,55.35,F,scz,45.5,7.2
Br3964,,DLPFC,50.67,M,scz,53.5,7.2
Br5276,,DLPFC,59.86,M,ntc,26,7.4
Br5314,,DLPFC,48.69,F,ntc,41.5,8
Br5436 ,,DLPFC,50.17,M,ntc,22.5,7.9
Br5888,,DLPFC,53.65,M,scz,36,8.1
Br5928,,DLPFC,58.81,M,scz,35,7.1
Br8325,,DLPFC,57.62,F,ntc,29,7.3
Br8514,,DLPFC,43.45,F,scz,33.5,6.3
Br8503,,DLPFC,45.92,F,scz,34.5,6.2
Br8772,,DLPFC,57.8,F,scz,29,7.8
Br6257,,DLPFC,45.44,M,ntc,34,7.7
Br8433,,DLPFC,47.95,M,ntc,14,6.8
Br8492,,DLPFC,53.4,F,ntc,33.5,6.9
Br5625,,DLPFC,49.83,M,ntc,41,8.7
Br5280,,DLPFC,50.42,F,ntc,43,8.1
Br1682,,DLPFC,41.33,M,scz,34.5,9.1
Br2242,,DLPFC,50.73,F,scz,12,8.8
Br5224,very clear layer markers,DLPFC,46.06,M,scz,22.5,6.7
Br5746,,DLPFC,51.99,F,scz,38.5,7.9
Br5573,,DLPFC,43.99,M,scz,15.5,6.8
Br6560,,DLPFC,48.58,F,scz,27.5,7.4
Br2239,,DLPFC,26.65,M,asd,19,9
Br2708,,DLPFC,25.2,M,asd,28,8.2
Br5311,,DLPFC,21.69,M,asd,15.5,8.8
Br8007,only side indicated by arrow is DLPFC,DLPFC,23.91,M,asd,26.5,8.2
Br2726,,DLPFC,29.65,M,mdd,6.5,7
Br2761,,DLPFC,43.2,M,mdd,16.5,7.3
Br3893,,DLPFC,54.15,F,mdd,27.5,7.4
Br3998,,DLPFC,56.27,M,mdd,20.5,7.6
Br5013,,DLPFC,54.62,F,mdd,19.5,7.9
Br5015,,DLPFC,42.28,F,mdd,26,9.1
Br5137,,DLPFC,53.48,F,mdd,24,7.1
Br5366,,DLPFC,53.08,M,mdd,24,8.4
Br1016,,DLPFC,20.22,M,scz,24.5,8.6
Br2371,,DLPFC,23.22,M,ntc,18.5,8.6
Br2765,,DLPFC,63.22,F,ntc,26,6.8
Br3857,,DLPFC,24.39,M,asd,49,7.3
Br5588,,DLPFC,40.43,F,scz,32.5,8.5
Br5973,,DLPFC,61.39,F,scz,22,8.5
Br6032,,DLPFC,57.03,M,scz,14.5,7.5
Br8207,,DLPFC,35.26,F,scz,12.5,6.9
Br8376,,DLPFC,25.77,M,scz,32.5,7
Br8580,,DLPFC,22.24,M,asd,27,6.5
Br5221,,DLPFC,19.35,M,asd,41,8
Br5586,,DLPFC,29.21,M,asd,34.5,9
Br5831,,DLPFC,36.03,M,mdd,36,8.2
Br5834,,DLPFC,21.21,M,mdd,22.5,9.2
Br6014,,DLPFC,24.8,M,mdd,19,7.1
Br6153,,DLPFC,40.02,M,mdd,31.5,8.3
Br6306,,DLPFC,24.56,F,mdd,27.5,7.6
Br6424,,DLPFC,23.07,F,mdd,34,7.1
Br6600,,DLPFC,32.18,M,asd,28.5,6.3
Br8469,,DLPFC,23.11,M,asd,35.5,6.8
Br8545,,DLPFC,33.54,M,asd,38,7.1
Br8561,,DLPFC,43.04,M,asd,72,6.4
Br8456,,DLPFC,45.05,M,scz,39,6.5
Br8353,,DLPFC,49.07,M,scz,41,6.9
Br6526,,DLPFC,58.46,M,scz,22.5,7.1
Br6437,,DLPFC,40.76,M,scz,33,7.1
Br5412,,DLPFC,54.03,M,scz,23,6.3
Br5398,,DLPFC,55.53,M,scz,33.5,6.8
Br5599,,DLPFC,55.88,M,ntc,26,8.5
Br5639,,DLPFC,54.26,M,ntc,38.5,8.6
Br5993,,DLPFC,48.16,F,ntc,28,6.2
Br6488,,DLPFC,45.66,M,ntc,27.5,6.4
Br6529,,DLPFC,56.07,M,ntc,38.5,7.1
Br6389,both sides are DLPFC,DLPFC,58.81,M,ntc,27,7.1
Br2710,,DLPFC,57.45,M,scz,30,6.5
Br5282,,DLPFC,51.22,M,scz,23,6.7
Br3977,,DLPFC,53.44,M,scz,41.5,7
Br1923,,DLPFC,50.17,M,scz,19,8.2
Br5448,blood vessel present,DLPFC,49.85,M,mdd,29,7.5
Br5454,,DLPFC,34.77,F,mdd,27,8.9
Br5598,,DLPFC,54.72,F,mdd,22.5,8.3
Br5600,,DLPFC,52.44,M,mdd,25,7.7
Br5666,,DLPFC,48.46,F,mdd,32,8.9
Br5673,,DLPFC,51.47,M,mdd,36,9.2
Br5760,,DLPFC,52.08,F,mdd,27.5,8.2
Br5840,,DLPFC,45.66,F,mdd,18,8.1
Br5958,,DLPFC,31.57,F,mdd,23,8.2
Br6427,,DLPFC,37.69,M,mdd,31.5,7.2
Br6493,,DLPFC,40.14,M,mdd,26,7
Br8146,,DLPFC,42.44,M,mdd,19,8.4
Br5156,,DLPFC,29.66,M,bpd,33.5,7.8
Br5249,,DLPFC,48.37,M,bpd,21.5,8.1
Br5266,,DLPFC,56.39,F,bpd,15.5,8.7
Br5272,,DLPFC,41.16,M,bpd,15.5,7.5
Br5288,,DLPFC,34.94,M,bpd,34.5,7.8
Br5312,,DLPFC,45.53,F,bpd,37.5,8.4
Br5392,,DLPFC,51.95,F,bpd,27,8.1
Br5437,,DLPFC,51.88,M,bpd,28,8.7
Br5572,,DLPFC,24.68,M,ntc,19.5,8.5
Br5622,BA45 / too ventral,DLPFC,23.16,F,ntc,22.5,8.5
Br6197,,DLPFC,28.56,M,ntc,42,9.1
Br6436,,DLPFC,58.43,M,ntc,37.5,7.2
Br6471,,DLPFC,55.46,M,ntc,24,7.1
Br6588,,DLPFC,27.35,F,ntc,31.5,6.2
Br5694,,DLPFC,59.94,M,mdd,21.5,8.9
Br5861,,DLPFC,58.66,F,mdd,21,8.4
Br5902,,DLPFC,47.52,F,mdd,17.5,7.9
Br5910,,DLPFC,52.92,M,mdd,25,9.5
Br2627,,DLPFC,40.08,M,scz,12,8.4
Br6021,,DLPFC,27.16,F,mdd,26.5,9.2
Br6114,,DLPFC,41.25,F,mdd,28,7.7
Br3881,L1 presence confirmed with H&E,DLPFC,59.08,M,bpd,28.5,7.3
Br5440,,DLPFC,52.93,M,bpd,12.5,8.7
Br5451,,DLPFC,45.61,F,bpd,36,8.7
Br5477,,DLPFC,53.89,M,bpd,20,8.4
Br5481,,DLPFC,20.52,F,bpd,23,8.9
Br5589,"only small block passes QC (check notes in ""anatomy verified"" column), check presentation for orientation",DLPFC,45.73,M,bpd,30,7.2
Br5594,,DLPFC,52.44,F,bpd,34.5,8.7
Br5612,,DLPFC,43.55,F,bpd,27,8.4
Br5617,,DLPFC,47.89,F,bpd,15.5,8.8
Br6203,,DLPFC,53.91,M,mdd,19,8.8
Br6238,,DLPFC,55.87,F,mdd,23.5,7.4
Br6256,,DLPFC,51.19,F,mdd,29.5,7.9
Br6320,very clear layers; check presentation for block orientation; used for slab .ai illustration,DLPFC,47.33,M,mdd,29.5,8.3
Br6362,,DLPFC,24.97,M,mdd,21,7.2
Br6450,,DLPFC,43.58,F,mdd,23.5,7.5
Br5623,,DLPFC,55.28,F,bpd,33.5,8
Br5753,only right half of block passes QC,DLPFC,26.26,F,bpd,30.5,8
Br5799,,DLPFC,57.09,M,bpd,46,8.8
Br5803,,DLPFC,24.15,M,bpd,20.5,8
Br5809,,DLPFC,42.13,M,bpd,36,7.4
Br5856,,DLPFC,56.99,F,bpd,27,7.8
Br5897,,DLPFC,58.26,F,bpd,28,8.7
Br5898,,DLPFC,44.93,F,bpd,38,8.7
Br5916,,DLPFC,46.49,M,bpd,17,8.2
Br5920,,DLPFC,52.48,F,bpd,25,7.9
Br5939,,DLPFC,55.91,M,bpd,28.5,9.5
Br5960,,DLPFC,35.3,F,bpd,28,7.1
Br8158,,DLPFC,36.76,F,mdd,39,7
Br8189,,DLPFC,35.86,M,mdd,30,7
Br8210,,DLPFC,46.85,F,mdd,42,7.1
Br8221,,DLPFC,49.88,M,mdd,33,7.1
Br8233,,DLPFC,56.05,F,mdd,29.5,7.2
Br8237,,DLPFC,46.53,F,mdd,26.5,7.2
Br6499,check pptx in server folder for orientation of sulcus,DLPFC,46.47,M,mdd,33,7.3
Br8087,,DLPFC,23.49,F,mdd,21.5,7
Br8104,3 gyri meeting,DLPFC,49.93,M,mdd,18.5,9.1
Br8127 ,,DLPFC,41.07,F,mdd,21.5,7.9
Br8136,,DLPFC,33.01,F,mdd,24,8.4
Br8242,,DLPFC,42.57,M,mdd,25,7.6
Br6000,,DLPFC,39.23,F,bpd,32,8.4
Br6016,,DLPFC,33.09,F,bpd,7.5,7.9
Br6126,,DLPFC,34.53,F,bpd,23,8.2
Br6148,,DLPFC,30.2,M,bpd,13,7.6
Br6192,check pptx in server folder for scoring,DLPFC,47.13,M,bpd,31.5,8.8
Br6231,,DLPFC,50.84,M,bpd,48,8.1
Br8262,,DLPFC,29.12,F,mdd,18.5,7.4
Br8315,,DLPFC,59.81,F,mdd,28,7.3
Br8318,,DLPFC,38.61,M,mdd,24.5,7.2
Br8323,,DLPFC,33.77,M,mdd,40.5,7.1
Br8404,check presentation for scoring & only side indicated by arrow is DLPFC,DLPFC,28.26,M,mdd,20,7
Br8502,,DLPFC,48.36,F,mdd,37,7.2
Br6316,ONLY anterior side is DLPFC,DLPFC,47.18,F,bpd,18.5,7.2
Br6338,,DLPFC,40.04,M,bpd,34.5,8.8
Br6344,,DLPFC,54.67,F,bpd,27.5,7
Br6366,,DLPFC,36.63,F,bpd,31,7.4
Br6413 - ,very clear layer markers; only side indicated by arrow passes QC (refer to pptx in server folder),DLPFC,49.54,M,bpd,18.5,7
Br6382,side not indicated by arrow does not PASS QC (check presentation for L1 locale),DLPFC,20.61,M,bpd,21,7.3
Br8509,,DLPFC,38.73,F,mdd,30,7
Br8600,,DLPFC,55.63,M,mdd,33.5,7
Br8677,bad quality tissue (meninges keeps deteriorating with L1),DLPFC,39.44,M,mdd,41.5,7.2
Br6489,,DLPFC,45.08,M,bpd,23,7.4
Br8059,,DLPFC,38.94,M,bpd,48,7.9
Br8092,,DLPFC,33.17,F,bpd,25.5,7.1
Br8134,,DLPFC,37.54,F,bpd,21,8.2
Br8485,,DLPFC,35,M,bpd,15.5,7.2
Br1139,,DLPFC,44.86,F,scz,44,8.7
Br1578,,DLPFC,42.06,M,scz,47.5,7.8
Br1595,,DLPFC,54.53,F,scz,13.5,5.7
Br1637,,DLPFC,46.19,M,scz,32,8.2
Br2421,,DLPFC,57.58,M,scz,20,8.4
Br2470,refer to pptx on server folder (not the best tissue quality),DLPFC,47.56,F,scz,18,7.2
Br2579,,DLPFC,53.12,F,scz,29,6.9
Br2589,,DLPFC,42.87,M,scz,35,8.6
Br8313,,DLPFC,55.42,M,ntc,13.5,6
Br1753,,DLPFC,48.99,F,ntc,36,8.8
Br1214,BA45 / too ventral,DLPFC,61.13,M,ntc,19.5,9
Br5931,,DLPFC,49.03,F,ntc,23.5,8.8
Br5228,,DLPFC,57.83,F,ntc,24.5,8.3
Br8406,,DLPFC,30.95,M,ntc,28.5,6.8
Br2612,,DLPFC,35.72,F,scz,31,6.8
Br6046,only right half of block passes QC (arrow should point to the left),DLPFC,54,F,scz,35.5,5.9
Br6369,both sides are DLPFC,DLPFC,57.1,F,scz,10.5,7
Br6496,,DLPFC,38.1,M,scz,25.5,7.1
Br8082,,DLPFC,47.32,F,ntc,19,7.3
Br2454,,DLPFC,60.51,F,ntc,46.5,7.3
Br8218,both sides are DLPFC,DLPFC,29.21,M,ntc,34.5,6.6
Br5873,only the side with arrow is DLPFC,DLPFC,60.72,M,scz,28,7.2
Br8665,,DLPFC,20.19,F,ntc,15,6
Br8667,both sides are DLPFC,DLPFC,37.33,F,ntc,13.5,6.9
Br8741,check pptx on server for mounting/scoring orientation (all layers present but not in laminar organization throughout the block),DLPFC,28.19,F,ntc,21,7.4
Br8073,,DLPFC,51.13,F,ntc,33.5,6
Br8100,,DLPFC,30.29,F,ntc,37.5,8.6
Br2701,only side with arrow is DLPFC,DLPFC,,,,,