BrNum,PrimaryDx,BP subtype
Br3881,Bipolar,BP2
Br5156,Bipolar,BP2
Br5249,Bipolar,BP1
Br5266,Bipolar,BP1
Br5272,Bipolar,BP1
Br5288,Bipolar,BP2
Br5312,Bipolar,BP2
Br5392,Bipolar,BP1
Br5437,Bipolar,BP1
Br5440,Bipolar,BP1
Br5451,Bipolar,BP1
Br5477,Bipolar,BP1
Br5481,Bipolar,BP1
Br5589,Bipolar,BP1
Br5594,Bipolar,BP1
Br5612,Bipolar,BP1
Br5617,Bipolar,BP1
Br5623,Bipolar,BP1
Br5753,Bipolar,BP1
Br5799,Bipolar,BP2
Br5803,Bipolar,BP2
Br5809,Bipolar,BP1
Br5856,Bipolar,BP1
Br5897,Bipolar,BP1
Br5898,Bipolar,BP1
Br5916,Bipolar,BP2
Br5920,Bipolar,BP1
Br5939,Bipolar,BP1
Br5960,Bipolar,BP1
Br6000,Bipolar,BP1
Br6016,Bipolar,BP1
Br6126,Bipolar,BP1
Br6148,Bipolar,BP2
Br6192,Bipolar,BP2
Br6231,Bipolar,BP2
Br6316,Bipolar,BP1
Br6338,Bipolar,BP2
Br6344,Bipolar,BP1
Br6366,Bipolar,BP2
Br6382,Bipolar,BP1
Br6413,Bipolar,BP2
Br6489,Bipolar,BP2
Br8059,Bipolar,BP1
Br8092,Bipolar,BP2
Br8134,Bipolar,BP1
Br8485,Bipolar,BP2