brnum,age,sex,condition,PMI,RIN
Br2720,48.23,F,NTC,25.5,7.5
Br1092,48.95,M,NTC,18,8.8
Br1204,27.48,M,NTC,19.5,8.6
Br5367,31.31,F,NTC,10.5,6.6
Br5395,51.61,M,NTC,27,8.9
Br5400,52.69,F,NTC,23.5,8.4
Br6297,36.67,F,NTC,20.5,7.5
Br1113,51.91,F,NTC,51.5,8.8
Br5472,49.23,M,NTC,15,7.4
Br5558,24.21,M,NTC,24,8.7
Br6279,37.15,M,NTC,45,7.5
Br6432,48.88,M,NTC,30.5,7.4
Br8042,54.28,F,NTC,31,8.4
Br5276,59.86,M,NTC,26,7.4
Br5314,48.69,F,NTC,41.5,8
Br5436,50.17,M,NTC,22.5,7.9
Br8325,57.62,F,NTC,29,7.3
Br8433,47.95,M,NTC,14,6.8
Br8492,53.4,F,NTC,33.5,6.9
Br5280,50.42,F,NTC,43,8.1
Br2726,29.65,M,MDD,6.5,7
Br2761,43.2,M,MDD,16.5,7.3
Br3893,54.15,F,MDD,27.5,7.4
Br3998,56.27,M,MDD,20.5,7.6
Br5137,53.48,F,MDD,24,7.1
Br5366,53.08,M,MDD,24,8.4
Br2371,23.22,M,NTC,18.5,8.6
Br2765,63.22,F,NTC,26,6.8
Br5831,36.03,M,MDD,36,8.2
Br5834,21.21,M,MDD,22.5,9.2
Br6424,23.07,F,MDD,34,7.1
Br5599,55.88,M,NTC,26,8.5
Br5639,54.26,M,NTC,38.5,8.6
Br5993,48.16,F,NTC,28,6.2
Br6529,56.07,M,NTC,38.5,7.1
Br5448,49.85,M,MDD,29,7.5
Br5454,34.77,F,MDD,27,8.9
Br5600,52.44,M,MDD,25,7.7
Br5666,48.46,F,MDD,32,8.9
Br5673,51.47,M,MDD,36,9.2
Br5760,52.08,F,MDD,27.5,8.2
Br5840,45.66,F,MDD,18,8.1
Br5958,31.57,F,MDD,23,8.2
Br5156,29.66,M,BPD,33.5,7.8
Br5249,48.37,M,BPD,21.5,8.1
Br5266,56.39,F,BPD,15.5,8.7
Br5272,41.16,M,BPD,15.5,7.5
Br5288,34.94,M,BPD,34.5,7.8
Br5312,45.53,F,BPD,37.5,8.4
Br5392,51.95,F,BPD,27,8.1
Br5437,51.88,M,BPD,28,8.7
Br5572,24.68,M,NTC,19.5,8.5
Br5622,23.16,F,NTC,22.5,8.5
Br6197,28.56,M,NTC,42,9.1
Br6436,58.43,M,NTC,37.5,7.2
Br6471,55.46,M,NTC,24,7.1
Br6588,27.35,F,NTC,31.5,6.2
Br5694,59.94,M,MDD,21.5,8.9
Br5861,58.66,F,MDD,21,8.4
Br5902,47.52,F,MDD,17.5,7.9
Br5910,52.92,M,MDD,25,9.5
Br6021,27.16,F,MDD,26.5,9.2
Br6114,41.25,F,MDD,28,7.7
Br3881,59.08,M,BPD,28.5,7.3
Br5440,52.93,M,BPD,12.5,8.7
Br5451,45.61,F,BPD,36,8.7
Br5477,53.89,M,BPD,20,8.4
Br5481,20.52,F,BPD,23,8.9
Br5589,45.73,M,BPD,30,7.2
Br5594,52.44,F,BPD,34.5,8.7
Br5617,47.89,F,BPD,15.5,8.8
Br6203,53.91,M,MDD,19,8.8
Br6238,55.87,F,MDD,23.5,7.4
Br6256,51.19,F,MDD,29.5,7.9
Br6320,47.33,M,MDD,29.5,8.3
Br6450,43.58,F,MDD,23.5,7.5
Br5623,55.28,F,BPD,33.5,8
Br5753,26.26,F,BPD,30.5,8
Br5799,57.09,M,BPD,46,8.8
Br5803,24.15,M,BPD,20.5,8
Br5856,56.99,F,BPD,27,7.8
Br5916,46.49,M,BPD,17,8.2
Br5920,52.48,F,BPD,25,7.9
Br5939,55.91,M,BPD,28.5,9.5
Br5960,35.3,F,BPD,28,7.1
Br8158,36.76,F,MDD,39,7
Br8210,46.85,F,MDD,42,7.1
Br8221,49.88,M,MDD,33,7.1
Br8237,46.53,F,MDD,26.5,7.2
Br6499,46.47,M,MDD,33,7.3
Br8104,49.93,M,MDD,18.5,9.1
Br8127,41.07,F,MDD,21.5,7.9
Br8136,33.01,F,MDD,24,8.4
Br6000,39.23,F,BPD,32,8.4
Br6016,33.09,F,BPD,7.5,7.9
Br6126,34.53,F,BPD,23,8.2
Br6148,30.2,M,BPD,13,7.6
Br6192,47.13,M,BPD,31.5,8.8
Br6231,50.84,M,BPD,48,8.1
Br8404,28.26,M,MDD,20,7
Br6316,47.18,F,BPD,18.5,7.2
Br6344,54.67,F,BPD,27.5,7
Br6366,36.63,F,BPD,31,7.4
Br6413,49.54,M,BPD,18.5,7
Br6382,20.61,M,BPD,21,7.3
Br8600,55.63,M,MDD,33.5,7
Br8677,39.44,M,MDD,41.5,7.2
Br6489,45.08,M,BPD,23,7.4
Br8092,33.17,F,BPD,25.5,7.1
Br8134,37.54,F,BPD,21,8.2
Br8485,35,M,BPD,15.5,7.2
Br5228,57.83,F,NTC,24.5,8.3
Br8218,29.21,M,NTC,34.5,6.6
Br8665,20.19,F,NTC,15,6
Br8667,37.33,F,NTC,13.5,6.9
Br8741,28.19,F,NTC,21,7.4
Br8073,51.13,F,NTC,33.5,6
Br8100,30.29,F,NTC,37.5,8.6
Br2701,30.64,M,NTC,32.5,7.9