brain,slide,position
Br6529,V13F27-338,A1
Br5314,VI3F27-338,B1
Br5366,VI3F27-338,C1
Br5902,VI3F27-338,D1
Br6436,V13F27-348,A1
Br5993,V13F27-348,B1
Br5916,V13F27-348,C1
Br8092,V13F27-348,D1
Br8221,V13Y10-020,A1
Br5840,V13Y10-020,B1
Br6231,V13Y10-020,C1
Br6366,V13Y10-020,D1
Br8600,V13Y10-021,A1
Br5760,V13Y10-021,B1
Br5639,V13Y10-021,C1
Br5280,V13Y10-021,D1
Br5799,V13Y10-022,A1
Br6126,V13Y10-022,B1
Br5599,V13Y10-022,C1
Br5400,V13Y10-022,D1
Br6192,V13Y10-023,A1
Br6016,V13Y10-023,B1
Br5694,V13Y10-023,C1
Br3893,V13Y10-023,D1
Br8100,V13B23-331,A1
Br8433,V13B23-331,B1
Br8136,V13B23-331,C1
Br8677,V13B23-331,D1
Br8667,V13B23-332,A1
Br5276,V13B23-332,B1
Br6000,V13B23-332,C1
Br3881,V13B23-332,D1
Br5958,V13B23-333,A1
Br6203,V13B23-333,B1
Br5960,V13B23-333,C1
Br6489,V13B23-333,D1
Br6114,V13B23-334,A1
Br5910,V13B23-334,B1
Br8665,V13B23-334,C1
Br5436,V13B23-334,D1
Br5753,V13B23-308,A1
Br6413,V13B23-308,B1
Br6588,V13B23-308,C1
Br6432,V13B23-308,D1
Br5481,V13B23-309,A1
Br5939,V13B23-309,B1
Br8127,V13B23-309,C1
Br5673,V13B23-309,D1
Br5472,V13B23-310,A1
Br5622,V13B23-310,B1
Br5600,V13B23-310,C1
Br8158,V13B23-310,D1
Br5395,V13B23-311,A1
Br6297,V13B23-311,B1
Br5589,V13B23-311,C1
Br5392,V13B23-311,D1
Br5448,V13B23-352,A1
Br6021,V13B23-352,B1
Br5477,V13B23-352,C1
Br5623,V13B23-352,D1
Br5366,V13B23-380,A1
Br5454,V13B23-380,B1
Br1092,V13B23-380,C1
Br5367,V13B23-380,D1
Br5440,V13B23-381,A1
Br5312,V13B23-381,B1
Br6471,V13B23-381,C1
Br2720,V13B23-381,D1
Br5437,V13B23-382,A1
Br8134,V13B23-382,B1
Br3998,V13B23-382,C1
Br6424,V13B23-382,D1
Br8741,V13B23-340,A1
Br8218,V13B23-340,B1
Br6450,V13B23-340,C1
Br8404,V13B23-340,D1
Br1113,V13B23-342,A1
Br5558,V13B23-342,B1
Br5266,V13B23-342,C1
Br5288,V13B23-342,D1