brain,array,mbv_sample
Br6529,A1,MBv_001
Br5314,B1,MBv_002
Br5366,C1,MBv_003
Br5902,D1,MBv_004
Br6436,A1,MBv_005
Br5993,B1,MBv_006
Br5916,C1,MBv_007
Br8092,D1,MBv_008
Br8221,A1,MBv_009
Br5840,B1,MBv_010
Br6231,C1,MBv_011
Br6366,D1,MBv_012
Br8600,A1,MBv_013
Br5760,B1,MBv_014
Br5639,C1,MBv_015
Br5280,D1,MBv_016
Br5799,A1,MBv_017
Br6126,B1,MBv_018
Br5599,C1,MBv_019
Br5400,D1,MBv_020
Br6192,A1,MBv_021
Br6016,B1,MBv_022
Br5694,C1,MBv_023
Br3893,D1,MBv_024
Br8100,A1,MBv_025
Br8433,B1,MBv_026
Br8136,C1,MBv_027
Br8677,D1,MBv_028
Br8667,A1,MBv_029
Br5276,B1,MBv_030
Br6000,C1,MBv_031
Br3881,D1,MBv_032
Br5958,A1,MBv_033
Br6203,B1,MBv_034
Br5960,C1,MBv_035
Br6489,D1,MBv_036
Br6114,A1,MBv_037
Br5910,B1,MBv_038
Br8665,C1,MBv_039
Br5436,D1,MBv_040
Br5753,A1,MBv_041
Br6413,B1,MBv_042
Br6588,C1,MBv_043
Br6432,D1,MBv_044
Br5481,A1,MBv_045
Br5939,B1,MBv_046
Br8127,C1,MBv_047
Br5673,D1,MBv_048
Br5472,A1,MBv_049
Br5622,B1,MBv_050
Br5600,C1,MBv_051
Br8158,D1,MBv_052
Br5395,A1,MBv_053
Br6297,B1,MBv_054
Br5589,C1,MBv_055
Br5392,D1,MBv_056
Br5448,A1,MBv_057
Br6021,B1,MBv_058
Br5477,C1,MBv_059
Br5623,D1,MBv_060
Br5366,A1,MBv_061
Br5454,B1,MBv_062
Br1092,C1,MBv_063
Br5367,D1,MBv_064
Br5440,A1,MBv_065
Br5312,B1,MBv_066
Br6471,C1,MBv_067
Br2720,D1,MBv_068
Br5437,A1,MBv_069
Br8134,B1,MBv_070
Br3998,C1,MBv_071
Br6424,D1,MBv_072
Br8741,A1,MBv_073
Br8218,B1,MBv_074
Br6450,C1,MBv_075
Br8404,D1,MBv_076
Br1113,A1,MBv_077
Br5558,B1,MBv_078
Br5266,C1,MBv_079
Br5288,D1,MBv_080
Br8237,A1,MBv_081
Br8104,B1,MBv_082
Br5451,C1,MBv_083
Br5272,D1,MBv_084
Br5666,A1,MBv_085
Br6499,B1,MBv_086
Br8325,C1,MBv_087
Br6279,D1,MBv_088
Br5594,A1,MBv_089
Br5249,B1,MBv_090
Br8492,C1,MBv_091
Br6197,D1,MBv_092
Br5617,A1,MBv_093
Br8485,B1,MBv_094
Br5861,C1,MBv_095
Br6320,D1,MBv_096
Br5572,A1,MBv_097
Br8073,B1,MBv_098
Br5831,C1,MBv_099
Br6256,D1,MBv_100
Br2371,A1,MBv_101
Br8042,B1,MBv_102
Br6382,C1,MBv_103
Br5856,D1,MBv_104
Br5834,D1,MBv_105
Br5137,C1,MBv_106
Br6148,B1,MBv_107
Br6344,A1,MBv_108
Br2761,A1,MBv_109
Br8210,B1,MBv_110
Br1204,C1,MBv_111
Br5228,D1,MBv_112
Br5803,A1,MBv_113
Br6316,B1,MBv_114
Br2701,C1,MBv_115
Br2765,D1,MBv_116
Br5156,A1,MBv_117
Br5920,B1,MBv_118
Br2726,C1,MBv_119
Br6238,D1,MBv_120