Feature ID,Feature Name,Feature count topic 1,Feature log2 fold change topic 1,Feature count topic 2,Feature log2 fold change topic 2,Feature count topic 3to4,Feature log2 fold change topic 3to4,Feature count topic 5,Feature log2 fold change topic 5,Feature count topic 6to7,Feature log2 fold change topic 6to7
ENSG00000078369,GNB1,530,-0.1027,618,0.15729,446,-0.4494,322,-0.9029,790,0.74005
ENSG00000116254,CHD5,15,-5.3108,944,1.06462,205,-1.6591,393,-0.4660,945,1.42151
ENSG00000116251,RPL22,6334,3.21088,422,-1.9839,530,-1.8214,786,-1.0332,917,-0.9070
ENSG00000116288,PARK7,15,-5.4743,806,0.56037,603,0.06748,718,0.35547,670,0.28627
ENSG00000074800,ENO1,15,-6.2925,1336,0.44736,1319,0.52752,1373,0.49564,926,-0.2118
ENSG00000171603,CLSTN1,484,-1.6428,1143,-0.2962,719,-1.1749,2795,1.30907,1851,0.65875
ENSG00000116661,FBXO2,867,0.77072,173,-1.8501,692,0.44949,869,0.77531,311,-1.0789
ENSG00000173436,MICOS10,156,-2.6678,1495,0.95575,671,-0.5082,1942,1.48011,591,-0.7395
ENSG00000162545,CAMK2N1,15,-7.1209,3298,1.06220,2284,0.47658,1813,-0.0107,1540,-0.3321
ENSG00000158828,PINK1,15,-5.8834,819,0.09288,178,-2.5066,1033,0.49587,1603,1.84821
ENSG00000142676,RPL11,5802,2.78578,1100,-0.5627,1058,-0.7229,341,-2.3587,745,-1.3292
ENSG00000117632,STMN1,15,-6.7013,2078,0.73696,579,-1.5350,1829,0.50514,2239,1.13948
ENSG00000130770,ATP5IF1,1607,1.31899,80,-3.4729,530,-0.7333,1724,1.46392,499,-0.8402
ENSG00000175130,MARCKSL1,15,-6.0049,4745,4.60712,305,-1.7950,108,-3.1594,216,-2.3382
ENSG00000020129,NCDN,377,-1.6973,437,-1.4734,712,-0.8223,2968,1.90542,1257,0.27170
ENSG00000168653,NDUFS5,199,-2.8945,626,-1.1710,1631,0.48568,1757,0.52382,1621,0.47203
ENSG00000117410,ATP6V0B,15,-5.4902,571,-0.0554,249,-1.5448,1003,0.94222,1023,1.29285
ENSG00000142937,RPS8,5734,2.34918,1645,-0.1348,727,-1.6001,386,-2.3850,1632,-0.1758
ENSG00000117450,PRDX1,15,-5.6356,191,-1.9384,696,0.12180,2430,2.75062,282,-1.5112
ENSG00000173660,UQCRH,15,-5.9505,2718,2.46302,342,-1.5419,626,-0.4274,815,0.01178
ENSG00000123091,RNF11,15,-5.2801,367,-0.5392,561,0.19736,982,1.18602,542,0.12325
ENSG00000154027,AK5,15,-5.3149,154,-1.9169,467,-0.2217,877,0.91996,839,1.08141
ENSG00000143013,LMO4,15,-6.2066,1086,0.19208,567,-0.9963,952,-0.0318,1802,1.49879
ENSG00000122406,RPL5,15,-5.8062,1143,0.77681,618,-0.3391,1644,1.49296,554,-0.5434
ENSG00000163399,ATP1A1,17,-7.2404,613,-2.0182,589,-2.2810,4819,1.43443,4444,1.74492
ENSG00000143420,ENSA,984,0.51823,403,-0.9571,513,-0.6709,1367,1.13311,663,-0.1889
ENSG00000213190,MLLT11,15,-5.8887,26,-5.0987,589,-0.5324,2790,2.66058,714,-0.1675
ENSG00000177954,RPS27,25,-5.0375,1813,1.71807,1041,0.77761,128,-2.6917,534,-0.5992
ENSG00000125462,C1orf61,1573,-0.2029,1477,-0.3066,2995,1.21434,593,-1.7355,1404,-0.4562
ENSG00000018625,ATP1A2,244,-2.6062,1222,-0.1166,2896,2.09695,911,-0.5957,503,-1.6998
ENSG00000162734,PEA15,15,-5.3997,170,-1.8593,830,0.89797,765,0.55723,638,0.28815
ENSG00000117152,RGS4,15,-5.3817,14,-5.4702,282,-1.2085,883,0.84681,1176,1.99218
ENSG00000143198,MGST3,15,-6.1461,1050,0.20676,583,-0.8732,2021,1.43229,1129,0.40889
ENSG00000143153,ATP1B1,15,-8.2347,2145,-0.9863,408,-3.7157,17940,3.47087,3365,-0.3140
ENSG00000143156,NME7,15,-7.1777,26,-6.3775,145,-4.1575,11966,5.78603,484,-2.3446
ENSG00000135821,GLUL,14976,2.73553,2105,-1.0614,3322,-0.3936,2206,-0.9882,1267,-2.0325
ENSG00000069275,NUCKS1,15,-6.1560,381,-1.4315,768,-0.3858,2882,2.23503,870,-0.1466
ENSG00000143761,ARF1,673,0.06835,523,-0.3526,577,-0.2263,1055,0.86683,561,-0.2793
ENSG00000143774,GUK1,586,-2.1216,7974,2.59542,1242,-1.1090,1455,-0.7250,1694,-0.5612
ENSG00000168159,RNF187,556,-0.2066,1420,1.51316,683,0.16829,184,-1.9296,439,-0.6833
ENSG00000116906,GNPAT,15,-5.6853,236,-1.6645,223,-1.9413,2910,3.25736,563,-0.3565
ENSG00000179456,ZBTB18,15,-6.4455,492,-1.3456,159,-3.2677,2829,1.71272,2176,1.57288
ENSG00000171863,RPS7,15,-6.5041,3961,2.43861,703,-0.9808,1509,0.40598,726,-0.9240
ENSG00000163032,VSNL1,15,-6.9370,590,-1.5881,1044,-0.8096,2169,0.52031,3190,1.71317
ENSG00000143878,RHOB,932,0.33649,967,0.40025,759,-0.0175,1626,1.38463,159,-2.6635
ENSG00000115128,SF3B6,15,-6.0340,1803,1.35503,458,-1.1567,2093,1.67298,601,-0.6833
ENSG00000084731,KIF3C,15,-6.2063,385,-1.4670,834,-0.2939,2130,1.45701,1292,0.62151
ENSG00000213639,PPP1CB,15,-5.8772,1389,1.05020,489,-0.8579,1486,1.18217,772,-0.0023
ENSG00000138078,PREPL,15,-5.9473,718,-0.2005,419,-1.2048,938,0.25132,1580,1.65364
ENSG00000143933,CALM2,1372,-1.4240,3104,-0.1291,1921,-1.0311,5123,0.74409,5016,0.89975
ENSG00000115306,SPTBN1,15,-6.6797,3015,1.49665,698,-1.2018,2858,1.38466,1070,-0.4446
ENSG00000115310,RTN4,15,-6.9793,1237,-0.4786,1121,-0.7359,2017,0.34002,3034,1.46042
ENSG00000143947,RPS27A,3377,1.17706,1699,-0.0616,1906,0.16090,2326,0.47917,561,-1.9975
ENSG00000014641,MDH1,423,-0.7880,1312,1.17177,183,-2.2738,1148,0.91206,778,0.25993
ENSG00000034510,TMSB10,4051,0.04945,1362,-1.6789,2174,-1.0926,8238,1.35658,4769,0.40563
ENSG00000115486,GGCX,15,-5.7119,398,-0.8893,5,-7.5359,3079,3.40743,658,-0.0886
ENSG00000135940,COX5B,15,-6.9357,1402,-0.2265,1436,-0.2213,1642,0.03730,2657,1.16273
ENSG00000071082,RPL31,2891,1.45019,713,-0.9945,900,-0.7251,1171,-0.1989,1332,0.01811
ENSG00000152082,MZT2B,2378,1.21878,1209,-0.0087,1001,-0.3772,625,-1.0709,1146,-0.1171
ENSG00000168280,KIF5C,15,-5.3121,472,-0.1657,571,0.18639,484,-0.1268,769,0.86363
ENSG00000128656,CHN1,174,-4.1121,3087,0.28983,1238,-1.3476,3711,0.61618,4394,1.21732
ENSG00000078018,MAP2,477,-1.1736,1585,0.82740,785,-0.4526,409,-1.4102,1451,0.84301
ENSG00000197756,RPL37A,419,-1.8991,1682,0.31473,2151,0.96956,1810,0.44386,790,-1.0546
ENSG00000144567,RETREG2,15,-5.2016,142,-1.9232,567,0.32787,1071,1.46868,515,0.12334
ENSG00000127824,TUBA4A,15,-5.3305,447,-0.2794,249,-1.3589,558,0.09131,1092,1.84372
ENSG00000135916,ITM2C,15,-6.3438,1156,0.13472,1536,0.80222,1320,0.36352,956,-0.2187
ENSG00000187514,PTMA,2638,0.88472,1167,-0.5195,1224,-0.5172,2908,1.07137,1024,-0.8394
ENSG00000172428,COPS9,15,-6.7491,717,-1.0922,959,-0.7345,680,-1.1749,3283,2.30074
ENSG00000157087,ATP2B2,310,-1.2318,324,-1.1622,380,-1.0411,683,0.03773,1300,1.64413
ENSG00000157152,SYN2,15,-5.3567,133,-2.1835,332,-0.9018,843,0.78754,1058,1.67464
ENSG00000144713,RPL32,31,-5.8359,3937,1.79772,1852,0.39777,1111,-0.5289,974,-0.8505
ENSG00000174748,RPL15,1466,0.49607,256,-2.2750,804,-0.6002,95,-3.7296,2139,1.64180
ENSG00000168028,RPSA,15,-5.4720,356,-0.8011,880,0.91958,3,-7.4140,975,1.19057
ENSG00000188846,RPL14,1532,0.69608,837,-0.3418,435,-1.5421,424,-1.4140,1771,1.27316
ENSG00000187094,CCK,103,-5.3468,1118,-1.8492,1488,-1.5840,12118,2.46461,4487,0.45942
ENSG00000047849,MAP4,15,-5.4222,36,-4.1534,317,-1.0683,1152,1.29883,1061,1.52917
ENSG00000232112,TMA7,15,-6.4561,2697,1.59271,964,-0.3463,1346,0.26591,1037,-0.2074
ENSG00000162244,RPL29,2235,1.22499,742,-0.6991,1094,-0.0795,1571,0.55873,617,-1.1264
ENSG00000168309,FAM107A,1572,1.38140,279,-1.5485,1114,0.91196,51,-4.0675,529,-0.6416
ENSG00000269028,MTRNR2L12,1439,-1.6679,4436,0.12212,7572,1.46164,1554,-1.5518,3158,-0.5154
ENSG00000114391,RPL24,2888,1.53798,1434,0.21422,730,-1.0171,416,-1.7563,1327,0.09822
ENSG00000144834,TAGLN3,2352,1.20636,696,-0.8952,560,-1.3905,2121,1.00399,1088,-0.2089
ENSG00000172020,GAP43,2063,1.06139,1510,0.48288,510,-1.4500,515,-1.2732,1442,0.49691
ENSG00000154917,RAB6B,15,-5.2852,147,-1.9633,459,-0.2217,1520,2.13695,496,-0.0667
ENSG00000070087,PFN2,277,-1.0901,33,-4.2362,706,0.55320,1183,1.42926,456,-0.3490
ENSG00000163536,SERPINI1,31,-4.9039,406,-1.1348,611,-0.5716,2983,2.68761,559,-0.7320
ENSG00000008952,SEC62,32,-3.7212,69,-2.5952,548,0.86539,352,-0.0889,524,0.75897
ENSG00000161203,AP2M1,15,-7.3065,1123,-0.9940,815,-1.6625,4123,1.24721,3826,1.47253
ENSG00000156976,EIF4A2,15,-6.6268,618,-1.1941,1449,0.22284,1074,-0.3174,2250,1.28847
ENSG00000182899,RPL35A,15,-5.7012,696,0.03034,1077,1.03257,8,-6.5683,957,0.73441
ENSG00000169020,ATP5ME,15,-6.5927,299,-2.2560,1428,0.24774,1855,0.66582,1922,0.93551
ENSG00000159692,CTBP1,15,-5.4883,267,-1.2676,217,-1.7661,2948,3.89584,235,-1.6418
ENSG00000243449,C4orf48,15,-6.1078,1106,0.34325,928,0.04981,816,-0.1738,1272,0.74606
ENSG00000185818,NAT8L,2223,1.44106,165,-2.8136,282,-2.2166,351,-1.6876,1915,1.53505
ENSG00000163682,RPL9,15,-6.2450,1361,0.54274,896,-0.2079,672,-0.6429,1563,1.02528
ENSG00000154277,UCHL1,15,-6.9414,903,-0.9374,922,-1.0321,2687,0.90786,2915,1.41876
ENSG00000152795,HNRNPDL,23,-5.0030,1666,1.80700,219,-1.8940,1494,1.56490,450,-0.6866
ENSG00000145284,SCD5,1985,1.12584,903,-0.2705,846,-0.4420,1245,0.27046,807,-0.5288
ENSG00000152583,SPARCL1,34507,4.20639,904,-3.0461,2463,-1.7276,2087,-1.8003,1647,-2.3643
ENSG00000145335,SNCA,15,-5.2683,93,-2.6232,307,-0.9308,1420,2.00266,701,0.70975
ENSG00000138814,PPP3CA,15,-5.5549,111,-2.6615,705,0.27693,1017,0.88388,884,0.79175
ENSG00000109475,RPL34,365,-2.3731,2334,0.57515,2245,0.63239,1952,0.25969,1295,-0.4970
ENSG00000145362,ANK2,1734,1.41182,137,-2.7362,344,-1.5231,1131,0.58944,975,0.40159
ENSG00000145425,RPS3A,1560,0.35242,1286,0.02017,1645,0.55371,1474,0.25279,642,-1.2455
ENSG00000109670,FBXW7,157,-2.2521,398,-0.8339,417,-0.8725,2251,2.48943,507,-0.5213
ENSG00000109654,TRIM2,15,-5.5894,1002,0.80423,102,-3.0475,2206,2.56416,508,-0.4328
ENSG00000109472,CPE,14540,2.80075,1759,-1.2611,2051,-1.1623,4118,0.10723,1269,-1.9495
ENSG00000150625,GPM6A,4724,0.07754,1829,-1.4389,6723,0.89035,3154,-0.5868,4214,-0.1359
ENSG00000145495,MARCH6,15,-6.5525,437,-1.6412,1170,-0.1035,3697,2.16992,1068,-0.2812
ENSG00000176788,BASP1,15,-7.2017,2184,0.21087,1166,-0.9385,1963,0.02904,3507,1.43254
ENSG00000113387,SUB1,15,-5.4878,125,-2.4128,355,-0.9434,1609,1.93740,834,0.76181
ENSG00000079215,SLC1A3,14357,3.83685,428,-2.9553,1450,-1.2695,926,-1.8069,885,-2.0710
ENSG00000145592,RPL37,15,-6.8164,3342,1.51722,1687,0.27473,1380,-0.1146,1117,-0.5375
ENSG00000131711,MAP1B,15,-7.3772,1300,-0.8384,1387,-0.8472,8322,2.84955,1419,-0.8065
ENSG00000171617,ENC1,2854,0.06414,756,-2.0266,1270,-1.3938,2259,-0.3251,5414,1.68620
ENSG00000186468,RPS23,4399,1.63017,3949,1.40009,1320,-0.6399,307,-2.7756,815,-1.4702
ENSG00000127184,COX7C,679,-0.6648,1082,0.09994,1278,0.47945,740,-0.5265,1040,0.04131
ENSG00000081189,MEF2C,15,-6.1391,833,-0.1743,493,-1.1526,3137,2.49640,750,-0.4066
ENSG00000198961,PJA2,15,-5.6811,4,-7.3533,661,-0.0357,1944,2.07352,713,0.11850
ENSG00000129625,REEP5,458,-0.7426,17,-5.5834,463,-0.8324,2323,2.34911,666,-0.1624
ENSG00000169567,HINT1,15,-6.6783,2948,1.45354,710,-1.1689,1938,0.63863,1542,0.28665
ENSG00000164398,ACSL6,1340,-0.3073,683,-1.3717,958,-0.9689,2740,0.94266,2307,0.78782
ENSG00000164405,UQCRQ,1604,0.01501,2516,0.80958,1559,-0.0392,2136,0.51145,877,-1.0960
ENSG00000113558,SKP1,1052,-0.7250,1561,-0.0836,684,-1.5651,2899,1.01804,2304,0.74343
ENSG00000131507,NDFIP1,15,-6.3172,1478,0.60252,382,-1.7785,2805,1.89796,1128,0.15674
ENSG00000070808,CAMK2A,15,-5.3878,357,-0.7028,463,-0.3358,1070,1.20546,741,0.64534
ENSG00000164587,RPS14,217,-2.5569,1150,0.02999,1386,0.43303,1011,-0.1850,1378,0.41940
ENSG00000022355,GABRA1,181,-2.0659,459,-0.6355,230,-1.8939,2022,2.15684,809,0.37339
ENSG00000170091,NSG2,15,-5.5160,151,-2.1562,189,-2.0197,1048,0.98999,1310,2.03949
ENSG00000145920,CPLX2,1307,1.19283,373,-0.9627,766,0.25708,348,-1.0706,588,-0.2754
ENSG00000175416,CLTB,15,-5.9362,73,-3.6541,574,-0.6426,863,0.11823,1766,2.07163
ENSG00000074317,SNCB,15,-6.4954,1169,-0.0198,887,-0.5520,3081,1.82955,1120,-0.1084
ENSG00000127022,CANX,15,-5.4826,1240,1.34382,307,-1.2080,1403,1.60443,448,-0.5457
ENSG00000050748,MAPK9,15,-5.4637,562,-0.0513,207,-1.8137,748,0.43843,1160,1.73608
ENSG00000137267,TUBB2A,1013,-0.4044,160,-3.2128,810,-0.8765,1740,0.51247,2263,1.31923
ENSG00000137285,TUBB2B,15,-5.9373,168,-2.4412,1175,0.83561,637,-0.3879,1236,0.96237
ENSG00000112308,C6orf62,1511,1.14404,755,-0.0999,118,-3.1856,2740,2.51727,184,-2.5044
ENSG00000204681,GABBR1,15,-5.1902,572,0.29653,461,-0.0810,63,-3.1241,896,1.50914
ENSG00000196230,TUBB,15,-6.8433,463,-1.8587,713,-1.3542,2456,0.86490,3093,1.82599
ENSG00000231500,RPS18,1517,0.67641,1175,0.22393,1254,0.41385,587,-0.9120,713,-0.6986
ENSG00000124614,RPS10,15,-5.0713,651,0.67441,651,0.85885,898,1.29061,116,-2.3047
ENSG00000137409,MTCH1,15,-5.9359,854,0.10197,789,-0.0382,1454,1.06270,864,0.14717
ENSG00000096384,HSP90AB1,588,-1.5038,1051,-0.5996,1473,-0.0566,3483,1.55234,1269,-0.3465
ENSG00000156508,EEF1A1,15,-8.9171,3590,-0.9199,7474,0.34610,10729,0.93722,7532,0.36307
ENSG00000112695,COX7A2,5753,2.69727,440,-2.0101,671,-1.5347,2056,0.45179,741,-1.3717
ENSG00000277443,MARCKS,2370,2.08404,563,-0.6104,374,-1.4114,1041,0.41541,500,-0.9156
ENSG00000189241,TSPYL1,15,-6.0644,689,-0.4005,895,0.03942,1352,0.75887,1149,0.57943
ENSG00000152661,GJA1,10635,3.53261,40,-6.0435,1725,-0.5576,1367,-0.8491,327,-3.2425
ENSG00000111897,SERINC1,15,-5.6506,315,-1.1842,375,-1.0423,1366,1.33347,1085,1.14830
ENSG00000112306,RPS12,532,-1.1351,588,-0.9796,1891,1.32597,883,-0.3313,883,-0.3899
ENSG00000112531,QKI,15,-5.4027,1184,1.38592,833,0.89872,639,0.23326,198,-1.8216
ENSG00000188191,PRKAR1B,15,-5.6973,530,-0.4134,438,-0.8297,1967,2.07520,689,0.02523
ENSG00000075624,ACTB,3566,-1.0373,2967,-1.3223,3224,-1.3477,23018,2.49689,5742,-0.3264
ENSG00000189043,NDUFA4,3096,0.55148,956,-1.3683,2671,0.35691,3097,0.55203,1639,-0.6076
ENSG00000196683,TOMM7,4913,2.09564,799,-1.1991,1270,-0.5455,1300,-0.4293,1128,-0.7599
ENSG00000122566,HNRNPA2B1,15,-6.2644,1259,0.37859,552,-1.1107,1146,0.21652,1771,1.32905
ENSG00000180354,MTURN,15,-6.0790,1210,0.54005,481,-1.1247,841,-0.0883,1589,1.39095
ENSG00000122545,SEPTIN7,1311,-0.0328,819,-0.7956,725,-1.1244,4027,2.18042,874,-0.7989
ENSG00000058404,CAMK2B,1556,0.82171,748,-0.4403,936,-0.0848,1156,0.28748,753,-0.5026
ENSG00000196262,PPIA,15,-6.6062,723,-0.9211,989,-0.4941,3307,1.81620,1459,0.27648
ENSG00000106153,CHCHD2,15,-5.7556,608,-0.2587,832,0.32785,166,-2.2685,1262,1.36220
ENSG00000263001,GTF2I,15,-5.6649,374,-0.9408,747,0.22930,1139,0.94724,829,0.45672
ENSG00000005486,RHBDD2,15,-5.2190,1050,1.40319,482,-0.0341,767,0.78901,317,-0.8163
ENSG00000170027,YWHAG,15,-7.3758,276,-3.1715,611,-2.1964,8614,2.96162,2559,0.33706
ENSG00000241468,ATP5MF,103,-2.6260,475,-0.2816,429,-0.5215,1003,1.03644,749,0.61841
ENSG00000128564,VGF,1303,1.26281,332,-1.0844,292,-1.4445,204,-1.8256,1068,1.13940
ENSG00000105894,PTN,15,-5.5763,783,0.37659,1400,2.12657,419,-0.6627,192,-2.0614
ENSG00000270672,MTRNR2L6,74,-2.8056,577,0.41244,618,0.67315,313,-0.6051,487,0.14722
ENSG00000174469,CNTNAP2,66,-4.1400,287,-1.9901,469,-1.4010,2792,1.94420,1529,0.90397
ENSG00000105993,DNAJB6,15,-5.4034,245,-1.3142,201,-1.7951,1622,2.09256,808,0.82320
ENSG00000164733,CTSB,102,-2.6937,477,-0.3351,341,-0.9999,1111,1.16135,859,0.85607
ENSG00000147416,ATP6V1B2,15,-5.6381,405,-0.7802,546,-0.3512,583,-0.1892,1240,1.56463
ENSG00000168490,PHYHIP,15,-6.1043,2188,1.66995,636,-0.6630,227,-2.1569,1305,0.81673
ENSG00000277586,NEFL,15,-6.3639,290,-2.0594,756,-0.6770,2101,1.20647,1821,1.21589
ENSG00000240694,PNMA2,15,-5.2964,186,-1.6158,458,-0.2375,1273,1.70220,614,0.36018
ENSG00000092964,DPYSL2,2120,-0.1781,6303,1.88861,554,-2.4741,3436,0.65662,1773,-0.5484
ENSG00000120885,CLU,26696,2.82122,2681,-1.5364,4360,-0.8983,1911,-2.0482,4674,-0.7756
ENSG00000133872,SARAF,1660,0.85275,691,-0.6446,713,-0.6894,1833,1.04162,782,-0.5199
ENSG00000008988,RPS20,15,-5.3372,786,0.68480,371,-0.6839,845,0.81921,666,0.47927
ENSG00000104388,RAB2A,15,-5.4979,605,0.03214,595,0.00400,746,0.39236,800,0.64586
ENSG00000147604,RPL7,15,-5.2415,825,0.89264,472,-0.1101,485,-0.0471,611,0.42894
ENSG00000104435,STMN2,15,-5.9853,641,-0.4293,346,-1.5659,1826,1.45565,1323,1.05859
ENSG00000123119,NECAB1,15,-5.0682,20,-4.6100,744,1.22083,76,-2.7225,742,1.21315
ENSG00000156467,UQCRB,15,-6.2987,677,-0.6898,1398,0.65483,2207,1.39701,770,-0.5654
ENSG00000156482,RPL30,15,-6.2038,1822,1.14036,1678,1.29391,360,-1.5701,612,-0.8581
ENSG00000164919,COX6C,1381,-0.7226,1032,-1.1786,1613,-0.5530,3012,0.58543,3203,0.88826
ENSG00000164924,YWHAZ,828,-0.9234,713,-1.1578,606,-1.5779,3732,1.77770,1887,0.54117
ENSG00000104490,NCALD,15,-5.0455,254,-0.8704,379,-0.2658,515,0.29223,748,1.27746
ENSG00000164929,BAALC,15,-5.8140,1011,0.54282,1492,1.76771,620,-0.2920,272,-1.7660
ENSG00000147684,NDUFB9,15,-5.6493,523,-0.3878,833,0.49330,1291,1.21481,566,-0.3054
ENSG00000176956,LY6H,77,-3.5801,89,-3.3698,281,-1.8540,1191,0.68007,1866,2.27892
ENSG00000161016,RPL8,15,-6.8480,837,-0.9554,667,-1.4714,324,-2.3980,4035,3.00630
ENSG00000137154,RPS6,15,-5.6348,1707,1.83844,828,0.50825,730,0.19076,230,-1.8358
ENSG00000168913,ENHO,22637,5.20488,121,-5.1718,672,-2.8928,425,-3.3427,895,-2.4537
ENSG00000165119,HNRNPK,2988,1.85234,1045,-0.1396,460,-1.6104,1629,0.62819,684,-0.9430
ENSG00000148053,NTRK2,15,-6.1177,1135,0.37556,1516,1.17650,1632,1.04247,285,-2.0258
ENSG00000173258,ZNF483,15,-5.2374,336,-0.6332,346,-0.6814,589,0.29588,918,1.49002
ENSG00000136942,RPL35,43,-4.7081,1658,0.92254,567,-1.0260,2032,1.32246,1019,0.06660
ENSG00000197958,RPL12,15,-5.7591,243,-1.6977,1185,1.17819,1455,1.30483,452,-0.8531
ENSG00000136854,STXBP1,15,-5.0053,5,-6.5108,449,0.12505,551,0.45741,744,1.33956
ENSG00000171159,C9orf16,15,-5.9784,9,-6.7005,1210,0.84193,327,-1.4782,1511,1.44746
ENSG00000106976,DNM1,15,-6.4022,1122,0.01837,630,-1.0468,1682,0.72867,1846,1.17748
ENSG00000107130,NCS1,15,-5.8848,2147,1.97251,520,-0.7534,497,-0.7258,864,0.22402
ENSG00000148303,RPL7A,15,-6.2235,1030,0.07960,1092,0.21805,999,0.02775,1325,0.64783
ENSG00000130558,OLFM1,734,-2.2642,2371,-0.4579,2075,-0.7759,4505,0.63464,5077,1.10992
ENSG00000130560,UBAC1,752,-1.0660,1856,0.41549,1005,-0.7045,2494,0.95664,1546,0.11952
ENSG00000107223,EDF1,15,-6.0158,921,0.13481,1000,0.33748,1405,0.88930,807,-0.1048
ENSG00000107317,PTGDS,35292,4.26714,2596,-1.4878,2863,-1.5026,554,-3.7808,1060,-3.0588
ENSG00000176884,GRIN1,533,-0.9922,452,-1.2483,511,-1.2026,984,-0.0031,1956,1.70788
ENSG00000180817,PPA1,851,0.26112,962,0.47720,265,-1.7845,1103,0.72321,831,0.27008
ENSG00000197746,PSAP,4577,0.92885,1726,-0.7384,2265,-0.3535,2764,0.03042,2702,-0.0091
ENSG00000107758,PPP3CB,1591,0.94651,227,-2.2095,538,-1.0225,1721,1.09806,964,0.06252
ENSG00000138326,RPS24,15,-6.0979,1380,0.75101,1003,0.22481,1594,1.02358,651,-0.6166
ENSG00000165678,GHITM,15,-5.7832,89,-3.2202,416,-1.0230,3617,3.90312,256,-1.8287
ENSG00000173267,SNCG,15,-5.7924,407,-0.9376,306,-1.5491,1500,1.32616,1277,1.33334
ENSG00000171314,PGAM1,15,-5.3684,388,-0.5525,840,0.98203,742,0.53784,490,-0.2040
ENSG00000120053,GOT1,15,-6.0416,458,-1.0246,352,-1.6022,3270,2.81913,801,-0.1508
ENSG00000099194,SCD,3681,1.60268,5650,2.67597,208,-3.3360,1181,-0.4628,11,-7.5124
ENSG00000166136,NDUFB8,15,-6.3154,322,-1.8537,670,-0.8351,2276,1.43561,1684,1.09031
ENSG00000059915,PSD,15,-5.3398,147,-2.0234,259,-1.3072,196,-1.5862,1428,3.02301
ENSG00000173915,ATP5MD,2028,0.44896,1708,0.14995,1173,-0.5514,1883,0.31894,1488,-0.0979
ENSG00000198825,INPP5F,15,-5.6404,338,-1.0627,499,-0.5217,318,-1.1577,1456,2.12307
ENSG00000166033,HTRA1,13850,5.87542,535,-2.1954,271,-3.4401,3,-9.4353,166,-4.1635
ENSG00000130643,CALY,95,-3.1143,530,-0.4996,286,-1.6371,694,-0.0570,1569,2.05054
ENSG00000184524,CEND1,15,-5.3081,800,0.75312,266,-1.2259,1866,2.64887,218,-1.5607
ENSG00000177600,RPLP2,15,-6.2956,2239,1.43321,1087,0.10978,1127,0.15172,829,-0.4230
ENSG00000078902,TOLLIP,15,-5.6633,125,-2.5911,486,-0.6004,1847,1.97798,850,0.52132
ENSG00000117984,CTSD,15,-4.9915,236,-0.9250,477,0.26743,3,-7.0575,863,1.83422
ENSG00000110651,CD81,10524,4.00623,1251,-0.8144,712,-1.8698,457,-2.3500,397,-2.7807
ENSG00000166313,APBB1,15,-6.3845,1257,0.23179,806,-0.5886,761,-0.5994,2016,1.46707
ENSG00000166441,RPL27A,2187,1.64358,305,-1.7295,760,-0.3567,536,-0.8612,919,0.01376
ENSG00000255823,MTRNR2L8,5246,-0.3959,5247,-0.3958,13110,1.68069,1459,-2.3676,4247,-0.8461
ENSG00000050165,DKK3,3188,1.71863,645,-1.1100,636,-1.2803,2028,0.80370,933,-0.6128
ENSG00000110700,RPS13,15,-6.0236,1211,0.60433,1448,1.22564,532,-0.7729,668,-0.4781
ENSG00000110436,SLC1A2,55907,5.07377,2254,-2.2332,2818,-2.0953,526,-4.3708,770,-4.0612
ENSG00000211450,SELENOH,15,-5.4201,72,-3.1612,367,-0.8047,1385,1.69991,867,0.97543
ENSG00000134824,FADS2,15,-5.5253,1187,1.22224,248,-1.5924,1117,1.10210,711,0.33795
ENSG00000167996,FTH1,2238,-2.7968,62601,3.50915,6455,-1.3570,6134,-1.2811,5852,-1.5193
ENSG00000162188,GNG3,1051,0.27829,542,-0.8119,743,-0.3604,1236,0.56401,969,0.16703
ENSG00000133318,RTN3,15,-7.9008,793,-2.1518,1034,-1.9428,8106,1.81327,5481,1.31926
ENSG00000176340,COX8A,15,-5.8344,492,-0.6856,899,0.38117,25,-5.0842,1458,1.64521
ENSG00000126432,PRDX5,15,-5.5180,1302,1.42310,375,-0.8837,1116,1.11143,515,-0.3051
ENSG00000149806,FAU,15,-7.0390,4882,2.02371,1578,-0.1783,589,-1.7000,1721,-0.0063
ENSG00000251562,MALAT1,15,-6.8413,768,-1.0833,2424,1.09089,2072,0.55407,1417,-0.1204
ENSG00000172757,CFL1,3535,0.57726,2535,-0.0004,1718,-0.7363,1332,-1.0385,3456,0.67275
ENSG00000175602,CCDC85B,15,-6.4892,960,-0.3398,985,-0.3493,574,-1.1540,2364,1.74712
ENSG00000174684,B4GAT1,15,-5.8027,517,-0.5715,542,-0.5773,492,-0.6513,1511,1.84014
ENSG00000175582,RAB6A,15,-5.2745,112,-2.3566,41,-4.0774,1746,2.52074,807,1.04510
ENSG00000151366,NDUFC2,15,-5.6157,697,0.13128,262,-1.6051,1205,1.12533,1038,1.08714
ENSG00000109846,CRYAB,15,-5.8998,1598,1.29767,801,0.03985,1560,1.24916,361,-1.4023
ENSG00000149294,NCAM1,15,-5.4699,573,-0.0284,730,0.48099,484,-0.3057,772,0.60776
ENSG00000118181,RPS25,15,-5.8927,443,-0.9181,1054,0.65003,524,-0.6534,1189,0.94302
ENSG00000154096,THY1,115,-4.0487,984,-0.8506,1065,-0.8357,2642,0.81831,2880,1.29430
ENSG00000109971,HSPA8,1146,0.75271,750,0.00659,451,-0.9374,1292,0.97829,568,-0.5262
ENSG00000154146,NRGN,1706,-1.6169,3760,-0.3795,3631,-0.5092,5899,0.37956,7240,0.95835
ENSG00000084234,APLP2,15,-6.0821,66,-3.9535,763,-0.3011,1680,1.14785,1470,1.16084
ENSG00000111640,GAPDH,7176,0.54846,6697,0.42541,3270,-0.8794,4225,-0.3535,5989,0.28151
ENSG00000111669,TPI1,1286,0.05534,542,-1.3288,904,-0.6107,629,-1.0983,2223,1.38175
ENSG00000111674,ENO2,15,-6.0695,30,-5.0717,671,-0.5245,1849,1.35889,1468,1.18077
ENSG00000139112,GABARAPL1,15,-5.5277,896,0.68511,569,-0.1220,765,0.40292,711,0.33739
ENSG00000111716,LDHB,56,-4.0608,491,-0.8182,752,-0.1543,496,-0.8033,1572,1.62418
ENSG00000134287,ARF3,15,-5.8673,721,-0.1039,531,-0.6969,486,-0.7425,1542,1.75444
ENSG00000123416,TUBA1B,213,-3.5675,2817,0.42348,1382,-0.8722,2982,0.52502,3320,0.91929
ENSG00000167552,TUBA1A,2040,1.02312,1324,0.23673,530,-1.4008,1373,0.30011,1133,-0.0334
ENSG00000135472,FAIM2,39,-4.7276,1115,0.35950,438,-1.3161,448,-1.1300,1926,1.95764
ENSG00000123349,PFDN5,971,0.51367,262,-1.6029,1183,1.13933,184,-2.1355,633,-0.2566
ENSG00000197111,PCBP2,15,-5.8460,1262,0.90910,602,-0.4424,1173,0.77271,819,0.16548
ENSG00000135486,HNRNPA1,15,-5.4094,888,0.81622,749,0.63163,805,0.63402,354,-0.8549
ENSG00000135404,CD63,5644,2.00365,269,-3.0954,1164,-1.0135,2114,0.08357,1865,-0.1513
ENSG00000197728,RPS26,24,-4.6652,1334,1.68439,371,-0.7319,261,-1.1808,730,0.62839
ENSG00000229117,RPL41,15,-7.0639,1712,-0.0416,3777,1.99547,790,-1.2781,1108,-0.8612
ENSG00000092841,MYL6,3532,1.75262,158,-3.3462,561,-1.6311,1486,0.09767,1760,0.48259
ENSG00000110955,ATP5F1B,15,-5.6907,398,-0.8695,358,-1.1738,595,-0.2228,1518,2.13717
ENSG00000110958,PTGES3,15,-5.5794,854,0.53119,541,-0.2945,1604,1.78409,422,-0.7530
ENSG00000196531,NACA,15,-6.1661,823,-0.2260,1473,1.01180,934,-0.0145,940,-0.0059
ENSG00000155980,KIF5A,15,-5.6851,364,-1.0006,428,-0.8580,1140,0.92800,1179,1.31231
ENSG00000187109,NAP1L1,15,-5.1245,324,-0.5693,355,-0.4904,1399,2.21119,380,-0.3643
ENSG00000067715,SYT1,132,-3.2836,613,-0.9798,737,-0.7950,2417,1.41028,1617,0.80233
ENSG00000139220,PPFIA2,15,-5.8688,2337,2.20852,45,-4.5264,1578,1.31998,674,-0.2544
ENSG00000070961,ATP2B1,15,-5.9068,818,0.06596,916,0.31621,1338,0.94405,753,-0.0880
ENSG00000173598,NUDT4,15,-5.6353,202,-1.8570,200,-2.0654,1810,1.96108,1085,1.15961
ENSG00000166598,HSP90B1,15,-5.7577,494,-0.5986,741,0.07975,892,0.38559,1052,0.86722
ENSG00000174437,ATP2A2,15,-5.3477,938,0.99822,323,-0.9452,1159,1.42004,499,-0.1444
ENSG00000089009,RPL6,15,-6.0979,2039,1.52072,1327,0.86314,463,-1.0695,565,-0.8722
ENSG00000176871,WSB2,490,-0.4963,365,-0.9621,367,-1.0871,1414,1.39531,817,0.44333
ENSG00000089220,PEBP1,714,-2.1105,3409,0.37059,2098,-0.5189,3414,0.37330,3747,0.67519
ENSG00000111775,COX6A1,2677,0.95580,810,-1.0613,1400,-0.2200,1484,-0.0897,1593,0.03505
ENSG00000088986,DYNLL1,15,-6.5191,1410,0.27082,1313,0.17891,1710,0.61167,1331,0.20859
ENSG00000157782,CABP1,15,-5.6435,110,-2.7526,333,-1.2356,1421,1.42573,1190,1.42626
ENSG00000150991,UBC,15,-6.9534,2805,0.97114,1228,-0.5401,1077,-0.6735,2517,0.98598
ENSG00000122026,RPL21,2640,1.50290,1483,0.39918,740,-0.8672,730,-0.7752,948,-0.4179
ENSG00000189403,HMGB1,15,-5.1379,241,-1.0519,704,0.93852,1283,1.97299,148,-1.9911
ENSG00000102804,TSC22D1,15,-5.4838,669,0.22127,691,0.33888,685,0.26185,681,0.30740
ENSG00000133112,TPT1,2197,0.41726,2712,0.79849,827,-1.3322,666,-1.5109,2419,0.74231
ENSG00000136156,ITM2B,14467,1.44323,4463,-0.6465,2294,-1.8655,11173,0.92891,5847,-0.2467
ENSG00000183087,GAS6,15,-5.2442,217,-1.3273,496,-0.0070,1025,1.32220,618,0.45706
ENSG00000165795,NDRG2,15,-6.5608,3412,1.95820,1333,0.14819,340,-2.0296,1123,-0.1959
ENSG00000092096,SLC22A17,15,-5.5159,326,-0.9849,475,-0.4528,1954,2.37911,480,-0.4363
ENSG00000213741,RPS29,915,0.78851,307,-1.0373,1076,1.47062,166,-1.9768,276,-1.3578
ENSG00000139970,RTN1,239,-2.5785,323,-2.1349,845,-0.7582,1914,0.73048,2334,1.48609
ENSG00000198668,CALM1,3006,-0.5895,1918,-1.2946,3031,-0.6685,3642,-0.2786,7761,1.40743
ENSG00000183648,NDUFB1,298,-1.7299,364,-1.4236,967,0.16954,1515,0.94612,1060,0.36702
ENSG00000196405,EVL,15,-6.3400,625,-0.8609,628,-0.9766,1976,1.11801,1783,1.20250
ENSG00000214548,MEG3,2050,0.90562,1553,0.39935,536,-1.4911,1389,0.20614,1275,0.07214
ENSG00000197102,DYNC1H1,15,-5.9783,548,-0.6733,272,-1.9481,1020,0.35646,1836,2.10810
ENSG00000080824,HSP90AA1,539,-2.1792,2335,0.12313,1519,-0.6789,3226,0.69302,3030,0.72928
ENSG00000166165,CKB,10728,1.84780,2517,-0.7888,1587,-1.6800,1598,-1.4940,5296,0.55542
ENSG00000126214,KLC1,15,-5.9695,859,0.07308,628,-0.5175,1274,0.77009,1176,0.78763
ENSG00000156411,ATP5MPL,15,-5.6023,1196,1.13287,569,-0.2261,340,-1.0156,889,0.72457
ENSG00000128739,SNRPN,28,-5.1171,184,-2.3938,595,-0.6893,2349,1.95321,1118,0.57561
ENSG00000224078,SNHG14,15,-5.6285,286,-1.3115,946,0.83208,1000,0.75835,677,0.08490
ENSG00000166922,SCG5,15,-5.2670,466,-0.1381,194,-1.7005,894,1.01610,891,1.33627
ENSG00000140319,SRP14,3237,1.54500,755,-1.0126,634,-1.4433,3121,1.46708,756,-1.1487
ENSG00000166963,MAP1A,434,-0.8911,1158,0.75834,713,-0.1060,657,-0.2251,795,0.11238
ENSG00000140264,SERF2,15,-6.7195,4612,2.45061,1234,-0.2235,580,-1.3852,999,-0.6198
ENSG00000166710,B2M,15,-5.4695,1439,1.70950,1014,1.30533,531,-0.1551,32,-4.6062
ENSG00000104112,SCG3,15,-5.2045,43,-3.6931,826,1.23526,442,-0.1595,626,0.54138
ENSG00000128989,ARPP19,15,-6.7684,2731,1.17238,919,-0.8291,1057,-0.4960,2180,0.95025
ENSG00000103657,HERC1,15,-6.0765,82,-3.6205,176,-2.7261,1983,1.49791,1881,1.94968
ENSG00000174444,RPL4,5643,0.46424,2974,-0.6085,2144,-1.2723,7854,1.07744,4712,0.18269
ENSG00000137818,RPLP1,15,-6.7790,1853,0.43131,2299,1.06367,944,-0.6909,1343,-0.1421
ENSG00000067225,PKM,15,-6.2403,400,-1.4478,1017,0.04745,1324,0.49580,1592,1.07580
ENSG00000156642,NPTN,16,-5.9959,486,-1.0030,421,-1.3823,2358,1.82943,1317,0.83022
ENSG00000185787,MORF4L1,326,-2.1192,329,-2.1053,1155,-0.1761,2975,1.60607,1448,0.28526
ENSG00000182768,NGRN,15,-5.5475,211,-1.6910,360,-0.9903,1390,1.51880,982,1.07051
ENSG00000127585,FBXL16,15,-5.7555,162,-2.3083,1217,1.25884,356,-1.1100,1004,0.75869
ENSG00000103260,METRN,15,-5.8312,762,0.03179,1716,2.25127,3,-7.8960,510,-0.7225
ENSG00000140988,RPS2,317,-1.2924,1699,1.63371,973,0.68051,302,-1.3694,359,-1.2477
ENSG00000185883,ATP6V0C,1395,0.06536,1233,-0.1412,797,-0.9691,1214,-0.1673,1979,0.86418
ENSG00000103363,ELOB,15,-6.4737,2024,0.98288,901,-0.4971,122,-3.4486,2101,1.40557
ENSG00000134419,RPS15A,2872,2.25576,607,-0.6877,384,-1.5713,267,-1.9515,982,0.12070
ENSG00000170540,ARL6IP1,15,-6.3584,844,-0.4022,716,-0.7693,2284,1.38358,1480,0.69384
ENSG00000167191,GPRC5B,8667,3.71787,840,-1.2238,709,-1.6596,1165,-0.7119,264,-3.1949
ENSG00000166501,PRKCB,15,-5.4260,235,-1.3987,1455,2.79526,396,-0.5826,200,-1.8268
ENSG00000090238,YPEL3,718,-0.4489,4,-7.8454,676,-0.6354,3679,2.91535,425,-1.4372
ENSG00000087258,GNAO1,15,-5.6977,487,-0.5516,295,-1.4986,1104,0.85355,1286,1.54887
ENSG00000087250,MT3,5062,-1.0742,17215,0.99558,15287,0.99136,2333,-2.2518,6917,-0.6740
ENSG00000125148,MT2A,10051,2.79284,365,-3.0679,2249,-0.3418,155,-4.3193,1841,-0.7110
ENSG00000169715,MT1E,3833,2.29002,1414,0.25309,1338,0.19209,53,-4.7201,278,-2.5176
ENSG00000125144,MT1G,7880,3.08153,3695,1.18222,364,-2.8048,5,-8.6568,577,-2.0912
ENSG00000103034,NDRG4,91,-3.5446,755,-0.3486,584,-0.8755,2170,1.57817,1172,0.48493
ENSG00000166848,TERF2IP,339,-0.9014,353,-0.8388,664,0.23951,759,0.42785,681,0.29332
ENSG00000131143,COX4I1,15,-7.3399,2507,0.28445,3160,0.88753,3166,0.70015,1425,-0.7525
ENSG00000167526,RPL13,273,-2.7567,3778,1.58264,2114,0.57068,509,-1.8261,1278,-0.4591
ENSG00000141002,TCF25,15,-5.8474,307,-1.4334,625,-0.3699,1090,0.63810,1314,1.30269
ENSG00000159842,ABR,15,-4.9447,136,-1.7262,684,1.21750,357,-0.2112,481,0.35791
ENSG00000108953,YWHAE,543,-1.4249,1079,-0.3445,1115,-0.3427,2367,1.03470,1540,0.30805
ENSG00000108528,SLC25A11,15,-5.7042,444,-0.7045,532,-0.4827,1397,1.30632,932,0.67422
ENSG00000219200,RNASEK,991,0.16708,1212,0.51768,717,-0.4371,554,-0.7869,1049,0.32347
ENSG00000132535,DLG4,15,-5.8062,226,-1.8567,576,-0.4669,641,-0.2247,1551,1.92958
ENSG00000170296,GABARAP,15,-5.9656,378,-1.2401,1562,1.57248,681,-0.3110,775,-0.1152
ENSG00000129244,ATP1B2,16240,5.18058,4,-9.3587,271,-3.7574,1061,-1.4877,538,-2.7295
ENSG00000183011,NAA38,15,-5.2606,119,-2.2499,585,0.31398,476,-0.0941,871,1.29108
ENSG00000220205,VAMP2,15,-6.1016,1173,0.45189,1040,0.29477,1109,0.35311,971,0.14896
ENSG00000161970,RPL26,29,-4.3417,492,-0.0824,646,0.47318,149,-1.9489,828,1.07571
ENSG00000170315,UBB,2450,0.55914,2457,0.56479,1406,-0.4508,844,-1.1931,1930,0.17259
ENSG00000256618,MTRNR2L1,2880,1.36754,945,-0.6056,1877,0.68810,122,-3.6804,937,-0.7160
ENSG00000109107,ALDOC,738,-1.2383,2763,0.97493,2223,0.71924,242,-2.9144,1503,-0.1234
ENSG00000198242,RPL23A,15,-5.1863,512,0.11123,1012,1.92844,5,-6.7175,398,-0.3591
ENSG00000125691,RPL23,15,-6.2771,231,-2.3156,483,-1.3521,2161,1.38266,1880,1.47830
ENSG00000108298,RPL19,15,-6.1613,483,-1.0750,1442,0.96026,571,-0.8121,1318,0.73706
ENSG00000171532,NEUROD2,15,-5.9251,137,-2.7190,451,-1.0529,1044,0.46554,1741,2.05189
ENSG00000173812,EIF1,3614,0.28438,4063,0.49023,2004,-0.7969,4032,0.47656,2850,-0.1411
ENSG00000173786,CNP,15,-6.2192,3791,2.89068,417,-1.5298,1797,1.09143,210,-2.6160
ENSG00000033627,ATP6V0A1,16,-5.3465,217,-1.5612,248,-1.5225,615,0.09629,1362,2.33726
ENSG00000266967,AARSD1,718,0.11938,753,0.20127,231,-1.8674,1763,1.85630,493,-0.5829
ENSG00000131469,RPL27,15,-5.4138,762,0.53411,772,0.69854,269,-1.1756,665,0.36080
ENSG00000108840,HDAC5,1088,0.89387,451,-0.6154,394,-0.9535,1260,1.17749,507,-0.5001
ENSG00000108309,RUNDC3A,325,-1.5778,820,-0.1150,1060,0.39639,1516,0.97322,683,-0.4846
ENSG00000131095,GFAP,14656,4.90631,654,-2.1095,1096,-1.4901,3,-9.6271,41,-6.4093
ENSG00000073969,NSF,15,-5.4571,107,-2.6050,577,0.00371,941,0.86751,908,1.03322
ENSG00000243678,NME2,15,-5.4400,399,-0.5864,633,0.21548,1024,1.04947,644,0.25192
ENSG00000264364,DYNLL2,15,-5.1670,591,0.38511,654,0.71065,641,0.52854,375,-0.4443
ENSG00000141367,CLTC,2582,2.39752,309,-1.4899,172,-2.5833,630,-0.3701,827,0.09702
ENSG00000154229,PRKCA,1620,-0.2294,1309,-0.5750,1484,-0.4373,2494,0.50827,2312,0.46199
ENSG00000108946,PRKAR1A,1178,1.05965,148,-2.3103,525,-0.4206,1145,1.00458,523,-0.4296
ENSG00000172809,RPL38,15,-5.7321,182,-2.1024,900,0.54466,1271,1.07760,808,0.30556
ENSG00000189159,JPT1,469,-0.3151,282,-1.1260,151,-2.2801,793,0.58120,1064,1.52570
ENSG00000132475,H3F3B,15,-5.4235,1353,1.64266,536,-0.1033,467,-0.3160,523,-0.1537
ENSG00000132471,WBP2,15,-5.2450,192,-1.5191,476,-0.0958,135,-2.0497,1101,2.08743
ENSG00000182534,MXRA7,15,-5.5978,188,-1.9209,511,-0.4275,1528,1.64253,855,0.63353
ENSG00000171246,NPTX1,15,-6.4260,567,-1.1060,511,-1.4264,937,-0.3056,2675,2.39510
ENSG00000175866,BAIAP2,46,-3.8157,24,-4.7454,785,0.73251,424,-0.4644,935,1.17810
ENSG00000184009,ACTG1,15,-7.2590,1701,-0.2777,1992,-0.0191,4032,1.26814,2172,0.15815
ENSG00000171885,AQP4,5445,3.74547,810,-0.5405,494,-1.4797,117,-3.4567,259,-2.5033
ENSG00000152234,ATP5F1A,15,-5.2133,296,-0.8146,456,-0.1367,754,0.76305,721,0.86648
ENSG00000265681,RPL17,515,-2.9815,6087,0.95234,2467,-0.6994,5417,0.73375,4004,0.23989
ENSG00000197971,MBP,843,-1.2276,6493,2.65046,1146,-0.8595,1403,-0.4239,832,-1.4069
ENSG00000172270,BSG,903,-0.2827,1727,0.84453,703,-0.7930,976,-0.1552,1242,0.30950
ENSG00000167468,GPX4,192,-2.2829,491,-0.8493,1247,0.91201,1138,0.54764,746,-0.2106
ENSG00000099624,ATP5F1D,15,-6.9139,991,-0.7613,1205,-0.5242,3865,1.68485,1897,0.38168
ENSG00000099622,CIRBP,3023,1.49794,1195,-0.2023,219,-3.0338,2307,0.95566,1240,-0.1680
ENSG00000115268,RPS15,4962,2.01558,1776,0.01485,1288,-0.5971,1121,-0.7357,944,-1.1449
ENSG00000127540,UQCR11,15,-6.0075,1575,1.12014,1266,0.90101,4,-7.8522,897,0.12133
ENSG00000104904,OAZ1,15,-6.3920,1068,-0.0530,771,-0.6793,2238,1.29221,1427,0.55343
ENSG00000267469,AC005944.1,15,-5.7489,154,-2.3707,208,-2.1182,3791,4.30804,281,-1.6389
ENSG00000104964,TLE5,15,-6.4080,222,-2.5057,1028,-0.1614,2113,1.15518,1699,0.94698
ENSG00000167658,EEF2,15,-5.9339,896,0.18244,1050,0.57076,1280,0.81776,672,-0.3532
ENSG00000130255,RPL36,15,-6.6433,1958,0.70052,1391,0.11859,879,-0.6559,1777,0.65699
ENSG00000104833,TUBB4A,1031,0.14490,71,-3.9307,851,-0.2101,1284,0.52840,1268,0.63307
ENSG00000229833,PET100,4814,3.40394,249,-2.2852,243,-2.5335,364,-1.7151,813,-0.5397
ENSG00000178531,CTXN1,15,-6.0379,3983,3.54266,493,-1.0314,406,-1.2057,320,-1.7497
ENSG00000233927,RPS28,4318,0.84970,4145,0.77315,2358,-0.2453,801,-1.8952,2357,-0.2465
ENSG00000198258,UBL5,15,-5.8524,969,0.42012,419,-1.0940,1076,0.60673,1208,1.05889
ENSG00000127445,PIN1,15,-5.8441,2123,2.01316,401,-1.1562,393,-1.0495,972,0.54318
ENSG00000123144,TRIR,5476,1.95077,1632,-0.3339,513,-2.3349,4708,1.60809,566,-2.1819
ENSG00000167815,PRDX2,15,-5.5713,93,-2.9279,760,0.41051,752,0.31475,999,1.06883
ENSG00000179271,GADD45GIP1,15,-6.2258,1386,0.59881,286,-2.1398,1757,1.04111,1574,1.07694
ENSG00000130479,MAP1S,15,-5.4999,263,-1.3037,280,-1.3642,1073,1.05611,1128,1.56046
ENSG00000105640,RPL18A,15,-5.1443,587,0.39839,630,0.65520,47,-3.5071,675,0.82229
ENSG00000099308,MAST3,15,-5.0862,436,-0.0427,549,0.43145,530,0.29047,526,0.33993
ENSG00000105649,RAB3A,15,-5.5291,120,-2.5123,500,-0.3797,2091,2.53749,512,-0.3322
ENSG00000130522,JUND,405,-2.3664,1813,-0.0352,1048,-1.0514,2494,0.51520,3077,1.17552
ENSG00000105701,FKBP8,4006,0.94747,2134,-0.1626,560,-2.4535,3365,0.62376,2921,0.45902
ENSG00000221983,UBA52,15,-5.5305,264,-1.3310,1014,1.19057,1133,1.12443,405,-0.7652
ENSG00000105696,TMEM59L,624,-0.3582,15,-5.8655,889,0.28539,1101,0.61051,954,0.43840
ENSG00000186010,NDUFA13,1719,0.58879,399,-1.7696,701,-1.0328,985,-0.3606,2036,1.17500
ENSG00000105220,GPI,15,-5.2019,183,-1.5461,272,-1.0625,1573,2.37404,538,0.21622
ENSG00000126267,COX6B1,760,0.02006,921,0.35041,695,-0.1541,351,-1.2195,917,0.42233
ENSG00000105290,APLP1,15,-5.7316,1116,0.82877,405,-1.0072,36,-4.4610,1454,1.87678
ENSG00000105270,CLIP3,737,0.04233,241,-1.7243,676,-0.1216,209,-1.9405,1245,1.29342
ENSG00000161281,COX7A1,15,-5.1883,207,-1.3412,469,-0.0442,141,-1.9249,1028,1.98052
ENSG00000105223,PLD3,154,-2.7342,1187,0.47297,711,-0.4610,447,-1.1284,1554,1.27405
ENSG00000105372,RPS19,4841,2.84528,293,-2.2842,444,-1.8482,1801,0.60986,529,-1.5639
ENSG00000130203,APOE,15,-7.4014,4949,1.48593,4244,1.58765,1002,-1.2738,547,-2.4019
ENSG00000125743,SNRPD2,83,-3.0335,369,-0.7796,356,-0.9568,570,-0.0741,1218,1.81142
ENSG00000160014,CALM3,2103,-0.2508,1270,-1.0567,1597,-0.8021,3701,0.72657,3426,0.73815
ENSG00000130748,TMEM160,15,-5.3390,20,-4.9422,453,-0.3144,737,0.56564,1023,1.60711
ENSG00000178980,SELENOW,3289,-0.1456,4894,0.53770,4215,0.33604,3398,-0.0913,2556,-0.6470
ENSG00000063177,RPL18,15,-6.2319,1711,0.98250,1385,0.74244,1427,0.64394,492,-1.2670
ENSG00000063180,CA11,15,-5.5422,302,-1.1322,743,0.40834,384,-0.7570,1048,1.25981
ENSG00000087086,FTL,16888,2.65951,3595,-0.4430,4710,0.00291,857,-2.6400,1081,-2.5077
ENSG00000104888,SLC17A7,15,-6.5683,927,-0.4868,612,-1.2918,1626,0.45997,2464,1.69932
ENSG00000142541,RPL13A,584,-0.6835,1084,0.34320,1076,0.40691,407,-1.2480,992,0.23007
ENSG00000142534,RPS11,1700,0.39995,519,-1.5155,1117,-0.3652,2521,1.13018,1228,-0.1841
ENSG00000105568,PPP2R1A,15,-6.3896,135,-3.2191,1029,-0.1332,2528,1.55028,1484,0.64724
ENSG00000170906,NDUFA3,459,-1.7307,1465,0.11000,1158,-0.3326,1067,-0.4157,2151,1.01846
ENSG00000170889,RPS9,582,0.14679,231,-1.3375,949,1.36525,528,-0.0201,250,-1.3740
ENSG00000167614,TTYH1,15,-5.8353,1436,1.17051,1253,1.18309,336,-1.2872,485,-0.8231
ENSG00000108107,RPL28,5479,2.84533,649,-1.2709,943,-0.7912,668,-1.2254,684,-1.3439
ENSG00000083845,RPS5,15,-5.4335,812,0.61789,581,0.04166,159,-2.0026,918,1.09586
ENSG00000130725,UBE2M,15,-5.1741,380,-0.3700,349,-0.5894,857,1.05929,687,0.81695
ENSG00000088832,FKBP1A,15,-5.3738,306,-0.9309,414,-0.5259,1979,2.69592,341,-0.8757
ENSG00000198053,SIRPA,15,-5.5684,308,-1.1342,842,0.65001,1025,0.87817,668,0.13917
ENSG00000171867,PRNP,759,-0.9792,1287,-0.1311,1524,0.18634,2262,0.85880,1194,-0.3011
ENSG00000132639,SNAP25,1423,-1.2687,983,-1.8326,2108,-0.7540,5235,0.90632,5068,1.09564
ENSG00000125868,DSTN,15,-5.2100,158,-1.7747,303,-0.8855,957,1.22723,836,1.26663
ENSG00000125814,NAPB,154,-2.8312,278,-1.9528,552,-1.0309,2078,1.41526,1568,1.11618
ENSG00000101439,CST3,101750,3.79860,2572,-3.2120,14810,-0.6475,890,-4.7588,5394,-2.3217
ENSG00000125971,DYNLRB1,15,-5.4750,462,-0.3866,539,-0.1617,1172,1.26762,682,0.32257
ENSG00000260032,NORAD,616,-1.6923,1250,-0.5921,1326,-0.5797,4284,1.63481,1879,0.09420
ENSG00000132824,SERINC3,65,-3.9564,1290,0.65755,394,-1.4573,1971,1.48442,1041,0.33938
ENSG00000166913,YWHAB,15,-5.9575,1065,0.46094,714,-0.2607,981,0.31593,1109,0.66810
ENSG00000087460,GNAS,2382,-0.7321,4558,0.34268,2193,-0.9872,1652,-1.3036,6573,1.34035
ENSG00000124172,ATP5F1E,15,-6.9624,2818,0.96838,1370,-0.3477,1050,-0.7239,2417,0.86779
ENSG00000171858,RPS21,2941,1.01164,926,-0.9543,1998,0.37601,753,-1.2757,1538,-0.1634
ENSG00000101210,EEF1A2,15,-6.5668,1361,0.15427,740,-0.9637,846,-0.6287,2498,1.75390
ENSG00000125534,PPDPF,15,-7.0534,2818,0.78912,500,-2.2129,3152,1.00076,2808,1.00684
ENSG00000197457,STMN3,15,-5.0665,459,0.06774,477,0.15918,801,1.07120,429,-0.0533
ENSG00000154723,ATP5PF,1014,0.65595,407,-0.8701,485,-0.6868,442,-0.7400,1021,0.84848
ENSG00000142192,APP,487,-2.0434,995,-0.9512,400,-2.5527,6122,2.51479,2071,0.30102
ENSG00000142168,SOD1,15,-5.6848,488,-0.5349,607,-0.2131,1147,0.94027,935,0.70537
ENSG00000160307,S100B,676,-1.7734,6831,2.40853,2034,-0.0429,1489,-0.5478,742,-1.8155
ENSG00000131100,ATP6V1E1,15,-5.3244,544,0.05596,301,-1.0332,1185,1.50737,669,0.51189
ENSG00000250479,CHCHD10,15,-5.8949,146,-2.6046,552,-0.6656,68,-3.7141,2074,2.95823
ENSG00000240972,MIF,3693,1.24618,1181,-0.7418,931,-1.2631,2191,0.27830,2053,0.20148
ENSG00000182944,EWSR1,15,-5.5716,501,-0.3669,261,-1.5606,1663,1.87604,839,0.63452
ENSG00000184076,UQCR10,199,-2.3224,1406,0.81624,955,0.15530,693,-0.4048,994,0.24025
ENSG00000128245,YWHAH,1495,-0.9494,847,-1.8222,839,-2.0315,7094,1.85889,3856,0.79475
ENSG00000183741,CBX6,277,-1.2816,766,0.37202,545,-0.2448,1151,1.12406,517,-0.3443
ENSG00000100316,RPL3,2725,1.02718,2037,0.48887,1462,-0.0973,356,-2.2810,1352,-0.2508
ENSG00000100412,ACO2,15,-5.5991,494,-0.4219,910,0.78318,182,-1.9643,976,0.95798
ENSG00000169100,SLC25A6,15,-5.0859,12,-5.3277,855,1.59076,8,-5.9761,691,0.98507
ENSG00000205542,TMSB4X,3644,-0.4738,3718,-0.4414,4528,-0.1403,6125,0.39827,5733,0.34671
ENSG00000046653,GPM6B,5069,1.27121,1218,-1.1704,1394,-1.0933,4945,1.22135,1824,-0.6205
ENSG00000156298,TSPAN7,1801,0.25923,1215,-0.3988,822,-1.1600,2204,0.61650,1983,0.53011
ENSG00000008056,SYN1,15,-5.6696,524,-0.4048,791,0.34702,741,0.16996,914,0.67546
ENSG00000102109,PCSK1N,15,-6.7811,3761,1.83269,672,-1.3804,335,-2.2795,2320,1.08827
ENSG00000102003,SYP,15,-6.1178,484,-1.0206,481,-1.1721,2120,1.57632,1401,0.96781
ENSG00000256045,MTRNR2L10,15,-4.9465,996,1.69257,566,0.72733,43,-3.4342,328,-0.4137
ENSG00000198034,RPS4X,6504,3.25480,516,-1.6996,590,-1.6734,772,-1.0837,809,-1.1487
ENSG00000131174,COX7B,15,-5.4336,237,-1.3924,421,-0.5757,986,0.98290,949,1.18960
ENSG00000186310,NAP1L3,15,-5.7254,672,-0.0559,40,-4.5659,2104,2.19386,996,0.79349
ENSG00000241343,RPL36A,15,-5.2614,667,0.48480,528,0.09568,498,-0.0185,645,0.52818
ENSG00000133169,BEX1,15,-5.8242,179,-2.2248,275,-1.7556,262,-1.6525,2099,3.38022
ENSG00000133134,BEX2,15,-5.5179,7,-6.5009,300,-1.2671,337,-0.9376,1628,3.08137
ENSG00000166681,BEX3,6021,2.91760,485,-1.8259,955,-0.8971,801,-1.0569,792,-1.2177
ENSG00000123562,MORF4L2,572,-0.3604,310,-1.3253,231,-1.9660,2021,2.03604,806,0.25990
ENSG00000123560,PLP1,479,-2.4608,13077,4.59558,385,-3.0116,1291,-0.9560,351,-3.1516
ENSG00000198918,RPL39,15,-6.4352,1606,0.59937,1564,0.69324,131,-3.3121,1542,0.65972
ENSG00000125356,NDUFA1,15,-6.4766,635,-0.9879,735,-0.8707,430,-1.5863,2821,2.46646
ENSG00000010404,IDS,3374,0.81921,3170,0.70347,1614,-0.5255,2687,0.40651,1194,-1.0608
ENSG00000147403,RPL10,15,-5.4256,1109,1.22366,1019,1.40848,148,-2.0944,323,-1.0341
ENSG00000203879,GDI1,15,-6.5398,224,-2.6240,1256,0.05832,2783,1.53484,1505,0.44274
ENSG00000198888,MT-ND1,16798,-0.9468,35303,0.26904,43986,0.83704,13440,-1.2933,28786,-0.0929
ENSG00000198763,MT-ND2,9718,-1.4817,24744,0.00626,43288,1.33167,11109,-1.2763,20210,-0.3870
ENSG00000198804,MT-CO1,30865,-1.1438,64584,0.04534,98859,1.02809,26040,-1.4060,60445,-0.0788
ENSG00000198712,MT-CO2,9004,-2.5496,66357,0.62045,63402,0.67517,29425,-0.7450,46871,0.01713
ENSG00000228253,MT-ATP8,15,-5.7799,529,-0.5106,1816,2.67970,256,-1.6409,308,-1.5229
ENSG00000198899,MT-ATP6,9481,-1.8010,16201,-0.9783,47020,1.04830,29887,0.01205,29055,-0.0424
ENSG00000198938,MT-CO3,21738,-1.1948,38778,-0.2750,73938,1.10015,22029,-1.1742,44950,-0.0359
ENSG00000198840,MT-ND3,27016,0.64560,21348,0.22903,22080,0.35241,6913,-1.5764,15597,-0.3505
ENSG00000212907,MT-ND4L,2936,1.07627,1157,-0.5446,2783,1.28177,132,-3.8093,748,-1.3873
ENSG00000198886,MT-ND4,30041,-0.2615,37490,0.10866,42810,0.41546,18959,-0.9977,37000,0.10419
ENSG00000198786,MT-ND5,2453,-1.1563,8722,0.97925,7825,0.99603,3129,-0.7753,2656,-1.1736
ENSG00000198695,MT-ND6,15,-6.0124,284,-1.7269,1283,0.92609,1315,0.76990,880,0.07441
ENSG00000198727,MT-CYB,31480,0.10746,40382,0.54187,33947,0.28913,18311,-0.7787,24368,-0.3755
