"sample_id","subjects","regions","sex","age","diagnosis"
"V13B23-381_D1","Br2720","na","F",48.23,"NTC"
"V13B23-380_C1","Br1092","na","M",48.95,"NTC"
"V13B23-302_C1","Br1204","na","M",27.48,"NTC"
"V13B23-380_D1","Br5367","na","F",31.31,"NTC"
"V13B23-311_A1","Br5395","na","M",51.61,"NTC"
"V13Y10-022_D1","Br5400","na","F",52.69,"NTC"
"V13B23-311_B1","Br6297","na","F",36.67,"NTC"
"V13B23-342_A1","Br1113","na","F",51.91,"NTC"
"V13B23-310_A1","Br5472","na","M",49.23,"NTC"
"V13B23-342_B1","Br5558","na","M",24.21,"NTC"
"V13B23-343_D1","Br6279","na","M",37.15,"NTC"
"V13B23-308_D1","Br6432","na","M",48.88,"NTC"
"V13B23-330_B1","Br8042","na","F",54.28,"NTC"
"V13B23-332_B1","Br5276","na","M",59.86,"NTC"
"V13F27-338_B1","Br5314","na","F",48.69,"NTC"
"V13B23-334_D1","Br5436","na","M",50.17,"NTC"
"V13B23-343_C1","Br8325","na","F",57.62,"NTC"
"V13B23-279_B1","Br8433","na","M",47.95,"NTC"
"V13B23-327_C1","Br8492","na","F",53.4,"NTC"
"V13Y10-021_D1","Br5280","na","F",50.42,"NTC"
"V13B23-404_C1","Br2726","na","M",29.65,"MDD"
"V13B23-302_A1","Br2761","na","M",43.2,"MDD"
"V13Y10-023_D1","Br3893","na","F",54.15,"MDD"
"V13B23-382_C1","Br3998","na","M",56.27,"MDD"
"V13B23-301_C1","Br5137","na","F",53.48,"MDD"
"V13B23-380_A1","Br5366","na","M",53.08,"MDD"
"V13B23-330_A1","Br2371","na","M",23.22,"NTC"
"V13B23-403_D1","Br2765","na","F",63.22,"NTC"
"V13B23-329_C1","Br5831","na","M",36.03,"MDD"
"V13B23-301_D1","Br5834","na","M",21.21,"MDD"
"V13B23-382_D1","Br6424","na","F",23.07,"MDD"
"V13Y10-022_C1","Br5599","na","M",55.88,"NTC"
"V13Y10-021_C1","Br5639","na","M",54.26,"NTC"
"V13F27-348_B1","Br5993","na","F",48.16,"NTC"
"V13F27-338_A1","Br6529","na","M",56.07,"NTC"
"V13B23-352_A1","Br5448","na","M",49.85,"MDD"
"V13B23-380_B1","Br5454","na","F",34.77,"MDD"
"V13B23-310_C1","Br5600","na","M",52.44,"MDD"
"V13B23-343_A1","Br5666","na","F",48.46,"MDD"
"V13B23-309_D1","Br5673","na","M",51.47,"MDD"
"V13Y10-021_B1","Br5760","na","F",52.08,"MDD"
"V13B23-282_B1","Br5840","na","F",45.66,"MDD"
"V13B23-333_A1","Br5958","na","F",31.57,"MDD"
"V13B23-404_A1","Br5156","na","M",29.66,"BPD"
"V13B23-327_B1","Br5249","na","M",48.37,"BPD"
"V13B23-342_C1","Br5266","na","F",56.39,"BPD"
"V13B23-339_D1","Br5272","na","M",41.16,"BPD"
"V13B23-342_D1","Br5288","na","M",34.94,"BPD"
"V13B23-381_B1","Br5312","na","F",45.53,"BPD"
"V13B23-311_D1","Br5392","na","F",51.95,"BPD"
"V13B23-382_A1","Br5437","na","M",51.88,"BPD"
"V13B23-329_A1","Br5572","na","M",24.68,"NTC"
"V13B23-310_B1","Br5622","na","F",23.16,"NTC"
"V13B23-327_D1","Br6197","na","M",28.56,"NTC"
"V13F27-348_A1","Br6436","na","M",58.43,"NTC"
"V13B23-381_C1","Br6471","na","M",55.46,"NTC"
"V13B23-308_C1","Br6588","na","F",27.35,"NTC"
"V13Y10-023_C1","Br5694","na","M",59.94,"MDD"
"V13B23-328_C1","Br5861","na","F",58.66,"MDD"
"V13F27-338_D1","Br5902","na","F",47.52,"MDD"
"V13B23-334_B1","Br5910","na","M",52.92,"MDD"
"V13B23-352_B1","Br6021","na","F",27.16,"MDD"
"V13B23-334_A1","Br6114","na","F",41.25,"MDD"
"V13B23-332_D1","Br3881","na","M",59.08,"BPD"
"V13B23-381_A1","Br5440","na","M",52.93,"BPD"
"V13B23-339_C1","Br5451","na","F",45.61,"BPD"
"V13B23-352_C1","Br5477","na","M",53.89,"BPD"
"V13B23-309_A1","Br5481","na","F",20.52,"BPD"
"V13B23-311_C1","Br5589","na","M",45.73,"BPD"
"V13B23-327_A1","Br5594","na","F",52.44,"BPD"
"V13B23-328_A1","Br5617","na","F",47.89,"BPD"
"V13B23-333_B1","Br6203","na","M",53.91,"MDD"
"V13B23-404_D1","Br6238","na","F",55.87,"MDD"
"V13B23-329_D1","Br6256","na","F",51.19,"MDD"
"V13B23-328_D1","Br6320","na","M",47.33,"MDD"
"V13B23-340_C1","Br6450","na","F",43.58,"MDD"
"V13B23-352_D1","Br5623","na","F",55.28,"BPD"
"V13B23-308_A1","Br5753","na","F",26.26,"BPD"
"V13Y10-022_A1","Br5799","na","M",57.09,"BPD"
"V13B23-403_A1","Br5803","na","M",24.15,"BPD"
"V13B23-330_D1","Br5856","na","F",56.99,"BPD"
"V13F27-348_C1","Br5916","na","M",46.49,"BPD"
"V13B23-404_B1","Br5920","na","F",52.48,"BPD"
"V13B23-309_B1","Br5939","na","M",55.91,"BPD"
"V13B23-333_C1","Br5960","na","F",35.3,"BPD"
"V13B23-310_D1","Br8158","na","F",36.76,"MDD"
"V13B23-302_B1","Br8210","na","F",46.85,"MDD"
"V13B23-282_A1","Br8221","na","M",49.88,"MDD"
"V13B23-283_B1","Br8237","na","F",46.53,"MDD"
"V13B23-343_B1","Br6499","na","M",46.47,"MDD"
"V13B23-339_B1","Br8104","na","M",49.93,"MDD"
"V13B23-309_C1","Br8127","na","F",41.07,"MDD"
"V13B23-279_C1","Br8136","na","F",33.01,"MDD"
"V13B23-332_C1","Br6000","na","F",39.23,"BPD"
"V13Y10-023_B1","Br6016","na","F",33.09,"BPD"
"V13Y10-022_B1","Br6126","na","F",34.53,"BPD"
"V13B23-301_B1","Br6148","na","M",30.2,"BPD"
"V13Y10-023_A1","Br6192","na","M",47.13,"BPD"
"V13B23-282_C1","Br6231","na","M",50.84,"BPD"
"V13B23-340_D1","Br8404","na","M",28.26,"MDD"
"V13B23-403_B1","Br6316","na","F",47.18,"BPD"
"V13B23-301_A1","Br6344","na","F",54.67,"BPD"
"V13B23-282_D1","Br6366","na","F",36.63,"BPD"
"V13B23-308_B1","Br6413","na","M",49.54,"BPD"
"V13B23-330_C1","Br6382","na","M",20.61,"BPD"
"V13Y10-021_A1","Br8600","na","M",55.63,"MDD"
"V13B23-279_D1","Br8677","na","M",39.44,"MDD"
"V13B23-333_D1","Br6489","na","M",45.08,"BPD"
"V13F27-348_D1","Br8092","na","F",33.17,"BPD"
"V13B23-382_B1","Br8134","na","F",37.54,"BPD"
"V13B23-328_B1","Br8485","na","M",35,"BPD"
"V13B23-302_D1","Br5228","na","F",57.83,"NTC"
"V13B23-340_B1","Br8218","na","M",29.21,"NTC"
"V13B23-334_C1","Br8665","na","F",20.19,"NTC"
"V13B23-332_A1","Br8667","na","F",37.33,"NTC"
"V13B23-340_A1","Br8741","na","F",28.19,"NTC"
"V13B23-329_B1","Br8073","na","F",51.13,"NTC"
"V13B23-279_A1","Br8100","na","F",30.29,"NTC"
"V13B23-403_C1","Br2701","na","M",30.64,"NTC"
