"condition","sex","seurat_label","n_samples","min_nspots","med_nspots","max_nspots"
"NTC","F","Micro.Vasc",18,69,152,247
"NTC","M","Micro.Vasc",20,35,177,290
"MDD","F","Micro.Vasc",20,56,207,366
"MDD","M","Micro.Vasc",17,94,176,310
"BPD","F","Micro.Vasc",20,88,173.5,305
"BPD","M","Micro.Vasc",19,81,179,296
"NTC","F","Astro",20,549,921,1292
"NTC","M","Astro",20,440,920.5,1340
"MDD","F","Astro",20,769,955.5,1226
"MDD","M","Astro",19,733,977,1116
"BPD","F","Astro",20,788,988,1162
"BPD","M","Astro",20,685,960.5,1181
"NTC","F","L2.3",20,460,740.5,1349
"NTC","M","L2.3",20,423,823.5,1137
"MDD","F","L2.3",20,503,792,1017
"MDD","M","L2.3",19,538,824,1179
"BPD","F","L2.3",20,574,896,1207
"BPD","M","L2.3",20,576,845.5,1298
"NTC","F","L4",20,185,303,573
"NTC","M","L4",20,149,312.5,511
"MDD","F","L4",20,180,290.5,450
"MDD","M","L4",19,210,343,406
"BPD","F","L4",20,230,294.5,423
"BPD","M","L4",20,166,313,447
"NTC","F","L5",20,289,606.5,1053
"NTC","M","L5",20,296,588.5,922
"MDD","F","L5",20,360,661,1400
"MDD","M","L5",19,457,627,988
"BPD","F","L5",20,414,658.5,931
"BPD","M","L5",20,475,732,952
"NTC","F","L6",20,222,582,1762
"NTC","M","L6",20,482,633,859
"MDD","F","L6",20,160,686.5,1403
"MDD","M","L6",19,234,668,923
"BPD","F","L6",20,278,637.5,1252
"BPD","M","L6",20,401,666,1004
"NTC","F","Oligo",18,17,213.5,659
"NTC","M","Oligo",18,20,239.5,825
"MDD","F","Oligo",17,11,282,1093
"MDD","M","Oligo",18,15,289.5,966
"BPD","F","Oligo",19,33,222,803
"BPD","M","Oligo",20,17,269,1092
"NTC","F","Inhb",20,279,401,559
"NTC","M","Inhb",20,217,429,531
"MDD","F","Inhb",20,320,390.5,520
"MDD","M","Inhb",19,287,419,486
"BPD","F","Inhb",20,302,430,498
"BPD","M","Inhb",20,303,426.5,494
