Feature ID,Feature Name,Feature count topic 1,Feature log2 fold change topic 1,Feature count topic 2to4,Feature log2 fold change topic 2to4,Feature count topic 5,Feature log2 fold change topic 5,Feature count topic 6to8,Feature log2 fold change topic 6to8
ENSG00000175756,AURKAIP1,315,-0.6158,248,-1.2491,1479,2.21749,387,-0.3904
ENSG00000160075,SSU72,295,-0.0750,364,0.39967,88,-1.9523,332,0.17100
ENSG00000078369,GNB1,172,-2.0466,509,-0.5151,1148,0.99883,773,0.44048
ENSG00000187730,GABRD,20,-4.4155,309,-0.4620,4,-6.4592,702,1.87992
ENSG00000067606,PRKCZ,356,0.19084,347,0.21248,97,-1.8422,348,0.22011
ENSG00000069424,KCNAB2,7,-5.7603,465,0.51958,735,1.16964,293,-0.5424
ENSG00000116251,RPL22,1260,0.72666,900,0.21092,504,-0.7843,708,-0.3348
ENSG00000097021,ACOT7,51,-3.5353,181,-2.0125,1756,2.32735,617,0.39370
ENSG00000171735,CAMTA1,95,-2.0038,536,1.20639,8,-5.6114,352,0.04328
ENSG00000116288,PARK7,485,-0.6783,394,-1.2678,317,-1.3374,1314,1.72666
ENSG00000074800,ENO1,903,-0.1984,1069,0.11030,1081,0.09769,988,-0.0706
ENSG00000171603,CLSTN1,210,-2.8220,1129,-0.3613,1301,-0.0364,1915,0.96586
ENSG00000116661,FBXO2,339,0.11625,214,-0.8181,298,-0.0961,416,0.70306
ENSG00000142634,EFHD2,550,0.48259,197,-1.4575,551,0.48417,538,0.66632
ENSG00000173436,MICOS10,345,-1.8049,1990,1.82222,468,-1.3431,667,-1.0246
ENSG00000158747,NBL1,57,-2.7606,321,-0.1756,111,-1.7714,549,1.27562
ENSG00000162545,CAMK2N1,320,-2.4623,2484,1.24670,939,-0.8366,1325,-0.3955
ENSG00000158828,PINK1,419,-1.3545,562,-1.1511,1156,0.25724,1555,1.25346
ENSG00000070831,CDC42,659,-0.0422,294,-1.6213,1531,1.46549,779,0.34253
ENSG00000142676,RPL11,3360,1.64869,1228,-0.2240,1365,0.00883,816,-1.0422
ENSG00000057757,PITHD1,295,-0.6785,155,-2.0105,999,1.42645,613,0.80047
ENSG00000117632,STMN1,1777,-0.8718,2362,-0.5642,3742,0.33231,3981,0.65904
ENSG00000142669,SH3BGRL3,380,-0.4335,283,-1.1429,1242,1.66746,502,0.02179
ENSG00000198830,HMGN2,601,-0.1734,174,-2.4701,2837,2.98245,463,-0.7753
ENSG00000130770,ATP5IF1,401,-1.1048,907,0.28651,48,-4.2437,1090,0.78116
ENSG00000121753,ADGRB2,83,-2.0091,344,0.30276,189,-0.7559,374,0.51964
ENSG00000175130,MARCKSL1,2735,2.57199,466,-0.9641,1045,0.57552,258,-2.0059
ENSG00000121905,HPCA,1,-8.2487,421,0.00843,97,-2.2617,666,1.28734
ENSG00000134686,PHC2,1143,1.43932,258,-1.3610,1072,1.31154,368,-0.7005
ENSG00000020129,NCDN,95,-3.7010,869,-0.5107,2121,1.15214,1325,0.45807
ENSG00000116871,MAP7D1,644,1.39792,139,-1.4714,177,-0.8105,371,0.58272
ENSG00000197982,C1orf122,1049,1.41896,384,-0.4578,399,-0.2798,397,-0.3885
ENSG00000168653,NDUFS5,828,-0.5998,1400,0.36957,1351,0.19370,1079,-0.2409
ENSG00000117410,ATP6V0B,463,-0.5561,393,-1.0429,85,-3.0990,1167,1.75552
ENSG00000142937,RPS8,2471,1.13492,1443,0.26178,564,-1.3087,994,-0.5668
ENSG00000117450,PRDX1,1051,0.95367,426,-0.7426,919,0.71200,533,-0.2866
ENSG00000173660,UQCRH,337,-1.6451,1093,0.30042,369,-1.5061,1243,0.64177
ENSG00000123091,RNF11,206,-1.2171,378,-0.3573,266,-0.8199,650,1.01641
ENSG00000085832,EPS15,455,0.15197,195,-1.4898,443,0.10483,614,1.04876
ENSG00000116209,TMEM59,836,1.40922,271,-0.7128,579,0.72083,269,-0.7244
ENSG00000116675,DNAJC6,273,-1.0913,343,-0.9503,1007,1.07576,680,0.55668
ENSG00000172260,NEGR1,16,-4.3516,469,1.30405,5,-5.8535,309,0.11320
ENSG00000154027,AK5,235,-1.3665,301,-1.2517,1147,1.26454,734,0.68350
ENSG00000142875,PRKACB,69,-3.3087,293,-1.4487,135,-2.3219,1266,2.54467
ENSG00000153904,DDAH1,223,-0.6803,369,0.18175,265,-0.4115,379,0.24883
ENSG00000143013,LMO4,1,-9.2568,1301,1.18529,14,-6.0708,948,0.27470
ENSG00000122406,RPL5,1413,0.55144,780,-0.5786,1690,0.87023,906,-0.2638
ENSG00000117525,F3,81,-3.8539,443,-1.6579,5867,4.06486,347,-2.0654
ENSG00000031698,SARS,1163,0.12177,555,-1.3300,774,-0.5385,1681,1.22191
ENSG00000009307,CSDE1,306,-0.6809,217,-1.5084,780,0.88286,667,0.94225
ENSG00000163399,ATP1A1,1499,-0.4621,993,-1.3847,744,-1.5453,3576,1.77530
ENSG00000198162,MAN1A2,9,-5.3696,644,1.82316,53,-2.8956,282,-0.4997
ENSG00000159164,SV2A,1,-7.6453,335,0.33045,128,-1.3019,401,0.82066
ENSG00000266472,MRPS21,71,-2.8106,399,-0.2479,213,-1.1639,695,1.22904
ENSG00000143420,ENSA,106,-2.5141,511,-0.1451,558,0.04151,720,0.71205
ENSG00000213190,MLLT11,51,-4.3597,472,-1.3387,1343,0.63824,1525,1.43987
ENSG00000159377,PSMB4,176,-1.1285,246,-0.7960,627,0.96630,444,0.52681
ENSG00000197956,S100A6,1041,0.97974,638,0.17579,139,-2.2407,548,-0.1758
ENSG00000177954,RPS27,1141,0.67599,1017,0.72005,620,-0.3454,442,-1.1226
ENSG00000143549,TPM3,234,-0.7179,421,0.33974,321,-0.2097,369,0.02178
ENSG00000132718,SYT11,928,0.09854,814,-0.1625,1493,0.92488,711,-0.4512
ENSG00000160781,PAQR6,4247,3.57198,279,-2.0771,1577,1.09487,27,-5.5984
ENSG00000125462,C1orf61,1301,0.28234,1648,1.09966,1459,0.47844,361,-2.0907
ENSG00000018625,ATP1A2,588,-0.2888,899,0.62528,1149,0.84913,393,-1.1747
ENSG00000162734,PEA15,863,0.36379,787,0.30184,676,-0.0453,552,-0.4995
ENSG00000143256,PFDN2,950,1.28654,342,-0.6299,184,-1.4320,504,0.22316
ENSG00000117152,RGS4,1,-8.4397,339,-0.7752,146,-1.8764,918,1.97704
ENSG00000143198,MGST3,885,-0.5824,724,-1.1434,2036,0.80946,1691,0.73168
ENSG00000143158,MPC2,30,-3.8936,291,-0.6667,357,-0.1766,641,1.34593
ENSG00000143153,ATP1B1,1166,-2.4523,817,-3.4094,4839,-0.2764,12471,2.88210
ENSG00000143156,NME7,47,-5.1734,36,-6.0299,681,-1.2437,3714,4.47026
ENSG00000116161,CACYBP,116,-2.2845,277,-1.2272,890,0.96820,746,1.02111
ENSG00000135821,GLUL,6745,1.82086,1928,-0.5708,5697,1.46852,627,-2.5397
ENSG00000159176,CSRP1,2111,2.53089,389,-0.8439,1117,1.13858,90,-3.2855
ENSG00000058668,ATP2B4,247,-0.7404,109,-2.3562,1349,2.39707,405,0.07315
ENSG00000069275,NUCKS1,905,0.26800,638,-0.4165,225,-1.9158,1042,0.77519
ENSG00000117691,NENF,1383,1.30499,574,-0.3172,220,-1.7175,658,-0.0157
ENSG00000143742,SRP9,278,-0.8832,410,-0.3628,1209,1.66868,384,-0.5015
ENSG00000163041,H3F3A,1492,1.11513,1075,0.80070,280,-1.6202,438,-1.1899
ENSG00000143761,ARF1,213,-1.5540,473,-0.4315,259,-1.2582,906,1.25819
ENSG00000143774,GUK1,2050,0.30740,1258,-0.6511,2252,0.46829,1858,0.20174
ENSG00000168159,RNF187,172,-1.9597,915,1.10121,340,-0.9308,540,-0.2711
ENSG00000116906,GNPAT,955,0.53020,291,-1.6910,1210,0.95296,848,0.48028
ENSG00000173726,TOMM20,288,-0.9613,323,-1.0111,344,-0.6886,874,1.44832
ENSG00000179456,ZBTB18,43,-3.5333,176,-1.7756,8,-5.8773,992,3.08972
ENSG00000153187,HNRNPU,675,0.29102,289,-1.3446,1369,1.59652,542,-0.1029
ENSG00000171863,RPS7,1405,0.19277,1555,0.54014,1650,0.46561,764,-1.0150
ENSG00000119185,ITGB1BP1,215,-1.0180,221,-1.2359,221,-0.9738,722,1.71500
ENSG00000134308,YWHAQ,1094,1.21239,418,-0.5890,590,0.11714,486,-0.2716
ENSG00000115756,HPCAL1,39,-3.7367,999,2.76016,336,-0.5286,120,-2.4861
ENSG00000163032,VSNL1,7,-8.2176,1483,-0.6887,390,-2.5509,3851,1.99012
ENSG00000143878,RHOB,2105,1.03383,675,-1.1064,1547,0.48224,1207,0.08804
ENSG00000115128,SF3B6,2384,1.56110,394,-1.7959,1987,1.20110,827,-0.4248
ENSG00000084731,KIF3C,107,-3.1878,536,-0.9994,1902,1.39415,1116,0.62579
ENSG00000228474,OST4,383,-0.0466,477,0.47235,85,-2.3600,417,0.13484
ENSG00000243147,MRPL33,191,-0.6958,330,0.26178,4,-6.1839,393,0.72889
ENSG00000213639,PPP1CB,657,-0.8431,274,-2.5561,1117,0.00627,2102,2.01606
ENSG00000119801,YPEL5,203,-0.9825,157,-1.6889,61,-2.7830,760,2.36341
ENSG00000115944,COX7A2L,100,-2.5569,151,-2.3208,851,0.81749,942,1.74534
ENSG00000138078,PREPL,164,-2.7549,492,-1.3855,1434,0.63134,1613,1.39035
ENSG00000143933,CALM2,1546,-1.1926,2766,-0.3796,3325,0.01928,4374,0.73166
ENSG00000179915,NRXN1,8,-6.2239,506,-0.3291,576,-0.0307,864,1.03917
ENSG00000115306,SPTBN1,1581,0.05121,604,-1.7903,2755,1.02065,2037,0.72852
ENSG00000115310,RTN4,933,-0.7865,1231,-0.4669,877,-0.8825,2233,1.02008
ENSG00000143947,RPS27A,3685,1.34299,1950,0.28460,818,-1.1853,1166,-0.8276
ENSG00000163001,CFAP36,289,-0.8296,321,-0.8631,89,-2.6060,849,1.65959
ENSG00000014641,MDH1,119,-3.7222,1008,-0.6917,1029,-0.4933,2332,1.48201
ENSG00000138069,RAB1A,129,-1.7256,197,-1.3570,780,1.21951,541,0.84777
ENSG00000138071,ACTR2,211,-0.7499,386,0.32425,116,-1.6711,405,0.44633
ENSG00000221823,PPP3R1,36,-2.9665,252,0.00065,9,-4.9805,406,1.33661
ENSG00000169564,PCBP1,303,-0.7768,652,0.71493,387,-0.3920,432,-0.2933
ENSG00000204843,DCTN1,273,-0.8922,444,-0.1646,834,0.96633,460,-0.0826
ENSG00000034510,TMSB10,2050,-1.1585,3085,-0.6872,6044,0.59300,5581,0.68563
ENSG00000084090,STARD7,251,-1.5900,178,-2.4896,1837,1.79292,975,0.89330
ENSG00000135940,COX5B,1117,-0.5242,1888,0.49446,345,-2.3127,1746,0.29269
ENSG00000071082,RPL31,841,-0.2168,1125,0.38483,296,-1.8323,1057,0.22786
ENSG00000175874,CREG2,1,-7.8710,470,0.99546,174,-0.9852,334,0.07589
ENSG00000155368,DBI,1318,1.42506,734,0.52596,844,0.59695,129,-2.7561
ENSG00000136717,BIN1,1406,1.81430,345,-0.8740,635,0.31769,375,-0.7139
ENSG00000152082,MZT2B,885,-0.2457,1286,0.55512,692,-0.6367,932,-0.2212
ENSG00000173272,MZT2A,334,-0.4710,373,-0.3963,883,1.20014,412,-0.1794
ENSG00000168280,KIF5C,250,-0.6713,354,-0.1601,224,-0.8418,501,0.70524
ENSG00000136531,SCN2A,25,-3.5822,353,0.63305,349,0.40250,254,-0.1727
ENSG00000128656,CHN1,23,-6.5641,1443,-0.6130,1937,0.01324,3027,1.26642
ENSG00000154518,ATP5MC3,300,-1.9152,1620,1.26011,296,-1.9382,928,-0.2335
ENSG00000170144,HNRNPA3,311,-0.2539,161,-1.5881,445,0.33409,558,1.16748
ENSG00000061676,NCKAP1,75,-2.3396,434,0.57191,286,-0.3013,365,0.13538
ENSG00000144369,FAM171B,2,-7.9254,276,-1.0533,1194,1.73736,558,0.46203
ENSG00000151690,MFSD6,1012,0.95022,328,-1.1674,678,0.24753,667,0.31775
ENSG00000115419,GLS,105,-2.2080,243,-1.1879,893,1.25851,592,0.77636
ENSG00000196950,SLC39A10,1,-7.6421,289,0.10768,15,-4.3207,441,1.31914
ENSG00000115541,HSPE1,917,1.31306,407,-0.1604,33,-3.8920,442,0.02571
ENSG00000119013,NDUFB3,195,-1.4108,455,-0.1212,888,1.07491,463,-0.0795
ENSG00000138443,ABI2,127,-1.4823,346,0.13603,15,-4.5884,478,1.01545
ENSG00000114942,EEF1B2,588,0.40145,280,-1.0333,823,0.99852,485,0.10692
ENSG00000078018,MAP2,16,-5.7012,1254,1.49723,547,-0.5048,552,-0.6470
ENSG00000115365,LANCL1,911,1.04046,265,-1.2769,318,-0.7305,662,0.70902
ENSG00000197756,RPL37A,1799,0.47749,1811,0.74284,930,-0.6066,894,-0.8688
ENSG00000163466,ARPC2,101,-1.9105,307,-0.2647,265,-0.4316,493,0.93671
ENSG00000144567,RETREG2,208,-1.1876,362,-0.4345,200,-1.2516,680,1.18445
ENSG00000127824,TUBA4A,1,-8.5683,624,0.42890,700,0.48930,539,0.06589
ENSG00000135924,DNAJB2,881,1.72504,220,-0.9194,567,0.86605,212,-0.9916
ENSG00000054356,PTPRN,1,-7.9223,271,-0.4806,4,-6.3237,629,1.93836
ENSG00000135919,SERPINE2,325,-0.4947,449,0.03877,841,1.12958,339,-0.5653
ENSG00000187957,DNER,551,0.48719,628,1.14915,4,-6.6671,287,-0.7659
ENSG00000135916,ITM2C,729,-0.5785,1160,0.25232,1703,0.84310,812,-0.5415
ENSG00000173692,PSMD1,173,-0.8185,124,-1.6434,273,-0.0946,498,1.60450
ENSG00000115053,NCL,361,0.38888,343,0.43622,43,-2.8848,287,0.00229
ENSG00000187514,PTMA,5778,2.08012,1055,-1.2070,2528,0.46554,1290,-0.8297
ENSG00000066248,NGEF,17,-4.6171,291,-0.5592,241,-0.7177,629,1.47346
ENSG00000130414,NDUFA10,845,0.67466,213,-1.8766,24,-4.7124,1014,1.74856
ENSG00000172428,COPS9,457,-1.0313,1085,0.53522,1014,0.24643,757,-0.3196
ENSG00000130294,KIF1A,243,-1.0457,413,-0.2847,741,0.78231,511,0.20025
ENSG00000134121,CHL1,104,-2.1693,180,-1.6572,1037,1.62531,569,0.75713
ENSG00000241553,ARPC4,295,-0.5383,227,-1.2018,312,-0.4538,670,1.37696
ENSG00000254999,BRK1,417,-0.0751,496,0.30660,14,-5.0987,525,0.45015
ENSG00000157087,ATP2B2,66,-3.3118,413,-0.7305,221,-1.5220,1047,1.77738
ENSG00000157103,SLC6A1,304,-0.8643,709,0.78977,334,-0.7167,471,-0.2320
ENSG00000157152,SYN2,58,-3.2887,484,-0.1052,397,-0.3961,716,0.90797
ENSG00000144713,RPL32,2332,0.68205,1858,0.42260,468,-1.8760,1377,-0.2825
ENSG00000174748,RPL15,1004,-0.1777,947,-0.3699,1195,0.10701,1306,0.37409
ENSG00000168028,RPSA,1065,1.44208,424,-0.2579,283,-0.8309,396,-0.4043
ENSG00000188846,RPL14,1238,0.04171,1109,-0.1906,1080,-0.1817,1337,0.24389
ENSG00000168036,CTNNB1,229,-1.8868,295,-1.8387,1988,1.73618,1020,0.71794
ENSG00000187094,CCK,479,-4.2375,3198,-1.7616,10872,0.52326,14292,1.77042
ENSG00000181061,HIGD1A,501,0.12637,364,-0.5240,576,0.36068,514,0.24574
ENSG00000047849,MAP4,455,-0.6851,537,-0.5631,79,-3.3126,1145,1.41521
ENSG00000232112,TMA7,1351,-0.1122,1925,0.72994,1349,-0.1147,1034,-0.7131
ENSG00000067560,RHOA,860,1.37260,349,-0.2897,448,0.19637,276,-0.7714
ENSG00000164076,CAMKV,1,-7.9173,651,2.17843,38,-3.2717,226,-0.8178
ENSG00000162244,RPL29,1801,0.74173,1233,0.12853,1791,0.73177,682,-1.0946
ENSG00000010322,NISCH,249,-0.8470,403,-0.1129,197,-1.2060,577,0.80208
ENSG00000114902,SPCS1,249,-0.7983,225,-1.2104,254,-0.7721,703,1.57330
ENSG00000168309,FAM107A,586,0.03051,1063,1.90856,408,-0.5541,140,-2.5756
ENSG00000144746,ARL6IP5,266,-0.4706,304,-0.3480,100,-1.9634,522,1.03133
ENSG00000175161,CADM2,77,-2.3551,381,0.17229,124,-1.6339,497,0.88397
ENSG00000269028,MTRNR2L12,739,-1.7137,4732,2.74908,224,-3.4746,851,-1.8318
ENSG00000080822,CLDND1,3275,2.87984,70,-4.1356,2434,2.10704,156,-2.9198
ENSG00000114391,RPL24,1262,0.36837,1347,0.72804,418,-1.3941,795,-0.5248
ENSG00000196776,CD47,487,-0.4445,220,-2.0173,973,0.71127,1003,1.24042
ENSG00000144834,TAGLN3,10,-6.6293,636,-0.6874,449,-1.0661,1554,1.71487
ENSG00000114573,ATP6V1A,45,-3.4131,331,-0.5814,569,0.45744,621,0.94835
ENSG00000172020,GAP43,20,-5.5244,875,0.14192,515,-0.7526,1143,0.85488
ENSG00000138495,COX17,645,0.94875,75,-2.8640,555,0.67667,519,0.86296
ENSG00000065518,NDUFB4,510,-0.2265,724,0.52238,135,-2.2684,625,0.14903
ENSG00000075785,RAB7A,281,-0.7801,353,-0.5584,719,0.77454,534,0.37348
ENSG00000184897,H1FX,569,0.29134,554,0.35950,323,-0.6266,422,-0.2746
ENSG00000091513,TF,8971,5.03925,90,-4.5568,1356,-0.0039,94,-4.4930
ENSG00000154917,RAB6B,34,-3.7249,489,0.44759,15,-4.9123,581,0.93676
ENSG00000069849,ATP1B3,536,0.54818,351,-0.2254,4,-6.5784,503,0.65938
ENSG00000082996,RNF13,1729,2.64927,29,-4.5767,1333,2.00467,168,-1.9005
ENSG00000070087,PFN2,134,-3.3280,360,-2.2384,642,-0.9934,2579,2.79375
ENSG00000163536,SERPINI1,76,-3.5423,466,-1.0781,1172,0.67150,1225,1.20991
ENSG00000008952,SEC62,355,-0.7571,567,-0.0077,1248,1.40055,416,-0.6655
ENSG00000013297,CLDN11,3044,3.84004,35,-4.6225,1318,1.52165,20,-5.4357
ENSG00000242808,SOX2-OT,2474,2.26323,51,-4.5268,2336,2.12588,372,-1.4141
ENSG00000161203,AP2M1,1819,-0.5382,1051,-1.7076,3423,0.50452,3973,1.24259
ENSG00000175182,FAM131A,75,-2.5106,140,-1.9254,290,-0.4541,764,2.28144
ENSG00000156976,EIF4A2,99,-3.7715,1138,-0.1104,837,-0.5745,1736,0.99662
ENSG00000114279,FGF12,33,-3.5735,183,-1.2996,227,-0.6958,666,2.03667
ENSG00000189058,APOD,1958,2.96414,307,-0.8587,400,-0.2412,144,-2.1869
ENSG00000182899,RPL35A,1016,0.27444,1158,0.75734,559,-0.6955,616,-0.7120
ENSG00000169020,ATP5ME,2327,0.53468,1549,-0.2038,1850,0.14376,1582,-0.1579
ENSG00000168993,CPLX1,1,-7.8764,433,0.74201,4,-6.3194,430,0.71810
ENSG00000159692,CTBP1,184,-1.5243,126,-2.4744,659,0.50750,893,1.86736
ENSG00000243449,C4orf48,1702,0.60557,881,-0.6458,1819,0.72233,1123,-0.1338
ENSG00000185818,NAT8L,253,-0.4911,555,1.36413,6,-5.9126,273,-0.4966
ENSG00000087274,ADD1,378,0.00212,376,-0.0102,533,0.58346,327,-0.3163
ENSG00000163956,LRPAP1,552,-0.5066,320,-1.6679,2081,1.87741,817,0.18556
ENSG00000074211,PPP2R2C,91,-2.1991,404,0.16209,4,-6.5392,570,1.12368
ENSG00000179010,MRFAP1,608,-0.2626,426,-1.0587,598,-0.2890,1077,1.11589
ENSG00000237765,FAM200B,1560,1.96735,280,-1.3264,378,-0.5833,524,-0.0838
ENSG00000151552,QDPR,2671,2.34993,316,-1.7671,1017,0.42103,566,-0.7112
ENSG00000163682,RPL9,1521,0.47828,1548,0.77742,976,-0.2602,673,-1.0852
ENSG00000154277,UCHL1,320,-3.1268,1894,-0.5883,2911,0.26016,3671,1.04152
ENSG00000109180,OCIAD1,225,-1.5019,299,-1.3456,1169,1.21515,801,0.80582
ENSG00000171476,HOPX,1,-9.0296,1200,1.46591,10,-6.2481,720,-0.0052
ENSG00000163453,IGFBP7,796,1.96857,373,0.76623,4,-6.0823,99,-1.9525
ENSG00000018189,RUFY3,171,-1.1611,303,-0.3620,224,-0.7406,516,0.98535
ENSG00000138757,G3BP2,302,-1.3289,252,-1.9497,1589,1.46238,992,0.90622
ENSG00000118816,CCNI,364,-0.4918,675,0.80725,340,-0.5999,407,-0.4209
ENSG00000152795,HNRNPDL,1217,0.97006,479,-0.7848,30,-4.6970,960,0.83839
ENSG00000145284,SCD5,1560,0.52210,521,-1.5440,3475,2.09659,854,-0.6265
ENSG00000109339,MAPK10,9,-4.9288,240,-0.2309,104,-1.4667,432,1.36956
ENSG00000152583,SPARCL1,846,-1.8234,2987,0.21598,3101,0.21350,2971,0.20237
ENSG00000118785,SPP1,7322,2.38540,1535,-0.7059,3771,0.98248,477,-2.7183
ENSG00000145335,SNCA,204,-2.5612,552,-1.3444,2588,1.57424,1407,0.66081
ENSG00000164032,H2AFZ,871,-0.7080,877,-0.9042,2767,1.26222,1523,0.28086
ENSG00000138814,PPP3CA,36,-4.6537,809,0.00958,314,-1.4785,1223,1.13791
ENSG00000109332,UBE2D3,189,-0.8351,173,-1.2340,487,0.72374,452,0.92034
ENSG00000109475,RPL34,2557,0.49114,2117,0.24427,1033,-0.9793,1783,-0.1575
ENSG00000145362,ANK2,310,-1.4076,398,-1.2940,1941,1.71320,878,0.34994
ENSG00000164096,C4orf3,545,0.49597,528,0.66496,111,-2.0143,336,-0.4130
ENSG00000109390,NDUFC1,304,-0.8750,518,-0.0401,580,0.15946,592,0.28097
ENSG00000153130,SCOC,160,-1.3642,301,-0.5165,430,0.19856,520,0.80096
ENSG00000145425,RPS3A,1771,0.73926,1259,0.21577,535,-1.2079,1038,-0.2292
ENSG00000109670,FBXW7,41,-4.0113,445,-0.6265,457,-0.4303,979,1.41573
ENSG00000109654,TRIM2,597,-0.9057,220,-2.8166,2768,1.77396,1469,0.86666
ENSG00000120251,GRIA2,144,-1.7017,657,1.16075,313,-0.5107,337,-0.5276
ENSG00000052802,MSMO1,896,0.41227,106,-3.3175,3374,3.40081,340,-1.4304
ENSG00000109472,CPE,684,-1.5575,1948,0.12282,3649,1.19703,1537,-0.4049
ENSG00000150625,GPM6A,518,-2.8333,4710,0.94503,2763,-0.2869,2984,-0.2229
ENSG00000151729,SLC25A4,363,-0.7671,570,-0.0642,44,-3.8949,857,1.01728
ENSG00000171368,TPPP,1020,1.37990,181,-1.8298,758,0.81897,481,0.05072
ENSG00000049656,CLPTM1L,963,0.67845,135,-2.8215,1116,0.94353,898,0.85330
ENSG00000145495,MARCH6,2621,0.75368,878,-1.3076,3082,1.05006,1721,0.04606
ENSG00000176788,BASP1,77,-4.2726,1378,0.11453,1324,0.01487,1655,0.57953
ENSG00000113384,GOLPH3,679,1.03566,170,-1.5460,434,0.24552,458,0.49515
ENSG00000113387,SUB1,386,-1.4326,1073,0.26335,276,-1.9388,1269,0.70902
ENSG00000079215,SLC1A3,453,-0.8530,994,0.63522,1891,1.62489,285,-1.9001
ENSG00000145592,RPL37,2254,0.92373,1704,0.64271,756,-0.8913,816,-0.9932
ENSG00000112972,HMGCS1,615,0.13631,252,-1.5837,1079,1.12985,694,0.50181
ENSG00000152932,RAB3C,33,-4.8155,487,-1.0920,1651,1.20642,1171,0.89515
ENSG00000145675,PIK3R1,49,-2.5443,245,-0.0949,11,-4.6040,417,1.38561
ENSG00000131711,MAP1B,919,-1.7609,2113,-0.6322,2714,-0.0743,4249,1.09078
ENSG00000145741,BTF3,678,0.81737,406,-0.0863,550,0.44755,309,-0.6634
ENSG00000171617,ENC1,3,-8.9879,1398,-0.3166,370,-2.2724,2778,1.60396
ENSG00000171530,TBCA,311,-0.6994,834,1.63078,74,-2.8474,320,-0.8513
ENSG00000186468,RPS23,2351,0.90855,1707,0.50938,841,-0.8029,934,-0.8310
ENSG00000127184,COX7C,432,-1.5544,1351,0.35721,1344,0.23685,1165,-0.0002
ENSG00000081189,MEF2C,36,-4.7281,1001,0.39109,33,-4.8366,1249,1.02246
ENSG00000198961,PJA2,75,-3.0941,449,-0.5153,1060,1.08293,692,0.47985
ENSG00000129625,REEP5,164,-2.3631,460,-1.0336,1500,1.19220,1016,0.73829
ENSG00000164241,C5orf63,47,-3.9157,1604,5.00074,11,-5.9405,63,-3.9335
ENSG00000169567,HINT1,848,-1.4080,1926,-0.1687,1149,-0.9409,2942,0.91987
ENSG00000164398,ACSL6,647,-0.7783,588,-1.1786,2205,1.31180,1268,0.45788
ENSG00000131437,KIF3A,179,-1.9106,337,-1.2024,386,-0.7370,1106,1.80889
ENSG00000164402,SEPTIN8,1254,2.03344,113,-2.4364,799,1.10721,335,-0.5139
ENSG00000164405,UQCRQ,2014,0.22774,1823,0.08707,1350,-0.4259,1739,-0.0226
ENSG00000213585,VDAC1,118,-2.0690,112,-2.5439,459,0.03236,896,2.29372
ENSG00000113558,SKP1,1426,-0.8009,1358,-1.1181,2398,0.03222,3639,1.20379
ENSG00000113575,PPP2CA,22,-4.2729,455,0.39629,4,-6.5721,567,1.02604
ENSG00000152377,SPOCK1,760,1.28385,296,-0.4735,6,-5.9349,430,0.37650
ENSG00000113013,HSPA9,100,-2.1436,312,-0.5316,989,1.65292,388,-0.0595
ENSG00000120727,PAIP2,427,0.55214,235,-0.5783,5,-6.1229,442,0.95734
ENSG00000131495,NDUFA2,301,0.24523,147,-1.1518,28,-3.3609,436,1.49773
ENSG00000131507,NDFIP1,228,-2.1555,589,-0.9188,1170,0.40833,1392,1.13566
ENSG00000070808,CAMK2A,111,-2.5461,891,1.15415,38,-4.0941,617,0.12812
ENSG00000164587,RPS14,1371,0.34518,1380,0.52875,1304,0.25985,703,-0.9550
ENSG00000197043,ANXA6,57,-2.9478,222,-1.1784,298,-0.4659,720,1.81477
ENSG00000177556,ATOX1,711,0.64052,459,-0.1384,861,0.98718,318,-0.8916
ENSG00000155506,LARP1,126,-1.5663,242,-0.7434,417,0.32219,494,0.96023
ENSG00000055163,CYFIP2,122,-1.6051,431,0.57291,10,-5.2424,438,0.62024
ENSG00000164609,SLU7,145,-1.4884,144,-1.8298,883,1.54850,511,0.80869
ENSG00000145864,GABRB2,1,-8.5121,555,0.22799,4,-6.9563,787,1.23677
ENSG00000022355,GABRA1,27,-4.2271,404,-0.2228,4,-6.7794,775,1.64005
ENSG00000181163,NPM1,682,0.94166,340,-0.3370,370,-0.1105,365,-0.1828
ENSG00000170091,NSG2,1,-8.7396,465,-0.5153,401,-0.6217,975,1.43745
ENSG00000145920,CPLX2,1,-8.3751,607,0.71677,586,0.41312,419,-0.1991
ENSG00000175416,CLTB,351,-1.2785,683,-0.3194,1264,0.80979,882,0.26785
ENSG00000074317,SNCB,15,-6.2538,1256,0.45510,598,-0.8875,1322,0.59335
ENSG00000169045,HNRNPH1,890,0.25871,55,-4.4251,3060,2.81634,661,-0.3154
ENSG00000127022,CANX,539,-0.6529,262,-2.1136,2335,1.98235,936,0.35468
ENSG00000050748,MAPK9,398,-0.7368,265,-1.6777,312,-1.1148,1179,1.96793
ENSG00000204628,RACK1,770,1.43255,337,-0.0616,194,-0.9206,264,-0.5794
ENSG00000137267,TUBB2A,126,-4.0142,1345,-0.6304,1785,-0.0195,2834,1.25245
ENSG00000137285,TUBB2B,444,-1.0302,1000,0.39995,2331,1.87055,338,-1.7697
ENSG00000124785,NRN1,1,-7.9602,191,-1.1902,4,-6.4072,726,2.64454
ENSG00000204681,GABBR1,112,-1.9200,284,-0.6645,739,1.12929,466,0.45289
ENSG00000196230,TUBB,1379,-0.2198,924,-1.0922,3007,1.13038,1821,0.34734
ENSG00000213760,ATP6V1G2,95,-3.1493,569,-0.5976,301,-1.4376,1303,1.63091
ENSG00000231500,RPS18,1438,1.44531,632,-0.0352,271,-1.3538,509,-0.5012
ENSG00000112514,CUTA,337,-0.1903,410,0.18612,5,-6.3974,487,0.62929
ENSG00000124614,RPS10,570,0.16657,555,0.17419,591,0.22710,433,-0.3847
ENSG00000124507,PACSIN1,32,-3.3239,428,1.08940,4,-6.1101,323,0.28963
ENSG00000198755,RPL10A,625,0.61798,376,-0.3221,655,0.70084,356,-0.4346
ENSG00000137409,MTCH1,468,-1.6251,1014,-0.5725,1355,0.04047,1905,0.96927
ENSG00000124702,KLHDC3,41,-3.5049,491,0.40619,372,-0.1798,479,0.34594
ENSG00000096384,HSP90AB1,728,-1.7500,2562,0.33111,2056,-0.1363,2467,0.23629
ENSG00000172348,RCAN2,184,-1.2530,459,0.28876,500,0.34513,398,-0.0500
ENSG00000096092,TMEM14A,100,-1.8685,382,0.32824,4,-6.3579,472,0.91590
ENSG00000156508,EEF1A1,22906,2.33595,2849,-1.6943,6642,-0.0465,5522,-0.4644
ENSG00000112695,COX7A2,1295,-0.2914,1383,-0.2517,1245,-0.3547,1899,0.50514
ENSG00000112335,SNX3,274,-1.3046,569,-0.2195,636,0.02184,801,0.61342
ENSG00000112290,WASF1,1,-8.0836,247,-0.8631,132,-1.6252,706,2.00899
ENSG00000277443,MARCKS,279,-1.5266,356,-1.4436,1041,0.58039,1175,1.29811
ENSG00000189241,TSPYL1,40,-5.4144,1195,-0.5108,3043,1.23384,1810,0.44077
ENSG00000152661,GJA1,305,-1.4428,368,-1.4485,4039,3.75966,225,-2.2707
ENSG00000111897,SERINC1,635,-0.5193,963,0.22581,685,-0.3979,932,0.14723
ENSG00000112306,RPS12,2492,1.09173,1715,0.63167,1511,0.20631,510,-1.8424
ENSG00000120265,PCMT1,295,-1.4040,441,-1.0125,167,-2.2603,1329,1.89535
ENSG00000112096,SOD2,649,0.56821,428,-0.1811,260,-0.9226,506,0.20626
ENSG00000112531,QKI,1856,1.97433,183,-2.3294,2399,2.60223,119,-3.0102
ENSG00000188191,PRKAR1B,16,-5.6119,858,0.46913,470,-0.6594,871,0.50809
ENSG00000075624,ACTB,7379,-0.2212,2227,-2.4514,21610,1.71795,10641,0.57679
ENSG00000075618,FSCN1,620,0.78072,289,-0.6545,670,0.91863,330,-0.3881
ENSG00000136238,RAC1,509,0.20868,418,-0.1619,201,-1.2671,543,0.46606
ENSG00000189043,NDUFA4,695,-2.2264,3965,0.77445,751,-2.1115,3381,0.34142
ENSG00000196683,TOMM7,978,-0.4490,1279,-0.0202,1105,-0.2537,1468,0.31005
ENSG00000172115,CYCS,194,-1.6766,616,0.19376,457,-0.3533,681,0.44562
ENSG00000122566,HNRNPA2B1,3602,2.27925,529,-1.4449,318,-1.9276,1096,-0.0078
ENSG00000180354,MTURN,1159,0.72007,531,-0.7581,1358,1.00802,658,-0.3210
ENSG00000122545,SEPTIN7,1793,0.13918,944,-1.1337,3800,1.50191,1588,-0.0850
ENSG00000058404,CAMK2B,1,-8.5036,528,0.12087,419,-0.2934,669,0.73916
ENSG00000196262,PPIA,1607,-0.2746,1990,0.10640,1797,-0.0926,1946,0.05390
ENSG00000132432,SEC61G,712,-0.0378,570,-0.5278,633,-0.2278,923,0.59405
ENSG00000106153,CHCHD2,570,-1.1374,1174,0.01104,293,-2.1390,1655,0.91500
ENSG00000106609,TMEM248,476,-0.0741,395,-0.5010,455,-0.1482,622,0.55548
ENSG00000106089,STX1A,1,-7.6579,177,-0.9409,103,-1.5568,532,2.06299
ENSG00000106682,EIF4H,218,-0.8747,263,-0.7615,936,1.65399,358,-0.1170
ENSG00000263001,GTF2I,796,0.48145,477,-0.4911,786,0.45889,591,-0.0282
ENSG00000005486,RHBDD2,2,-7.6711,507,0.06492,1006,1.26013,472,-0.1009
ENSG00000146701,MDH2,198,-1.1157,410,0.05695,30,-3.8889,581,0.99333
ENSG00000170027,YWHAG,111,-4.8675,483,-3.1459,3938,0.54263,5788,2.39519
ENSG00000166448,TMEM130,2,-7.7338,502,0.15328,4,-6.8332,750,1.30910
ENSG00000241468,ATP5MF,169,-2.3954,710,-0.2631,1214,0.71460,960,0.44942
ENSG00000188186,LAMTOR4,560,-0.1362,572,-0.1391,1069,0.97680,508,-0.3983
ENSG00000166925,TSC22D4,1954,1.72163,568,-0.6302,2024,1.79746,139,-3.0266
ENSG00000214253,FIS1,1233,0.53779,972,0.18936,1512,0.90048,506,-1.1617
ENSG00000091129,NRCAM,68,-2.5300,353,0.00605,4,-6.4383,562,1.31132
ENSG00000128609,NDUFA5,323,-1.0406,617,-0.0164,783,0.38756,672,0.18368
ENSG00000128524,ATP6V1F,389,-1.0093,576,-0.5241,234,-1.7814,1174,1.31859
ENSG00000105887,MTPN,88,-2.4203,201,-1.4823,467,0.14958,751,1.69668
ENSG00000105894,PTN,508,-0.4741,395,-1.1111,2869,2.95564,297,-1.6159
ENSG00000090266,NDUFB2,647,-1.0007,1380,0.30618,1662,0.52969,1090,-0.2425
ENSG00000174469,CNTNAP2,203,-1.8344,277,-1.6832,73,-3.3410,1392,2.64989
ENSG00000171130,ATP6V0E2,84,-2.7280,503,0.02811,274,-0.9456,703,0.91182
ENSG00000106615,RHEB,201,-1.2392,552,0.56679,195,-1.2860,490,0.25383
ENSG00000130226,DPP6,1,-7.5244,371,1.01242,10,-4.7304,302,0.42577
ENSG00000105993,DNAJB6,493,-0.8978,290,-2.0618,1086,0.37922,1493,1.60759
ENSG00000164733,CTSB,294,-0.6615,308,-0.7671,176,-1.4488,718,1.36280
ENSG00000156011,PSD3,187,-1.3076,325,-0.5951,738,0.93727,511,0.42621
ENSG00000147416,ATP6V1B2,37,-3.8139,327,-0.7729,110,-2.2406,882,1.96433
ENSG00000158856,DMTN,22,-4.3965,539,0.70670,4,-6.6077,542,0.71991
ENSG00000168490,PHYHIP,86,-3.2759,969,0.67291,352,-1.1795,866,0.37284
ENSG00000104722,NEFM,1,-7.9523,298,-0.3019,4,-6.3955,611,1.76103
ENSG00000277586,NEFL,28,-5.2303,720,-0.5375,267,-1.9261,1644,1.74247
ENSG00000104765,BNIP3L,549,0.76901,217,-0.9852,230,-0.6772,457,0.67706
ENSG00000240694,PNMA2,47,-3.3501,325,-0.6145,357,-0.3138,695,1.33127
ENSG00000092964,DPYSL2,3041,0.47507,1284,-1.1752,3791,0.86562,2557,0.25870
ENSG00000015592,STMN4,1970,1.83530,417,-1.1331,527,-0.5233,694,-0.1110
ENSG00000120885,CLU,2301,-0.9199,4954,0.46760,6763,0.86407,2949,-0.6981
ENSG00000133872,SARAF,564,-0.9112,745,-0.6281,677,-0.6264,1507,1.11452
ENSG00000104695,PPP2CB,228,-1.2845,464,-0.2387,1414,1.86524,365,-0.7331
ENSG00000169139,UBE2V2,8,-5.2317,167,-0.9876,217,-0.3580,479,1.71732
ENSG00000047249,ATP6V1H,103,-1.7789,139,-1.6323,274,-0.2613,594,1.90066
ENSG00000008988,RPS20,680,0.01097,504,-0.6274,796,0.27292,806,0.43130
ENSG00000104388,RAB2A,126,-2.2279,507,-0.1222,446,-0.2948,728,0.79897
ENSG00000147604,RPL7,933,0.46985,683,-0.0744,870,0.35016,598,-0.3651
ENSG00000154582,ELOC,219,-0.9166,472,0.47373,248,-0.7192,410,0.12362
ENSG00000104435,STMN2,4,-7.8301,635,-0.5335,628,-0.4188,1322,1.38104
ENSG00000164687,FABP5,297,-1.1074,732,0.50484,1528,1.71796,252,-1.6742
ENSG00000123119,NECAB1,217,-1.2003,255,-1.2077,465,-0.0014,757,1.38461
ENSG00000164951,PDP1,7,-5.5426,112,-1.9549,55,-2.6650,706,3.13896
ENSG00000156467,UQCRB,1134,-0.1681,1524,0.47493,965,-0.4279,1127,-0.2425
ENSG00000156482,RPL30,3496,1.32956,1906,0.34333,1990,0.30925,675,-1.7294
ENSG00000164919,COX6C,1470,-1.0347,2549,-0.2255,2906,0.05063,3509,0.54506
ENSG00000164924,YWHAZ,511,-2.1193,1071,-1.2622,3758,1.09611,2860,0.93426
ENSG00000104490,NCALD,1,-7.9779,382,0.22466,161,-1.2112,491,0.90550
ENSG00000164929,BAALC,1058,0.36738,724,-0.3540,46,-4.3787,1174,0.84153
ENSG00000164830,OXR1,23,-3.6768,196,-0.6599,144,-0.9861,461,1.60766
ENSG00000147684,NDUFB9,665,-0.3934,946,0.26237,769,-0.1589,836,-0.0310
ENSG00000160932,LY6E,38,-3.7321,482,0.17256,100,-2.3139,666,1.07325
ENSG00000176956,LY6H,150,-2.7144,707,-0.4778,1005,0.22180,1255,0.93801
ENSG00000178719,GRINA,100,-2.3994,609,0.61848,221,-1.2122,553,0.36607
ENSG00000179091,CYC1,358,-0.1583,505,0.62530,6,-6.2171,424,0.17564
ENSG00000161016,RPL8,3303,1.40799,1118,-0.6305,1819,0.32101,1179,-0.5243
ENSG00000107295,SH3GL2,1,-8.2708,243,-1.1438,1396,2.27686,428,0.01162
ENSG00000137154,RPS6,1045,1.05459,611,0.16202,502,-0.2096,395,-0.7754
ENSG00000165264,NDUFB6,365,-0.2580,390,-0.2081,258,-0.8090,543,0.59875
ENSG00000086061,DNAJA1,403,-0.1483,329,-0.6277,469,0.09840,558,0.58367
ENSG00000168913,ENHO,200,-1.3801,840,1.66304,442,-0.1362,228,-1.4726
ENSG00000122705,CLTA,292,-0.4130,403,0.15435,268,-0.5534,417,0.23574
ENSG00000119125,GDA,8,-5.5712,200,-1.2184,277,-0.4493,681,1.94082
ENSG00000107372,ZFAND5,327,-0.7508,294,-1.1653,1066,1.25573,637,0.48435
ENSG00000165119,HNRNPK,816,-0.0018,442,-1.2360,1774,1.38309,873,0.15602
ENSG00000148053,NTRK2,350,-1.3104,929,0.35037,1887,1.53915,469,-1.0994
ENSG00000165023,DIRAS2,18,-5.2633,196,-2.1476,2658,3.02035,561,-0.2187
ENSG00000136928,GABBR2,1,-8.0105,181,-1.3416,161,-1.2525,713,2.33318
ENSG00000070214,SLC44A1,2694,3.26448,34,-4.7256,1640,1.92817,73,-3.6024
ENSG00000136810,TXN,693,-0.0845,832,0.31745,127,-2.6821,840,0.34024
ENSG00000173258,ZNF483,264,-0.8893,341,-0.6484,11,-5.4906,798,1.62003
ENSG00000136888,ATP6V1G1,10,-5.4523,355,-0.2835,5,-6.4756,716,1.72590
ENSG00000136942,RPL35,801,0.02376,680,-0.3300,1402,0.99774,691,-0.2968
ENSG00000044574,HSPA5,1882,3.07901,226,-1.2832,176,-1.4011,234,-1.2273
ENSG00000197958,RPL12,1426,0.90052,1001,0.40756,226,-2.0474,706,-0.3978
ENSG00000136854,STXBP1,57,-3.7681,779,0.26452,206,-1.8931,992,0.93191
ENSG00000106992,AK1,495,0.61907,277,-0.4651,145,-1.3555,425,0.53022
ENSG00000171159,C9orf16,197,-2.3647,771,-0.3709,1323,0.63107,1156,0.59215
ENSG00000106976,DNM1,4,-7.6495,788,-0.1085,303,-1.5728,1314,1.29745
ENSG00000197694,SPTAN1,176,-1.2971,355,-0.2770,143,-1.6112,610,1.13891
ENSG00000119335,SET,642,1.06457,254,-0.6713,62,-2.6527,441,0.58728
ENSG00000107130,NCS1,1,-8.1018,741,2.18982,4,-6.5458,268,-0.7309
ENSG00000148303,RPL7A,2074,0.68937,1293,-0.1553,1465,0.09372,1220,-0.2824
ENSG00000130558,OLFM1,173,-3.9235,2729,0.39358,232,-3.4958,3327,0.95314
ENSG00000130560,UBAC1,1560,0.28206,683,-1.3152,1588,0.31132,1783,0.77827
ENSG00000107223,EDF1,979,-0.0977,668,-0.9160,1882,1.03405,1149,0.23942
ENSG00000107317,PTGDS,10981,2.20145,2629,-0.5908,6043,0.96625,926,-2.4267
ENSG00000107281,NPDC1,166,-1.4202,236,-1.1212,886,1.37182,507,0.52431
ENSG00000176884,GRIN1,1,-8.6863,703,0.52670,71,-3.1673,789,0.85459
ENSG00000188229,TUBB4B,214,-0.8690,313,-0.3660,493,0.48792,436,0.40595
ENSG00000182154,MRPL41,433,0.45501,335,0.03705,74,-2.2985,376,0.31256
ENSG00000067057,PFKP,82,-2.4275,135,-2.0482,849,1.33636,622,1.21651
ENSG00000165629,ATP5F1C,133,-1.5699,381,0.11278,600,0.86365,343,-0.1290
ENSG00000237949,LINC00844,4577,4.33722,126,-3.1885,314,-1.4117,296,-1.8284
ENSG00000156515,HK1,15,-4.3740,257,-0.2722,400,0.53882,380,0.67562
ENSG00000180817,PPA1,310,-0.9648,664,0.38101,536,-0.0958,568,0.00158
ENSG00000197746,PSAP,1886,-0.2767,2261,0.02630,1587,-0.5530,2543,0.30977
ENSG00000107758,PPP3CB,130,-2.6744,607,-0.4451,727,-0.0376,1091,1.02676
ENSG00000165637,VDAC2,262,-1.0082,177,-1.9467,1578,2.21809,526,0.15034
ENSG00000138326,RPS24,979,0.22795,840,-0.0391,1215,0.59750,707,-0.4155
ENSG00000122378,PRXL2A,97,-2.2279,601,1.01237,72,-2.6714,440,0.15738
ENSG00000165678,GHITM,153,-2.6192,392,-1.5037,1458,0.95051,1317,1.23996
ENSG00000173267,SNCG,7,-6.4138,348,-0.9130,99,-2.5958,1059,2.19835
ENSG00000171314,PGAM1,205,-1.8998,827,0.41531,64,-3.6110,944,0.77782
ENSG00000120053,GOT1,69,-4.2812,482,-1.7338,1650,0.56222,2102,1.73067
ENSG00000099194,SCD,6543,2.87807,320,-2.8818,4639,1.99729,209,-3.5331
ENSG00000166136,NDUFB8,905,-0.3773,1141,-0.0020,807,-0.5588,1333,0.37645
ENSG00000059915,PSD,21,-4.2059,468,0.80555,219,-0.7222,367,0.15646
ENSG00000107874,CUEDC2,766,0.44719,377,-0.9176,924,0.77640,626,0.14801
ENSG00000173915,ATP5MD,759,-1.0487,1738,0.40886,474,-1.7638,1771,0.45706
ENSG00000198825,INPP5F,44,-3.4855,467,0.13795,275,-0.7513,601,0.80343
ENSG00000166033,HTRA1,721,-0.0440,900,0.48326,2048,1.88715,150,-2.8583
ENSG00000176171,BNIP3,147,-1.3290,286,-0.3898,296,-0.2336,478,0.87421
ENSG00000130643,CALY,1,-8.8677,679,0.12108,67,-3.4320,1018,1.27258
ENSG00000185627,PSMD13,657,0.38182,241,-1.5234,803,0.73174,668,0.61366
ENSG00000142089,IFITM3,928,1.56168,654,1.49110,16,-4.7424,73,-2.9885
ENSG00000184524,CEND1,59,-3.4157,523,-0.1479,299,-0.9941,847,1.13519
ENSG00000177600,RPLP2,1427,0.71696,1095,0.37753,517,-0.9467,757,-0.4662
ENSG00000078902,TOLLIP,1,-8.7787,707,0.26865,537,-0.2650,798,0.58605
ENSG00000117984,CTSD,511,0.15854,567,0.49445,104,-2.3092,466,0.00853
ENSG00000110651,CD81,1403,1.08354,701,-0.1676,322,-1.3403,736,-0.0555
ENSG00000166313,APBB1,408,-0.6326,399,-0.8691,1140,1.10792,699,0.34770
ENSG00000166441,RPL27A,927,0.91296,610,0.26141,263,-1.1544,451,-0.4214
ENSG00000255823,MTRNR2L8,204,-1.0074,823,2.74049,134,-1.6513,92,-2.6050
ENSG00000110321,EIF4G2,408,-0.7283,427,-0.8549,423,-0.6726,1010,1.25769
ENSG00000050165,DKK3,195,-2.2765,904,0.13311,988,0.24122,980,0.33054
ENSG00000110700,RPS13,4059,1.45761,2174,0.46329,414,-2.2699,1136,-0.9520
ENSG00000134333,LDHA,422,-0.6238,354,-1.1446,1081,0.95813,803,0.64728
ENSG00000085063,CD59,139,-2.1270,626,0.30428,858,0.75597,512,-0.1663
ENSG00000110436,SLC1A2,356,-2.3281,3172,2.23139,1662,0.05104,452,-2.3489
ENSG00000187479,C11orf96,2445,3.24542,369,-0.7655,27,-4.4301,222,-1.6854
ENSG00000149091,DGKZ,29,-3.8858,369,-0.0602,556,0.65187,447,0.39985
ENSG00000172247,C1QTNF4,25,-3.8769,494,1.12131,174,-1.0016,312,-0.1083
ENSG00000211450,SELENOH,246,-1.2580,779,0.94294,274,-1.0899,502,-0.1872
ENSG00000134825,TMEM258,1049,1.48041,418,-0.2143,261,-0.9002,372,-0.4646
ENSG00000134824,FADS2,2602,2.27454,468,-1.0813,1061,0.48469,432,-1.2291
ENSG00000167996,FTH1,39635,1.88751,10114,-0.7367,16736,0.25924,9301,-0.8987
ENSG00000254772,EEF1G,466,0.99124,266,0.02513,4,-6.0106,279,0.13708
ENSG00000168000,BSCL2,87,-2.6149,565,0.40939,404,-0.2757,546,0.31964
ENSG00000162188,GNG3,48,-4.1890,1141,1.02445,213,-2.0117,848,0.20210
ENSG00000133318,RTN3,1248,-1.4699,1404,-1.5968,5296,0.87873,4899,1.18725
ENSG00000176340,COX8A,554,-0.9707,1277,0.56154,476,-1.2040,1099,0.17621
ENSG00000002330,BAD,153,-1.4475,218,-1.1547,866,1.44992,470,0.48956
ENSG00000126432,PRDX5,462,-0.8286,946,0.48997,80,-3.4481,942,0.47850
ENSG00000110076,NRXN2,29,-3.7509,672,2.07794,4,-6.4362,254,-0.6915
ENSG00000149806,FAU,4526,1.43590,1894,-0.1554,971,-1.1672,1684,-0.4084
ENSG00000251562,MALAT1,5458,1.04399,4299,0.95531,1905,-0.7270,1241,-1.7069
ENSG00000172757,CFL1,2447,0.30842,1340,-0.8717,1863,-0.1447,2650,0.66958
ENSG00000175602,CCDC85B,645,-0.9432,1352,0.35699,182,-2.8391,1484,0.60262
ENSG00000175550,DRAP1,384,-1.0594,238,-2.1472,3936,3.74354,319,-1.6575
ENSG00000174684,B4GAT1,98,-3.1444,674,-0.3089,422,-0.9651,1217,1.25975
ENSG00000173020,GRK2,60,-3.0352,351,-0.4846,1135,1.74297,420,-0.0977
ENSG00000084207,GSTP1,1166,1.12641,502,-0.4350,1119,1.04780,371,-1.0317
ENSG00000167792,NDUFV1,162,-1.1834,378,0.23420,367,0.11513,359,0.11027
ENSG00000175582,RAB6A,144,-2.8680,286,-2.2233,2056,1.39017,1496,1.28905
ENSG00000149273,RPS3,1294,1.44754,619,0.16517,53,-3.5996,470,-0.4459
ENSG00000149269,PAK1,1,-8.0513,426,0.36799,52,-2.9834,532,0.99916
ENSG00000151366,NDUFC2,876,-0.2764,475,-1.5329,788,-0.4453,1737,1.49126
ENSG00000109846,CRYAB,23991,5.52422,192,-4.8169,1271,-1.5665,600,-3.1054
ENSG00000149294,NCAM1,1031,0.85383,464,-0.6475,479,-0.4389,708,0.28622
ENSG00000137726,FXYD6,450,-1.1431,890,-0.0913,545,-0.8457,1248,0.76768
ENSG00000167283,ATP5MG,438,-1.0561,746,-0.2932,1398,0.85256,913,0.16378
ENSG00000118181,RPS25,867,0.48267,930,0.94346,406,-0.7580,382,-1.0891
ENSG00000154096,THY1,33,-5.5215,916,-0.8380,1410,0.05123,2249,1.42290
ENSG00000109971,HSPA8,237,-2.9207,1231,-0.5662,1434,-0.1803,2482,1.20949
ENSG00000154146,NRGN,153,-4.9965,5221,0.47298,1732,-1.4324,5640,0.68440
ENSG00000149557,FEZ1,1763,2.11425,299,-1.3101,882,0.72671,356,-0.9915
ENSG00000084234,APLP2,339,-1.4535,782,-0.1986,957,0.18866,1064,0.54678
ENSG00000182667,NTM,51,-2.9527,365,0.04736,896,1.67237,273,-0.5809
ENSG00000111640,GAPDH,5656,0.12967,3836,-0.6614,6770,0.43424,5970,0.31866
ENSG00000089693,MLF2,241,-1.1260,638,0.66593,56,-3.2945,571,0.36867
ENSG00000159335,PTMS,25,-4.0719,434,0.33202,11,-5.2665,563,1.07080
ENSG00000111669,TPI1,1609,-0.1806,1498,-0.4005,1038,-0.8765,2413,0.75647
ENSG00000111674,ENO2,95,-3.5509,623,-0.9614,1077,0.13570,1632,1.42342
ENSG00000111678,C12orf57,449,-0.2493,662,0.58444,631,0.31159,375,-0.7087
ENSG00000139182,CLSTN3,15,-4.6423,213,-0.9710,198,-0.8647,624,1.87256
ENSG00000139112,GABARAPL1,234,-1.7120,601,-0.3417,188,-2.0367,1128,1.34148
ENSG00000023734,STRAP,145,-1.1977,270,-0.3042,204,-0.6681,440,0.92109
ENSG00000048540,LMO3,1,-8.4596,379,-0.5712,434,-0.2154,795,1.33623
ENSG00000111716,LDHB,231,-2.2683,1208,0.45240,449,-1.2695,1244,0.53124
ENSG00000139116,KIF21A,152,-1.9480,310,-1.0985,1544,1.99368,543,0.04782
ENSG00000018236,CNTN1,184,-1.7004,610,0.26611,388,-0.5498,655,0.44665
ENSG00000184613,NELL2,5,-6.3940,304,-0.6667,818,1.18748,531,0.61299
ENSG00000134287,ARF3,268,-1.3211,689,0.25297,67,-3.3694,851,0.82572
ENSG00000123416,TUBA1B,756,-1.8519,2171,-0.2983,2844,0.22569,3251,0.68433
ENSG00000167552,TUBA1A,3271,0.63039,2393,0.13657,3072,0.52097,1513,-0.8376
ENSG00000139644,TMBIM6,548,0.21724,568,0.40700,1163,1.60136,143,-2.2484
ENSG00000135472,FAIM2,147,-2.1200,520,-0.2390,265,-1.2319,886,1.16605
ENSG00000063046,EIF4B,365,0.12374,405,0.43464,50,-2.9090,360,0.14506
ENSG00000123349,PFDN5,795,0.08860,880,0.37510,689,-0.1467,636,-0.3757
ENSG00000197111,PCBP2,485,-0.3872,667,0.18834,847,0.53944,531,-0.3271
ENSG00000135390,ATP5MC2,1133,0.51930,873,0.11057,316,-1.5179,865,0.08802
ENSG00000135486,HNRNPA1,1228,0.65785,637,-0.5804,1336,0.80901,733,-0.2878
ENSG00000135441,BLOC1S1,535,0.57864,384,0.02507,188,-1.1111,388,0.04936
ENSG00000135404,CD63,7316,2.18706,1303,-1.1687,2097,-0.1653,1746,-0.6098
ENSG00000197728,RPS26,2465,0.66549,2021,0.47343,2036,0.33357,926,-1.1897
ENSG00000229117,RPL41,2827,-0.2517,4717,0.94680,1426,-1.3223,2661,-0.4680
ENSG00000196465,MYL6B,376,-0.3101,427,-0.1476,267,-0.8537,573,0.57571
ENSG00000092841,MYL6,5991,1.80953,1097,-1.4177,700,-1.8162,2657,0.41218
ENSG00000110955,ATP5F1B,205,-2.7518,1206,-0.0563,1539,0.36746,1508,0.49243
ENSG00000110958,PTGES3,382,-0.4372,335,-0.8408,1201,1.58306,472,-0.1313
ENSG00000196531,NACA,1894,0.26983,2068,0.62879,112,-4.0211,1560,-0.0738
ENSG00000175197,DDIT3,2379,4.20590,54,-3.5282,4,-6.6575,245,-1.0543
ENSG00000155980,KIF5A,374,-0.7041,478,-0.4263,304,-1.0277,844,0.99870
ENSG00000187109,NAP1L1,356,-0.7125,494,-0.2604,655,0.27522,650,0.38131
ENSG00000067715,SYT1,59,-4.8135,1144,-0.5447,1376,-0.1102,2303,1.24199
ENSG00000139220,PPFIA2,610,-1.0653,1168,-0.0513,1255,0.08148,1395,0.37782
ENSG00000070961,ATP2B1,5,-7.1111,1185,1.47515,14,-5.7970,703,-0.0234
ENSG00000173598,NUDT4,74,-3.3716,292,-1.6484,804,0.27243,1236,1.81503
ENSG00000184752,NDUFA12,306,-0.9817,395,-0.7672,825,0.63377,744,0.68192
ENSG00000075415,SLC25A3,150,-1.8593,533,0.17215,384,-0.4147,611,0.51709
ENSG00000166598,HSP90B1,1091,0.86528,566,-0.3415,94,-2.9738,800,0.47242
ENSG00000136003,ISCU,71,-3.2201,665,0.29650,80,-3.0412,852,0.98911
ENSG00000174437,ATP2A2,144,-1.8702,363,-0.5998,585,0.33016,675,0.89018
ENSG00000111229,ARPC3,303,-0.1450,332,0.00397,380,0.22867,324,-0.0522
ENSG00000089009,RPL6,1935,0.72091,1573,0.53347,285,-2.3017,1071,-0.3740
ENSG00000176871,WSB2,98,-2.8887,342,-1.2818,1245,1.14398,939,0.98694
ENSG00000089220,PEBP1,1911,-0.3777,2623,0.19956,1075,-1.2750,2812,0.37302
ENSG00000089157,RPLP0,1117,0.95739,668,0.09061,1099,0.92735,307,-1.4568
ENSG00000111775,COX6A1,615,-1.3552,2182,1.10040,125,-3.7104,1449,-0.0081
ENSG00000088986,DYNLL1,685,-0.9432,1185,-0.1018,598,-1.1529,1692,0.80552
ENSG00000157782,CABP1,81,-3.0491,525,-0.3075,10,-6.0960,1054,1.65830
ENSG00000182196,ARL6IP4,601,0.50030,376,-0.3756,4,-6.7813,613,0.81997
ENSG00000150991,UBC,4407,1.30574,1716,-0.4520,1474,-0.5782,1952,-0.1764
ENSG00000132341,RAN,445,-0.6689,361,-1.2552,793,0.27029,1025,1.14191
ENSG00000150459,SAP18,182,-1.2511,348,-0.3225,499,0.36157,498,0.52922
ENSG00000122026,RPL21,1334,0.86416,968,0.44281,745,-0.1320,493,-1.0136
ENSG00000132963,POMP,579,-0.4047,646,-0.3122,1435,1.15507,665,-0.2493
ENSG00000189403,HMGB1,646,0.01025,653,0.04067,806,0.38081,575,-0.2473
ENSG00000133083,DCLK1,93,-2.1053,192,-1.2778,570,0.76985,556,1.16500
ENSG00000151778,SERP2,178,-0.9614,297,-0.2151,11,-5.0593,511,1.24202
ENSG00000102804,TSC22D1,548,-1.0871,1134,0.09583,287,-2.0640,1490,0.81354
ENSG00000133112,TPT1,2334,0.92950,1460,0.16018,960,-0.5660,1079,-0.5078
ENSG00000136156,ITM2B,19005,1.27607,3556,-1.8312,17491,1.11710,8924,-0.0799
ENSG00000188243,COMMD6,442,0.26065,325,-0.3335,761,1.23431,282,-0.6273
ENSG00000134884,ARGLU1,483,-0.0791,159,-2.1703,1788,2.46296,436,-0.3328
ENSG00000185896,LAMP1,975,1.34257,376,-0.4328,498,0.13968,354,-0.5522
ENSG00000183087,GAS6,958,0.95893,366,-0.8562,394,-0.5414,653,0.41448
ENSG00000129538,RNASE1,3056,5.34337,113,-2.5094,129,-1.9250,18,-5.2539
ENSG00000165795,NDRG2,794,-0.3535,1127,0.31866,3074,2.15730,216,-2.7441
ENSG00000092199,HNRNPC,551,0.68319,466,0.57984,335,-0.1584,223,-1.0296
ENSG00000092096,SLC22A17,424,-0.7357,743,0.24447,96,-2.9707,872,0.66549
ENSG00000129559,NEDD8,281,-1.2967,355,-1.1941,893,0.56086,963,1.10391
ENSG00000213741,RPS29,916,0.40682,924,0.62967,901,0.37858,389,-1.2386
ENSG00000165502,RPL36AL,564,0.25174,758,1.24178,74,-2.8757,322,-0.8561
ENSG00000139970,RTN1,129,-4.2533,1519,-0.7599,1417,-0.6897,3773,1.62744
ENSG00000100554,ATP6V1D,86,-2.3015,253,-0.8598,456,0.29288,586,1.16969
ENSG00000100650,SRSF5,438,0.10591,364,-0.2739,957,1.51970,268,-0.8905
ENSG00000176903,PNMA1,46,-3.4819,317,-0.7912,988,1.35196,570,0.52142
ENSG00000198668,CALM1,857,-2.3983,3810,-0.1466,5285,0.44188,4982,0.50330
ENSG00000183648,NDUFB1,650,-0.9534,1640,0.85168,296,-2.1457,1199,0.03163
ENSG00000100604,CHGA,1,-7.7386,138,-1.4862,12,-4.7141,643,2.90058
ENSG00000165943,MOAP1,65,-3.2658,549,-0.0307,53,-3.5440,896,1.34149
ENSG00000089737,DDX24,90,-2.4212,577,0.72324,402,-0.1282,418,-0.0880
ENSG00000196405,EVL,697,-0.0508,264,-1.9058,1143,0.79705,1039,0.97952
ENSG00000214548,MEG3,19,-5.0709,862,1.07708,41,-3.9865,660,0.31955
ENSG00000078304,PPP2R5C,632,0.49813,302,-0.9218,767,0.84056,487,0.07873
ENSG00000197102,DYNC1H1,969,0.34969,568,-0.6924,305,-1.4875,1105,0.89157
ENSG00000080824,HSP90AA1,1276,-0.9332,2186,-0.1070,2078,-0.1596,2806,0.50118
ENSG00000100664,EIF5,298,-0.8901,513,-0.0359,544,0.07385,595,0.32176
ENSG00000166165,CKB,1196,-1.0672,2391,0.04812,1229,-1.0244,3046,0.66599
ENSG00000126214,KLC1,168,-2.1174,491,-0.6372,466,-0.5646,1061,1.33195
ENSG00000156411,ATP5MPL,322,-2.0491,1337,0.24116,815,-0.6333,1506,0.54848
ENSG00000182809,CRIP2,121,-1.4845,431,0.82884,4,-6.2678,362,0.35188
ENSG00000128739,SNRPN,527,-1.4673,1309,-0.0551,849,-0.7316,1808,0.76916
ENSG00000224078,SNHG14,78,-2.7816,547,0.30259,135,-1.9768,668,0.84859
ENSG00000166922,SCG5,12,-6.2613,757,-0.2890,143,-2.7547,1491,1.61782
ENSG00000140319,SRP14,2154,0.61909,956,-0.9285,1609,0.11992,1780,0.42415
ENSG00000247556,OIP5-AS1,58,-2.6415,584,1.75601,347,0.09836,152,-1.4963
ENSG00000166963,MAP1A,178,-1.6626,807,1.23230,390,-0.4562,383,-0.6434
ENSG00000140264,SERF2,3725,1.68758,1294,-0.2944,869,-0.8470,1114,-0.6058
ENSG00000166710,B2M,3895,2.16986,895,-0.6981,1840,0.66724,510,-1.7227
ENSG00000255302,EID1,216,-1.2204,397,-0.3603,179,-1.5046,718,1.17773
ENSG00000104112,SCG3,100,-2.2132,357,-0.3603,636,0.70751,518,0.51980
ENSG00000140280,LYSMD2,293,-0.5787,177,-1.6704,255,-0.7948,758,1.81135
ENSG00000197535,MYO5A,205,-0.7851,171,-1.3426,453,0.50677,504,1.10481
ENSG00000128989,ARPP19,589,-1.3868,1562,0.22220,492,-1.6583,1871,0.69755
ENSG00000103657,HERC1,519,-1.0570,143,-3.4191,1932,1.13773,1732,1.58887
ENSG00000166794,PPIB,1096,1.47890,184,-1.8333,1558,2.25230,213,-1.5906
ENSG00000169032,MAP2K1,162,-2.1967,362,-1.2423,736,0.15099,1130,1.50835
ENSG00000174444,RPL4,16195,1.88679,2458,-1.6831,5961,0.02926,5773,-0.0329
ENSG00000137818,RPLP1,2058,0.20434,2399,0.70435,2606,0.60959,899,-1.3989
ENSG00000067225,PKM,395,-1.6116,566,-1.3367,1892,0.92681,1623,1.02539
ENSG00000156642,NPTN,23,-5.9460,435,-2.0579,3088,1.56842,1985,1.16802
ENSG00000178741,COX5A,296,-1.3695,636,-0.2396,121,-2.7013,1113,1.25710
ENSG00000198794,SCAMP5,1,-7.9941,322,-0.2031,27,-3.8489,608,1.61107
ENSG00000140391,TSPAN3,417,-0.6445,405,-0.8943,1088,0.96826,753,0.46958
ENSG00000169783,LINGO1,62,-2.4479,334,0.19410,290,-0.0944,369,0.44423
ENSG00000185787,MORF4L1,649,-1.5573,769,-1.6067,3063,0.96797,2668,1.14781
ENSG00000182774,RPS17,697,0.47641,496,-0.1283,1221,1.51881,265,-1.3611
ENSG00000182768,NGRN,138,-2.4831,469,-0.8154,707,0.03429,1095,1.28124
ENSG00000185518,SV2B,13,-4.9026,320,-0.2539,176,-1.1237,574,1.31581
ENSG00000272888,LINC01578,921,0.97228,277,-1.2801,1626,2.14069,275,-1.2949
ENSG00000188536,HBA2,223,-1.2860,1270,4.76674,4,-6.9607,1,-8.9577
ENSG00000242173,ARHGDIG,102,-2.5717,541,-0.0235,203,-1.5484,814,1.07778
ENSG00000130731,METTL26,267,-0.5035,271,-0.6306,441,0.31846,464,0.60964
ENSG00000103266,STUB1,212,-1.0054,497,0.53641,118,-1.8908,460,0.33723
ENSG00000127585,FBXL16,100,-2.8133,1085,1.58640,161,-2.1138,514,-0.4509
ENSG00000103260,METRN,795,1.18919,541,0.74529,313,-0.4151,168,-1.6978
ENSG00000140990,NDUFB10,476,-0.4652,715,0.28550,565,-0.1882,630,-0.0159
ENSG00000140988,RPS2,1549,1.36448,515,-0.7085,1307,1.03823,452,-0.9603
ENSG00000255198,SNHG9,441,0.66847,374,0.57058,7,-5.4232,270,-0.2171
ENSG00000127561,SYNGR3,28,-3.6455,399,0.54504,56,-2.6774,427,0.73741
ENSG00000185883,ATP6V0C,650,-1.4440,2029,0.54600,1383,-0.2672,1638,0.01262
ENSG00000103363,ELOB,1052,-0.1705,1226,0.11445,1128,-0.0570,1161,-0.0131
ENSG00000103145,HCFC1R1,107,-1.9390,594,1.28515,16,-4.7059,365,-0.0633
ENSG00000078328,RBFOX1,1,-7.9158,433,0.66072,4,-6.3592,454,0.79975
ENSG00000184602,SNN,31,-3.6704,231,-0.8845,211,-0.8180,629,1.74995
ENSG00000166780,BMERB1,106,-2.5432,440,-0.5128,1011,1.03494,675,0.46855
ENSG00000134419,RPS15A,953,0.90280,811,0.95817,196,-1.6573,313,-1.1952
ENSG00000170540,ARL6IP1,317,-1.5484,540,-0.9450,1903,1.43882,992,0.36950
ENSG00000167191,GPRC5B,2834,1.87691,615,-1.0553,3269,2.20350,96,-4.0492
ENSG00000140740,UQCRC2,3,-6.9329,402,0.20271,8,-5.5952,578,1.24669
ENSG00000004779,NDUFAB1,411,-0.8311,476,-0.7886,247,-1.6105,1151,1.46280
ENSG00000166501,PRKCB,81,-3.6463,1773,2.24311,4,-7.7908,595,-0.8598
ENSG00000167371,PRRT2,1,-7.6942,382,0.74310,131,-1.2341,336,0.39487
ENSG00000174938,SEZ6L2,210,-1.2199,571,0.55984,4,-6.8109,573,0.57288
ENSG00000149925,ALDOA,394,-0.5484,299,-1.2371,677,0.33787,819,1.05669
ENSG00000090238,YPEL3,225,-1.9894,519,-0.9255,1599,1.19376,1036,0.61525
ENSG00000089280,FUS,723,0.49894,294,-1.2179,932,0.95249,589,0.21424
ENSG00000129636,ITFG1,154,-1.0849,383,0.56051,4,-6.1448,380,0.53715
ENSG00000087258,GNAO1,244,-1.8613,507,-0.9667,1908,1.54808,933,0.34579
ENSG00000087250,MT3,4799,-0.3919,10151,1.46143,5798,-0.0861,2611,-1.6528
ENSG00000125148,MT2A,8230,1.67848,3979,0.47762,3411,0.06586,882,-2.4177
ENSG00000169715,MT1E,1031,0.91271,1128,1.92909,128,-2.4028,107,-3.0817
ENSG00000205364,MT1M,1198,-0.0845,2437,2.13217,546,-1.3186,345,-2.3924
ENSG00000125144,MT1G,330,-0.4576,688,1.25803,627,0.61055,160,-1.9134
ENSG00000187193,MT1X,3221,1.04756,2610,1.05190,644,-1.5796,810,-1.5297
ENSG00000103034,NDRG4,18,-5.8326,733,-0.5391,1245,0.47365,1354,0.96670
ENSG00000159720,ATP6V0D1,112,-1.9994,518,0.59309,398,-0.0430,402,-0.0392
ENSG00000034713,GABARAPL2,684,-0.2496,520,-0.8881,981,0.34891,1050,0.70220
ENSG00000166848,TERF2IP,243,-1.1127,519,0.13272,58,-3.2317,688,0.88863
ENSG00000230989,HSBP1,829,1.36828,179,-1.5012,406,0.09180,434,0.29231
ENSG00000131143,COX4I1,1515,-0.7488,2378,-0.0378,2370,-0.0325,2773,0.33165
ENSG00000140941,MAP1LC3B,233,-0.8991,487,0.41845,265,-0.6984,441,0.16949
ENSG00000167515,TRAPPC2L,498,0.66883,179,-1.2622,351,0.07156,434,0.64637
ENSG00000167526,RPL13,1934,0.56284,1720,0.53435,1461,0.08591,847,-1.0132
ENSG00000141002,TCF25,900,0.17679,540,-0.8460,478,-0.8413,1158,0.95015
ENSG00000258947,TUBB3,119,-1.8607,368,-0.1534,57,-2.9426,624,1.28294
ENSG00000159842,ABR,95,-1.8954,227,-0.7386,506,0.77279,432,0.75055
ENSG00000108953,YWHAE,1033,-1.1965,907,-1.7138,7228,2.28555,2207,0.00708
ENSG00000007168,PAFAH1B1,495,0.07673,225,-1.4624,596,0.38998,671,0.92526
ENSG00000142507,PSMB6,180,-1.3433,714,1.52675,397,-0.1018,220,-1.3023
ENSG00000108528,SLC25A11,121,-1.7458,441,0.42592,346,-0.1089,391,0.12710
ENSG00000108518,PFN1,772,0.45521,645,0.21492,1012,0.93635,331,-1.1656
ENSG00000091592,NLRP1,253,-0.3485,232,-0.6496,308,-0.0317,419,0.73615
ENSG00000219200,RNASEK,857,-0.8246,1498,0.10066,1282,-0.1845,1616,0.28433
ENSG00000132535,DLG4,12,-4.4756,373,1.09629,4,-5.9350,285,0.32647
ENSG00000170296,GABARAP,1279,0.46591,1075,0.24586,897,-0.1275,786,-0.4591
ENSG00000161960,EIF4A1,661,1.17955,226,-0.8340,132,-1.4687,409,0.47439
ENSG00000129244,ATP1B2,591,-0.9455,1342,0.56223,2760,1.73365,397,-1.8926
ENSG00000183011,NAA38,465,-0.4785,668,0.15312,377,-0.8108,720,0.33925
ENSG00000220205,VAMP2,427,-1.8626,1778,0.57370,1070,-0.4499,1492,0.12661
ENSG00000161970,RPL26,1336,0.59295,995,0.12812,546,-0.8710,890,-0.1292
ENSG00000007237,GAS7,206,-0.9485,494,0.70997,4,-6.5256,433,0.35507
ENSG00000141027,NCOR1,483,0.05968,445,-0.1060,552,0.28328,453,-0.0658
ENSG00000170315,UBB,1660,-0.2867,1976,-0.0033,2451,0.35863,1931,-0.0563
ENSG00000175061,SNHG29,198,-1.5421,241,-1.5457,1356,1.71795,655,0.52337
ENSG00000124422,USP22,268,-1.0112,300,-1.0709,941,1.08277,647,0.61784
ENSG00000256618,MTRNR2L1,148,-1.1819,685,2.94014,4,-6.2661,97,-2.1744
ENSG00000087095,NLK,45,-3.5209,179,-1.8329,298,-0.7181,950,2.42910
ENSG00000109107,ALDOC,761,-0.7567,1486,0.48526,1933,0.78876,871,-0.7155
ENSG00000198242,RPL23A,909,1.06938,494,0.00825,461,-0.1073,362,-0.6548
ENSG00000172301,COPRS,60,-2.5488,399,0.58902,24,-3.8419,413,0.69032
ENSG00000176749,CDK5R1,55,-3.0015,315,-0.4819,103,-2.0711,682,1.62427
ENSG00000125691,RPL23,1427,0.08271,671,-1.3982,3484,1.72527,1311,-0.0783
ENSG00000108298,RPL19,2152,1.22645,1063,-0.0221,625,-0.8620,873,-0.4498
ENSG00000171532,NEUROD2,28,-4.2456,160,-2.0727,988,1.26569,788,1.39466
ENSG00000173812,EIF1,9549,1.61912,2606,-0.8502,4106,0.07941,3278,-0.3894
ENSG00000173786,CNP,8920,2.84613,207,-4.0338,6383,1.99354,559,-2.5092
ENSG00000033627,ATP6V0A1,157,-1.4037,322,-0.3837,155,-1.4249,597,1.22192
ENSG00000266967,AARSD1,411,-0.0673,383,-0.2453,227,-1.0072,545,0.60759
ENSG00000131469,RPL27,590,-0.1920,927,0.87336,147,-2.3278,597,-0.2356
ENSG00000108840,HDAC5,1574,2.17483,195,-1.8118,220,-1.2981,544,0.19410
ENSG00000108309,RUNDC3A,264,-1.2095,408,-0.7056,661,0.24990,800,0.89676
ENSG00000131095,GFAP,10509,3.48554,1513,-0.7285,1710,-0.3594,105,-4.9874
ENSG00000186868,MAPT,152,-1.4310,682,1.79843,33,-3.6878,265,-0.7521
ENSG00000073969,NSF,63,-3.5600,834,0.57275,393,-0.8354,783,0.40270
ENSG00000159199,ATP5MC1,321,-1.1607,750,0.27505,527,-0.3866,750,0.27604
ENSG00000239672,NME1,137,-1.4278,315,-0.1753,507,0.67873,378,0.25049
ENSG00000243678,NME2,770,0.19995,636,-0.1582,190,-1.9854,864,0.59000
ENSG00000264364,DYNLL2,122,-2.2528,582,0.25050,4,-7.0090,773,1.04571
ENSG00000108387,SEPTIN4,8556,3.51512,378,-2.7431,2823,0.84884,427,-2.5510
ENSG00000141367,CLTC,111,-3.2843,606,-0.9531,3119,2.25732,879,-0.1997
ENSG00000062716,VMP1,1720,2.08262,130,-2.6798,283,-1.1073,723,0.59379
ENSG00000108654,DDX5,1058,0.66154,519,-0.6891,934,0.44433,731,0.04129
ENSG00000154229,PRKCA,1952,0.14320,1103,-0.9969,2778,0.75226,2094,0.38102
ENSG00000108946,PRKAR1A,272,-2.1145,488,-1.5318,3201,2.07052,1198,0.27837
ENSG00000172809,RPL38,533,-0.8970,1079,0.34329,1567,0.88814,718,-0.5727
ENSG00000167863,ATP5PD,201,-1.1307,399,-0.0743,189,-1.2317,569,0.84327
ENSG00000189159,JPT1,123,-2.1849,262,-1.3160,569,0.19538,857,1.53443
ENSG00000188612,SUMO2,350,-1.4613,498,-1.1707,794,-0.1816,1488,1.49476
ENSG00000177885,GRB2,422,0.09164,148,-1.8866,372,-0.1130,651,1.39200
ENSG00000132475,H3F3B,3580,2.23474,821,-0.6500,1571,0.58471,430,-1.8239
ENSG00000132471,WBP2,468,-0.4910,762,0.45216,187,-1.8952,710,0.27097
ENSG00000182534,MXRA7,1864,0.44165,366,-2.4993,2607,1.04189,1966,0.81945
ENSG00000171246,NPTX1,7,-6.5646,484,-0.4376,1145,1.16060,709,0.44420
ENSG00000184009,ACTG1,4055,0.96317,1703,-0.6651,2335,0.00599,2371,0.04409
ENSG00000141552,ANAPC11,358,-0.5120,409,-0.4016,546,0.17332,601,0.49329
ENSG00000141542,RAB40B,596,1.16063,275,-0.2483,6,-5.6692,344,0.26860
ENSG00000118680,MYL12B,134,-1.7784,371,-0.2719,243,-0.8714,622,1.05928
ENSG00000178127,NDUFV2,243,-0.7610,381,-0.0554,326,-0.2921,470,0.45761
ENSG00000101558,VAPA,411,-0.9003,244,-2.0514,1620,1.44378,1008,0.86746
ENSG00000171885,AQP4,783,1.00387,429,-0.0554,1183,1.82488,88,-2.8826
ENSG00000166974,MAPRE2,313,-0.3577,177,-1.5470,933,1.57797,447,0.33249
ENSG00000132872,SYT4,3,-7.8413,56,-4.0442,1663,1.86161,1009,1.45883
ENSG00000152234,ATP5F1A,201,-2.2720,605,-0.7772,1073,0.34185,1303,1.07705
ENSG00000177576,C18orf32,403,0.01770,306,-0.5669,23,-4.2411,615,1.19010
ENSG00000265681,RPL17,18603,1.83632,2888,-1.6841,9154,0.48094,6216,-0.2288
ENSG00000197971,MBP,25290,4.41917,841,-2.8827,3372,-0.3549,792,-2.9768
ENSG00000141759,TXNL4A,428,-0.1380,496,0.15090,793,0.92002,338,-0.6798
ENSG00000172270,BSG,504,-0.5778,704,-0.0575,669,-0.1227,829,0.33606
ENSG00000099817,POLR2E,30,-3.9557,303,-0.6914,1140,1.84397,427,0.03669
ENSG00000167468,GPX4,998,-0.5003,1329,-0.0536,1608,0.27879,1430,0.11728
ENSG00000099624,ATP5F1D,1296,-0.4367,1116,-0.8725,2194,0.43274,2244,0.71421
ENSG00000099622,CIRBP,903,-0.5364,595,-1.4783,2215,0.97982,1724,0.81394
ENSG00000115286,NDUFS7,576,0.85994,296,-0.3686,446,0.41092,296,-0.3689
ENSG00000115268,RPS15,1764,0.62416,1676,0.82045,396,-1.7566,862,-0.7383
ENSG00000127540,UQCR11,1360,0.02109,1652,0.51304,1083,-0.3500,1115,-0.4083
ENSG00000104904,OAZ1,1216,-0.3867,1843,0.43500,377,-2.1775,1740,0.28917
ENSG00000099860,GADD45B,1627,2.76748,298,-0.6868,183,-1.2774,197,-1.4532
ENSG00000104964,TLE5,426,-1.7330,1535,0.42026,521,-1.4293,1597,0.52356
ENSG00000167658,EEF2,485,-0.3946,836,0.77770,416,-0.6366,512,-0.4121
ENSG00000130255,RPL36,1532,0.17295,1874,0.78801,1789,0.43516,701,-1.3497
ENSG00000174917,MICOS13,287,-0.5659,485,0.42347,240,-0.8495,427,0.10764
ENSG00000174886,NDUFA11,661,-0.5651,883,-0.1369,2782,2.04263,471,-1.3697
ENSG00000104833,TUBB4A,1046,0.62209,368,-1.3513,495,-0.6157,1053,0.99208
ENSG00000229833,PET100,352,-0.0759,368,-0.0066,19,-4.4230,492,0.73761
ENSG00000181029,TRAPPC5,83,-2.2508,409,0.32042,251,-0.5748,435,0.47673
ENSG00000178531,CTXN1,33,-4.2235,630,0.33526,624,0.21438,614,0.26772
ENSG00000233927,RPS28,2741,0.33384,3261,0.99479,1334,-0.8326,1368,-1.0176
ENSG00000198258,UBL5,758,-0.4078,938,-0.0895,1196,0.34093,1012,0.08560
ENSG00000127445,PIN1,163,-2.1711,699,0.11757,401,-0.8092,886,0.73457
ENSG00000129355,CDKN2D,42,-3.6483,501,0.14007,1118,1.55908,370,-0.5236
ENSG00000105583,WDR83OS,421,0.43149,400,0.50500,4,-6.3143,327,0.01093
ENSG00000123144,TRIR,2740,0.79191,557,-2.1249,5208,2.08146,1400,-0.4581
ENSG00000167815,PRDX2,413,-1.5135,672,-0.9851,1919,0.99171,1442,0.72841
ENSG00000179218,CALR,381,-0.4378,225,-1.5600,1447,1.99111,497,-0.0104
ENSG00000179271,GADD45GIP1,1259,0.42355,625,-0.9284,998,0.03250,1232,0.57540
ENSG00000104979,C19orf53,341,-0.2524,338,-0.3644,189,-1.1800,548,0.82761
ENSG00000099795,NDUFB7,202,-1.3606,501,0.10170,670,0.56634,487,0.03702
ENSG00000105640,RPL18A,892,0.75171,802,0.87304,383,-0.6499,305,-1.2712
ENSG00000099308,MAST3,285,-0.6436,473,0.24762,345,-0.3438,453,0.14622
ENSG00000105649,RAB3A,30,-4.3934,468,-0.3920,352,-0.7402,896,1.32615
ENSG00000130522,JUND,4156,1.84606,731,-1.4598,2567,0.89266,1110,-0.6834
ENSG00000105701,FKBP8,2086,0.52314,756,-1.3994,1684,0.15794,2069,0.77676
ENSG00000221983,UBA52,489,-0.5447,583,-0.3556,1663,1.60765,526,-0.5669
ENSG00000006015,REX1BD,76,-2.7597,267,-1.1154,454,-0.0283,789,1.56456
ENSG00000105696,TMEM59L,32,-5.0497,886,-0.1209,861,-0.1354,1309,0.88164
ENSG00000223802,CERS1,1051,1.93114,174,-1.4943,399,0.11405,335,-0.2338
ENSG00000186010,NDUFA13,887,-0.2557,1183,0.31591,1059,0.03321,935,-0.2325
ENSG00000250067,YJEFN3,82,-2.3010,341,-0.1560,64,-2.6653,585,1.32067
ENSG00000169021,UQCRFS1,72,-2.8562,791,1.50478,74,-2.8249,415,-0.2789
ENSG00000105220,GPI,179,-2.0453,519,-0.5484,348,-1.0380,1089,1.38589
ENSG00000105711,SCN1B,212,-1.4119,299,-1.1271,497,-0.0771,853,1.40830
ENSG00000221946,FXYD7,28,-3.9062,411,0.22625,4,-6.5013,575,1.18236
ENSG00000105697,HAMP,2009,2.55839,525,-0.1016,441,-0.3572,123,-2.7085
ENSG00000126267,COX6B1,489,-1.0198,1042,0.27526,1078,0.24894,912,-0.0408
ENSG00000105290,APLP1,2326,2.10914,406,-1.2630,255,-1.7103,766,0.01142
ENSG00000105270,CLIP3,199,-0.5483,258,-0.1787,11,-4.8097,418,1.08198
ENSG00000105258,POLR2I,490,-0.0450,353,-0.7501,1156,1.49368,441,-0.2941
ENSG00000105254,TBCB,833,0.68424,349,-0.9675,620,0.17804,653,0.38542
ENSG00000126247,CAPNS1,124,-1.8178,303,-0.5989,823,1.27296,449,0.27533
ENSG00000161281,COX7A1,70,-2.5680,427,0.32978,201,-0.9834,476,0.61677
ENSG00000167642,SPINT2,94,-2.1630,473,0.52351,49,-3.1070,500,0.67751
ENSG00000167641,PPP1R14A,3673,3.56739,71,-3.9756,1876,1.72807,25,-5.4778
ENSG00000099341,PSMD8,233,-0.5910,252,-0.6183,586,0.96285,372,0.23899
ENSG00000178982,EIF3K,400,-0.4273,474,-0.2138,54,-3.4214,765,1.02568
ENSG00000105193,RPS16,673,0.75750,481,0.25527,575,0.48079,256,-1.0726
ENSG00000174521,TTC9B,45,-3.4659,370,-0.3971,385,-0.2277,668,1.11715
ENSG00000105223,PLD3,140,-2.4827,746,0.12816,1220,0.94686,684,-0.0736
ENSG00000105372,RPS19,949,1.38705,522,0.44291,107,-2.1713,288,-0.8631
ENSG00000105404,RABAC1,325,-0.9415,465,-0.5091,1683,1.96386,433,-0.6518
ENSG00000105409,ATP1A3,8,-6.1708,845,1.13002,231,-1.3841,563,0.02110
ENSG00000130203,APOE,2070,0.40426,1884,0.35498,4485,1.87866,270,-3.1723
ENSG00000125743,SNRPD2,962,0.14773,827,-0.1408,1642,1.08992,652,-0.6416
ENSG00000160014,CALM3,497,-2.8640,2949,-0.2054,2571,-0.3710,4644,0.96264
ENSG00000042753,AP2S1,294,-0.9834,624,0.32593,280,-1.0557,638,0.38356
ENSG00000130748,TMEM160,203,-1.6959,906,1.11200,127,-2.3937,588,-0.0514
ENSG00000105402,NAPA,180,-1.5742,568,0.34860,329,-0.6434,573,0.37336
ENSG00000178980,SELENOW,5925,0.54104,3162,-0.6577,4073,-0.0905,4982,0.35432
ENSG00000063177,RPL18,2115,0.88184,1390,0.21731,1871,0.66191,664,-1.2962
ENSG00000063180,CA11,131,-1.6636,557,1.01168,110,-1.9269,379,-0.0111
ENSG00000087086,FTL,4061,0.97012,3148,0.78614,1339,-0.8779,1242,-1.2568
ENSG00000104888,SLC17A7,2,-8.9776,795,-0.7343,1306,0.24880,1769,1.25936
ENSG00000142541,RPL13A,1335,0.90951,845,0.16344,1063,0.50372,458,-1.1051
ENSG00000142534,RPS11,1721,0.67803,1086,-0.1416,869,-0.4621,1134,-0.0450
ENSG00000104960,PTOV1,469,0.12054,395,-0.2227,577,0.47020,420,-0.0880
ENSG00000105568,PPP2R1A,88,-3.2095,865,0.42784,380,-1.0301,916,0.57970
ENSG00000170906,NDUFA3,1308,0.04290,1437,0.28889,494,-1.4872,1360,0.15350
ENSG00000170889,RPS9,1372,1.86201,404,-0.4707,114,-2.2783,438,-0.3014
ENSG00000167614,TTYH1,658,0.31912,859,1.27856,284,-1.0325,276,-1.3484
ENSG00000108107,RPL28,1747,0.91127,1253,0.48027,207,-2.4720,845,-0.4343
ENSG00000121413,ZSCAN18,616,0.86356,118,-2.1448,209,-0.9229,601,1.34697
ENSG00000083845,RPS5,1555,1.31959,444,-1.0455,1139,0.73831,630,-0.3539
ENSG00000130725,UBE2M,265,-0.7715,373,-0.3104,475,0.17253,524,0.49421
ENSG00000088832,FKBP1A,68,-3.4948,457,-0.8541,933,0.51698,1042,1.13512
ENSG00000198053,SIRPA,138,-1.9376,502,0.09848,312,-0.6968,632,0.69037
ENSG00000088899,LZTS3,1,-7.7178,578,2.28498,4,-6.1609,195,-0.8314
ENSG00000171867,PRNP,768,-0.9856,1262,-0.2749,2314,0.83042,1518,0.14380
ENSG00000132639,SNAP25,71,-5.9247,3162,-0.4010,1635,-1.3277,6391,1.51335
ENSG00000125851,PCSK2,1,-7.5160,143,-1.5209,217,-0.5699,611,2.23485
ENSG00000125868,DSTN,286,-1.4708,665,-0.2097,632,-0.2341,976,0.74326
ENSG00000125814,NAPB,12,-6.2576,573,-0.7806,1326,0.80279,1196,0.96707
ENSG00000101439,CST3,6233,-0.0707,9329,0.95471,13706,1.32296,1376,-2.8002
ENSG00000125971,DYNLRB1,205,-1.8145,475,-0.6931,240,-1.5817,1132,1.59693
ENSG00000101460,MAP1LC3A,304,-1.1391,431,-0.7808,1164,1.08942,744,0.43080
ENSG00000125995,ROMO1,243,-0.8575,399,-0.0907,798,1.14429,362,-0.3072
ENSG00000260032,NORAD,309,-2.6430,856,-1.3942,2511,0.63680,2810,1.38258
ENSG00000101079,NDRG3,85,-2.3527,160,-1.7363,790,1.22822,598,1.14028
ENSG00000166619,BLCAP,26,-4.0694,540,0.80078,159,-1.4293,455,0.33113
ENSG00000132824,SERINC3,532,-0.2729,343,-1.2208,235,-1.5432,1078,1.58475
ENSG00000166913,YWHAB,284,-1.7107,917,0.18131,156,-2.6013,1201,0.91200
ENSG00000244274,DBNDD2,6366,2.54123,346,-2.9061,5518,2.18385,365,-2.8208
ENSG00000124140,SLC12A5,1,-8.4048,639,0.80157,125,-2.0475,568,0.47647
ENSG00000054793,ATP9A,67,-2.4216,288,-0.2666,230,-0.5587,479,1.04303
ENSG00000087460,GNAS,562,-2.3367,2950,0.34738,2479,-0.0494,2850,0.26122
ENSG00000124172,ATP5F1E,2000,-0.0749,2135,0.04469,1384,-0.6658,2321,0.24567
ENSG00000101182,PSMA7,1793,0.82276,487,-1.6095,1795,0.82483,1280,0.34226
ENSG00000171858,RPS21,1126,-0.2502,2322,1.71318,633,-1.1545,593,-1.5559
ENSG00000101210,EEF1A2,74,-3.6792,1199,0.92848,236,-1.9735,946,0.27565
ENSG00000125534,PPDPF,8245,1.87470,779,-2.4737,5605,1.09417,2598,-0.3173
ENSG00000197457,STMN3,87,-2.5179,547,0.49217,400,-0.1829,485,0.18924
ENSG00000171703,TCEA2,101,-1.8523,436,0.69438,317,-0.0729,309,-0.1577
ENSG00000154723,ATP5PF,648,-0.7185,1239,0.49359,36,-4.9657,1238,0.49194
ENSG00000142192,APP,943,-0.7797,1198,-0.5359,2112,0.53921,1878,0.49736
ENSG00000142168,SOD1,1078,-0.1685,778,-0.8943,1070,-0.1816,1694,0.91801
ENSG00000184221,OLIG1,3510,3.58049,253,-1.9207,673,-0.0528,206,-2.2602
ENSG00000241837,ATP5PO,687,0.12042,826,0.64871,74,-3.2800,624,-0.0533
ENSG00000159228,CBR1,1837,3.05568,174,-1.7142,594,0.57658,143,-2.0460
ENSG00000182670,TTC3,54,-2.4672,267,-0.0461,4,-6.0663,440,1.35300
ENSG00000160307,S100B,10313,3.26833,1016,-1.5370,3619,0.83673,274,-3.6313
ENSG00000131100,ATP6V1E1,354,-0.7118,517,-0.1460,4,-7.0834,834,1.12675
ENSG00000241973,PI4KA,121,-2.2140,452,-0.2607,10,-5.8120,859,1.52907
ENSG00000100030,MAPK1,50,-3.1320,411,0.12217,206,-1.0139,545,0.86891
ENSG00000250479,CHCHD10,148,-2.7100,1015,0.37836,853,-0.0301,968,0.25782
ENSG00000240972,MIF,1770,-0.0758,2150,0.35988,841,-1.2474,1922,0.08466
ENSG00000099977,DDT,638,0.77674,309,-0.5838,79,-2.5110,533,0.69689
ENSG00000182944,EWSR1,1082,0.64574,265,-1.9496,504,-0.6194,1180,1.30875
ENSG00000184076,UQCR10,386,-1.7777,1567,0.65664,319,-2.0626,1421,0.39402
ENSG00000198832,SELENOM,251,-1.1046,566,0.27600,163,-1.7611,641,0.60109
ENSG00000128245,YWHAH,124,-4.7998,2025,-0.8562,4092,0.49556,4705,1.19268
ENSG00000241360,PDXP,81,-2.9059,444,-0.4529,1590,1.99854,456,-0.3962
ENSG00000100201,DDX17,541,0.66888,422,0.34443,217,-0.8351,300,-0.4282
ENSG00000221890,NPTXR,52,-3.0660,566,0.98382,4,-6.5896,458,0.38361
ENSG00000183741,CBX6,169,-1.6278,592,0.52070,616,0.42050,425,-0.2670
ENSG00000100316,RPL3,1072,0.34840,725,-0.4020,1756,1.23827,654,-0.6129
ENSG00000100321,SYNGR1,1,-7.7162,267,-0.1857,4,-6.1579,505,1.64259
ENSG00000128272,ATF4,649,0.95451,181,-1.4336,717,1.14195,361,-0.0822
ENSG00000187051,RPS19BP1,379,-0.1469,311,-0.6184,810,1.17673,399,-0.0892
ENSG00000100380,ST13,378,-0.2175,462,0.15730,614,0.59521,360,-0.4025
ENSG00000100387,RBX1,443,-0.1412,403,-0.3971,223,-1.2176,662,0.82031
ENSG00000100412,ACO2,478,0.33003,457,0.37142,4,-6.5828,428,0.20757
ENSG00000100138,SNU13,39,-3.7010,529,0.38516,170,-1.5335,606,0.75295
ENSG00000100167,SEPTIN3,51,-2.9831,479,0.72931,229,-0.7208,388,0.17491
ENSG00000184983,NDUFA6,338,-0.4422,350,-0.5148,675,0.71424,497,0.26685
ENSG00000130540,SULT4A1,30,-3.8419,319,-0.3819,406,0.11119,548,0.97518
ENSG00000169100,SLC25A6,290,-0.6465,586,0.76838,172,-1.4511,418,-0.0851
ENSG00000205542,TMSB4X,4605,0.62927,2928,-0.1866,3014,-0.0885,3014,-0.1220
ENSG00000046653,GPM6B,3816,0.84564,1002,-1.6453,6980,2.06196,1626,-0.7633
ENSG00000149970,CNKSR2,1,-8.1505,280,-0.7136,389,-0.0128,636,1.36781
ENSG00000156298,TSPAN7,95,-4.0830,1147,-0.4700,2352,0.86612,1832,0.63765
ENSG00000182220,ATP6AP2,132,-2.1272,381,-0.6759,877,0.88831,680,0.65725
ENSG00000147123,NDUFB11,222,-1.2482,652,0.73305,35,-3.9786,568,0.35956
ENSG00000102226,USP11,35,-3.7837,448,0.08417,600,0.55813,492,0.31371
ENSG00000008056,SYN1,1,-8.3564,417,-0.1845,383,-0.2700,661,1.01545
ENSG00000102109,PCSK1N,186,-2.8409,1241,0.10106,614,-1.0497,1663,0.87755
ENSG00000102003,SYP,44,-4.3412,835,0.13352,42,-4.4026,1239,1.25825
ENSG00000179222,MAGED1,159,-1.6106,386,-0.3219,961,1.36338,432,-0.0792
ENSG00000198034,RPS4X,1670,1.25679,1069,0.67314,10,-6.5235,557,-0.8097
ENSG00000186462,NAP1L2,1,-8.3478,214,-1.4613,214,-1.1713,913,2.40788
ENSG00000131174,COX7B,568,-0.4045,592,-0.4544,690,-0.0905,932,0.62010
ENSG00000102144,PGK1,350,-1.0808,541,-0.5340,229,-1.7281,1112,1.33655
ENSG00000186310,NAP1L3,26,-5.1770,138,-3.1890,1332,0.78613,1655,2.22120
ENSG00000241343,RPL36A,668,0.15423,686,0.28608,945,0.75231,400,-0.8760
ENSG00000184905,TCEAL2,164,-1.2820,352,-0.1104,108,-1.9033,543,1.02934
ENSG00000184515,BEX5,28,-3.9605,439,0.27154,4,-6.5928,596,1.13999
ENSG00000133169,BEX1,238,-2.6082,1231,-0.1318,1231,-0.0955,1758,0.76782
ENSG00000102409,BEX4,621,0.01657,476,-0.5529,78,-3.1332,931,1.12863
ENSG00000133134,BEX2,319,-1.2214,606,-0.2942,203,-1.9095,1066,1.18544
ENSG00000182916,TCEAL7,849,1.19997,222,-1.3119,453,0.09073,488,0.30809
ENSG00000166681,BEX3,640,-1.5133,1518,-0.2276,406,-2.1967,2614,1.22232
ENSG00000133142,TCEAL4,435,-0.0404,505,0.30152,638,0.60898,326,-0.6686
ENSG00000123562,MORF4L2,307,-1.6192,579,-0.8391,479,-0.9412,1464,1.53689
ENSG00000123560,PLP1,24132,4.11111,443,-3.8753,7396,0.96577,348,-4.2357
ENSG00000101856,PGRMC1,225,-1.3381,328,-0.9778,1304,1.64835,567,0.17421
ENSG00000005022,SLC25A5,349,-0.5677,508,0.05070,282,-0.9041,607,0.49344
ENSG00000198918,RPL39,2454,0.72295,1978,0.51390,1771,0.16098,900,-1.1740
ENSG00000125356,NDUFA1,925,-0.2727,1059,-0.0715,1031,-0.0958,1204,0.22914
ENSG00000134590,RTL8C,557,-0.2594,539,-0.4225,637,-0.0412,805,0.51867
ENSG00000010404,IDS,232,-2.7539,1616,0.34444,1782,0.40311,1450,0.07932
ENSG00000147403,RPL10,1488,0.95792,806,-0.1363,775,-0.1625,722,-0.3740
ENSG00000071553,ATP6AP1,310,-0.4430,422,0.07669,451,0.16564,413,0.02616
ENSG00000203879,GDI1,363,-1.0879,487,-0.8217,1383,1.14105,854,0.41255
ENSG00000198888,MT-ND1,5273,-1.4116,25966,2.34348,982,-3.8976,6441,-1.3855
ENSG00000198763,MT-ND2,5397,-1.3659,25988,2.38822,2877,-2.3105,5515,-1.6448
ENSG00000198804,MT-CO1,9031,-1.4675,41737,1.83112,11185,-1.1410,12811,-1.1828
ENSG00000198712,MT-CO2,8651,-1.3590,36362,1.72742,5310,-2.0937,13647,-0.8505
ENSG00000228253,MT-ATP8,76,-2.3028,792,3.52234,5,-6.0462,87,-2.4919
ENSG00000198899,MT-ATP6,5605,-1.4681,26551,1.94379,4062,-1.9528,8279,-1.1094
ENSG00000198938,MT-CO3,6963,-1.6718,38519,2.04330,2624,-3.1192,12378,-1.0157
ENSG00000198840,MT-ND3,2387,-2.2042,20219,2.43192,3415,-1.6680,4310,-1.6245
ENSG00000212907,MT-ND4L,377,-1.2906,1900,3.06062,44,-4.4418,238,-2.3576
ENSG00000198886,MT-ND4,8482,-0.9216,27484,1.83547,5166,-1.6787,8285,-1.2140
ENSG00000198786,MT-ND5,1572,-0.7458,4904,2.20577,546,-2.3495,1065,-1.6593
ENSG00000198695,MT-ND6,273,-1.0090,909,1.70820,4,-6.9853,371,-0.6952
ENSG00000198727,MT-CYB,3745,-1.4980,17846,1.87853,1287,-3.0864,6411,-0.8695
