"MBv_sample","sample_id","seq","condition","sex","age","RIN","BMI","Smoking"
"MBv_063","V13B23-380_C1","Psomagen-1","NTC","M",49,8.8,26.5,"No"
"MBv_077","V13B23-342_A1","Psomagen-1","NTC","F",51.9,8.8,19.6,"No"
"MBv_111","V13B23-302_C1","Psomagen-1","NTC","M",27.5,8.6,24.6,"No"
"MBv_101","V13B23-330_A1","Psomagen-1","NTC","M",23.2,8.6,21.1,"No"
"MBv_115","V13B23-403_C1","Psomagen-1","NTC","M",30.6,7.9,32,"No"
"MBv_068","V13B23-381_D1","Psomagen-1","NTC","F",48.2,7.5,32.8,"No"
"MBv_119","V13B23-404_C1","Psomagen-1","MDD","M",29.6,7,36.8,"No"
"MBv_109","V13B23-302_A1","Psomagen-1","MDD","M",43.2,7.3,27.3,"No"
"MBv_116","V13B23-403_D1","Psomagen-1","NTC","F",63.2,6.8,28.6,"No"
"MBv_032","V13B23-332_D1","Psomagen-1","BPD","M",59.1,7.3,25.1,"Yes"
"MBv_024","V13Y10-023_D1","SKCCC","MDD","F",54.2,7.4,29.3,"No"
"MBv_071","V13B23-382_C1","Psomagen-1","MDD","M",56.3,7.6,27.1,"No"
"MBv_106","V13B23-301_C1","Psomagen-1","MDD","F",53.5,7.1,31,"Yes"
"MBv_117","V13B23-404_A1","Psomagen-1","BPD","M",29.7,7.8,27.2,"No"
"MBv_112","V13B23-302_D1","Psomagen-1","NTC","F",57.8,8.3,24.6,"No"
"MBv_090","V13B23-327_B1","Psomagen-1","BPD","M",48.4,8.1,27.9,"Yes"
"MBv_079","V13B23-342_C1","Psomagen-1","BPD","F",56.4,8.7,27.8,"Yes"
"MBv_084","V13B23-339_D1","Psomagen-1","BPD","M",41.2,7.5,31,"No"
"MBv_030","V13B23-332_B1","Psomagen-1","NTC","M",59.9,7.4,38.8,"No"
"MBv_016","V13Y10-021_D1","SC-TC","NTC","F",50.4,8.1,20.8,"No"
"MBv_080","V13B23-342_D1","Psomagen-1","BPD","M",34.9,7.8,26.8,"Yes"
"MBv_066","V13B23-381_B1","Psomagen-1","BPD","F",45.5,8.4,27.2,"Yes"
"MBv_002","V13F27-338_B1","SC-TC","NTC","F",48.7,8,25,"Yes"
"MBv_061","V13B23-380_A1","Psomagen-1","MDD","M",53.1,8.4,30.9,"Yes"
"MBv_064","V13B23-380_D1","Psomagen-1","NTC","F",31.3,6.6,47.8,"No"
"MBv_056","V13B23-311_D1","Psomagen-1","BPD","F",52,8.1,22.3,"Yes"
"MBv_053","V13B23-311_A1","Psomagen-1","NTC","M",51.6,8.9,28,"No"
"MBv_020","V13Y10-022_D1","SKCCC","NTC","F",52.7,8.4,26,"Yes"
"MBv_040","V13B23-334_D1","Psomagen-1","NTC","M",50.2,7.9,27.9,"No"
"MBv_069","V13B23-382_A1","Psomagen-1","BPD","M",51.9,8.7,33,"No"
"MBv_065","V13B23-381_A1","Psomagen-1","BPD","M",52.9,8.7,31.3,"No"
"MBv_057","V13B23-352_A1","Psomagen-1","MDD","M",49.8,7.5,28.6,"No"
"MBv_083","V13B23-339_C1","Psomagen-1","BPD","F",45.6,8.7,21.1,"No"
"MBv_062","V13B23-380_B1","Psomagen-1","MDD","F",34.8,8.9,37.3,"No"
"MBv_049","V13B23-310_A1","Psomagen-1","NTC","M",49.2,7.4,33.5,"No"
"MBv_059","V13B23-352_C1","Psomagen-1","BPD","M",53.9,8.4,38.1,"Yes"
"MBv_045","V13B23-309_A1","Psomagen-1","BPD","F",20.5,8.9,19.7,"Yes"
"MBv_078","V13B23-342_B1","Psomagen-1","NTC","M",24.2,8.7,31.2,"No"
"MBv_097","V13B23-329_A1","Psomagen-1","NTC","M",24.7,8.5,66.9,"No"
"MBv_055","V13B23-311_C1","Psomagen-1","BPD","M",45.7,7.2,43.7,"No"
"MBv_089","V13B23-327_A1","Psomagen-1","BPD","F",52.4,8.7,28.3,"Yes"
"MBv_019","V13Y10-022_C1","SKCCC","NTC","M",55.9,8.5,20.9,"Yes"
"MBv_051","V13B23-310_C1","Psomagen-1","MDD","M",52.4,7.7,30.2,"Yes"
"MBv_093","V13B23-328_A1","Psomagen-1","BPD","F",47.9,8.8,22,"Yes"
"MBv_050","V13B23-310_B1","Psomagen-1","NTC","F",23.2,8.5,20.9,"No"
"MBv_060","V13B23-352_D1","Psomagen-1","BPD","F",55.3,8,50.2,"Yes"
"MBv_015","V13Y10-021_C1","SC-TC","NTC","M",54.3,8.6,30.9,"Yes"
"MBv_085","V13B23-343_A1","Psomagen-1","MDD","F",48.5,8.9,21,"Yes"
"MBv_048","V13B23-309_D1","Psomagen-1","MDD","M",51.5,9.2,27.3,"No"
"MBv_023","V13Y10-023_C1","SKCCC","MDD","M",59.9,8.9,30.4,"Yes"
"MBv_041","V13B23-308_A1","Psomagen-1","BPD","F",26.3,8,36.6,"Yes"
"MBv_014","V13Y10-021_B1","SC-TC","MDD","F",52.1,8.2,36.6,"Yes"
"MBv_017","V13Y10-022_A1","SKCCC","BPD","M",57.1,8.8,39.7,"No"
"MBv_113","V13B23-403_A1","Psomagen-1","BPD","M",24.2,8,20.5,"Yes"
"MBv_099","V13B23-329_C1","Psomagen-1","MDD","M",36,8.2,44.1,"Yes"
"MBv_105","V13B23-301_D1","Psomagen-1","MDD","M",21.2,9.2,42.2,"Yes"
"MBv_126","V13B23-282_B1","Psomagen-2","MDD","F",45.7,8.1,28.9,"No"
"MBv_104","V13B23-330_D1","Psomagen-1","BPD","F",57,7.8,27.6,"Yes"
"MBv_095","V13B23-328_C1","Psomagen-1","MDD","F",58.7,8.4,21.4,"Yes"
"MBv_004","V13F27-338_D1","SC-TC","MDD","F",47.5,7.9,33.4,"Yes"
"MBv_038","V13B23-334_B1","Psomagen-1","MDD","M",52.9,9.5,32.4,"No"
"MBv_007","V13F27-348_C1","SC-TC","BPD","M",46.5,8.2,28.5,"Yes"
"MBv_118","V13B23-404_B1","Psomagen-1","BPD","F",52.5,7.9,27.9,"Yes"
"MBv_046","V13B23-309_B1","Psomagen-1","BPD","M",55.9,9.5,29.6,"Yes"
"MBv_033","V13B23-333_A1","Psomagen-1","MDD","F",31.6,8.2,20.2,"Yes"
"MBv_035","V13B23-333_C1","Psomagen-1","BPD","F",35.3,7.1,38.9,"Yes"
"MBv_006","V13F27-348_B1","SC-TC","NTC","F",48.2,6.2,27.1,"No"
"MBv_031","V13B23-332_C1","Psomagen-1","BPD","F",39.2,8.4,33.8,"Yes"
"MBv_022","V13Y10-023_B1","SKCCC","BPD","F",33.1,7.9,42.9,"No"
"MBv_058","V13B23-352_B1","Psomagen-1","MDD","F",27.2,9.2,21.3,"No"
"MBv_037","V13B23-334_A1","Psomagen-1","MDD","F",41.2,7.7,44.5,"No"
"MBv_018","V13Y10-022_B1","SKCCC","BPD","F",34.5,8.2,44.8,"Yes"
"MBv_107","V13B23-301_B1","Psomagen-1","BPD","M",30.2,7.6,30.6,"Yes"
"MBv_021","V13Y10-023_A1","SKCCC","BPD","M",47.1,8.8,21.7,"Yes"
"MBv_092","V13B23-327_D1","Psomagen-1","NTC","M",28.6,9.1,24.5,"No"
"MBv_034","V13B23-333_B1","Psomagen-1","MDD","M",53.9,8.8,27.7,"Yes"
"MBv_127","V13B23-282_C1","Psomagen-2","BPD","M",50.8,8.1,25.7,"No"
"MBv_120","V13B23-404_D1","Psomagen-1","MDD","F",55.9,7.4,32.4,"No"
"MBv_100","V13B23-329_D1","Psomagen-1","MDD","F",51.2,7.9,38.7,"Yes"
"MBv_088","V13B23-343_D1","Psomagen-1","NTC","M",37.2,7.5,24.7,"No"
"MBv_054","V13B23-311_B1","Psomagen-1","NTC","F",36.7,7.5,57.2,"No"
"MBv_114","V13B23-403_B1","Psomagen-1","BPD","F",47.2,7.2,35.4,"No"
"MBv_096","V13B23-328_D1","Psomagen-1","MDD","M",47.3,8.3,30.3,"Yes"
"MBv_108","V13B23-301_A1","Psomagen-1","BPD","F",54.7,7,23.4,"No"
"MBv_128","V13B23-282_D1","Psomagen-2","BPD","F",36.6,7.4,32.9,"Yes"
"MBv_103","V13B23-330_C1","Psomagen-1","BPD","M",20.6,7.3,22.5,"Yes"
"MBv_042","V13B23-308_B1","Psomagen-1","BPD","M",49.5,7,37.9,"No"
"MBv_072","V13B23-382_D1","Psomagen-1","MDD","F",23.1,7.1,22.4,"Yes"
"MBv_044","V13B23-308_D1","Psomagen-1","NTC","M",48.9,7.4,32.1,"No"
"MBv_005","V13F27-348_A1","SC-TC","NTC","M",58.4,7.2,24.4,"Yes"
"MBv_075","V13B23-340_C1","Psomagen-1","MDD","F",43.6,7.5,44.1,"No"
"MBv_067","V13B23-381_C1","Psomagen-1","NTC","M",55.5,7.1,33.5,"No"
"MBv_036","V13B23-333_D1","Psomagen-1","BPD","M",45.1,7.4,22.4,"Yes"
"MBv_086","V13B23-343_B1","Psomagen-1","MDD","M",46.5,7.3,29.6,"Yes"
"MBv_001","V13F27-338_A1","SC-TC","NTC","M",56.1,7.1,33.6,"No"
"MBv_043","V13B23-308_C1","Psomagen-1","NTC","F",27.4,6.2,27.3,"No"
"MBv_102","V13B23-330_B1","Psomagen-1","NTC","F",54.3,8.4,18.2,"Yes"
"MBv_098","V13B23-329_B1","Psomagen-1","NTC","F",51.1,6,31.8,"No"
"MBv_008","V13F27-348_D1","SC-TC","BPD","F",33.2,7.1,24,"Yes"
"MBv_121","V13B23-279_A1","Psomagen-2","NTC","F",30.3,8.6,37.2,"No"
"MBv_082","V13B23-339_B1","Psomagen-1","MDD","M",49.9,9.1,38,"Yes"
"MBv_047","V13B23-309_C1","Psomagen-1","MDD","F",41.1,7.9,39.2,"Yes"
"MBv_070","V13B23-382_B1","Psomagen-1","BPD","F",37.5,8.2,39.6,"Yes"
"MBv_123","V13B23-279_C1","Psomagen-2","MDD","F",33,8.4,22.6,"Yes"
"MBv_052","V13B23-310_D1","Psomagen-1","MDD","F",36.8,7,23.9,"Yes"
"MBv_110","V13B23-302_B1","Psomagen-1","MDD","F",46.8,7.1,40.8,"Yes"
"MBv_074","V13B23-340_B1","Psomagen-1","NTC","M",29.2,6.6,39.6,"No"
"MBv_125","V13B23-282_A1","Psomagen-2","MDD","M",49.9,7.1,42.3,"Yes"
"MBv_081","V13B23-283_B1","Psomagen-1","MDD","F",46.5,7.2,54.2,"Yes"
"MBv_087","V13B23-343_C1","Psomagen-1","NTC","F",57.6,7.3,34,"No"
"MBv_076","V13B23-340_D1","Psomagen-1","MDD","M",28.3,7,19.8,"Yes"
"MBv_122","V13B23-279_B1","Psomagen-2","NTC","M",48,6.8,34.9,"No"
"MBv_094","V13B23-328_B1","Psomagen-1","BPD","M",35,7.2,33.6,"Yes"
"MBv_091","V13B23-327_C1","Psomagen-1","NTC","F",53.4,6.9,30.4,"No"
"MBv_013","V13Y10-021_A1","SC-TC","MDD","M",55.6,7,22.9,"Yes"
"MBv_039","V13B23-334_C1","Psomagen-1","NTC","F",20.2,6,39.5,"No"
"MBv_029","V13B23-332_A1","Psomagen-1","NTC","F",37.3,6.9,31.6,"No"
"MBv_124","V13B23-279_D1","Psomagen-2","MDD","M",39.4,7.2,27.4,"No"
"MBv_073","V13B23-340_A1","Psomagen-1","NTC","F",28.2,7.4,24,"No"
