"","sample_id","MBv_sample","brnum","title"
"1","V13F27-338_A1","MBv_001","Br6529","MBv_001_NTC_M_Br6529"
"2","V13F27-338_B1","MBv_002","Br5314","MBv_002_NTC_F_Br5314"
"3","V13F27-338_D1","MBv_004","Br5902","MBv_004_MDD_F_Br5902"
"4","V13F27-348_A1","MBv_005","Br6436","MBv_005_NTC_M_Br6436"
"5","V13F27-348_B1","MBv_006","Br5993","MBv_006_NTC_F_Br5993"
"6","V13F27-348_C1","MBv_007","Br5916","MBv_007_BD_M_Br5916"
"7","V13F27-348_D1","MBv_008","Br8092","MBv_008_BD_F_Br8092"
"8","V13Y10-021_A1","MBv_013","Br8600","MBv_013_MDD_M_Br8600"
"9","V13Y10-021_B1","MBv_014","Br5760","MBv_014_MDD_F_Br5760"
"10","V13Y10-021_C1","MBv_015","Br5639","MBv_015_NTC_M_Br5639"
"11","V13Y10-021_D1","MBv_016","Br5280","MBv_016_NTC_F_Br5280"
"12","V13Y10-022_A1","MBv_017","Br5799","MBv_017_BD_M_Br5799"
"13","V13Y10-022_B1","MBv_018","Br6126","MBv_018_BD_F_Br6126"
"14","V13Y10-022_C1","MBv_019","Br5599","MBv_019_NTC_M_Br5599"
"15","V13Y10-022_D1","MBv_020","Br5400","MBv_020_NTC_F_Br5400"
"16","V13Y10-023_A1","MBv_021","Br6192","MBv_021_BD_M_Br6192"
"17","V13Y10-023_B1","MBv_022","Br6016","MBv_022_BD_F_Br6016"
"18","V13Y10-023_C1","MBv_023","Br5694","MBv_023_MDD_M_Br5694"
"19","V13Y10-023_D1","MBv_024","Br3893","MBv_024_MDD_F_Br3893"
"20","V13B23-283_B1","MBv_081","Br8237","MBv_081_MDD_F_Br8237"
"21","V13B23-301_A1","MBv_108","Br6344","MBv_108_BD_F_Br6344"
"22","V13B23-301_B1","MBv_107","Br6148","MBv_107_BD_M_Br6148"
"23","V13B23-301_C1","MBv_106","Br5137","MBv_106_MDD_F_Br5137"
"24","V13B23-301_D1","MBv_105","Br5834","MBv_105_MDD_M_Br5834"
"25","V13B23-302_A1","MBv_109","Br2761","MBv_109_MDD_M_Br2761"
"26","V13B23-302_B1","MBv_110","Br8210","MBv_110_MDD_F_Br8210"
"27","V13B23-302_C1","MBv_111","Br1204","MBv_111_NTC_M_Br1204"
"28","V13B23-302_D1","MBv_112","Br5228","MBv_112_NTC_F_Br5228"
"29","V13B23-308_A1","MBv_041","Br5753","MBv_041_BD_F_Br5753"
"30","V13B23-308_B1","MBv_042","Br6413","MBv_042_BD_M_Br6413"
"31","V13B23-308_C1","MBv_043","Br6588","MBv_043_NTC_F_Br6588"
"32","V13B23-308_D1","MBv_044","Br6432","MBv_044_NTC_M_Br6432"
"33","V13B23-309_A1","MBv_045","Br5481","MBv_045_BD_F_Br5481"
"34","V13B23-309_B1","MBv_046","Br5939","MBv_046_BD_M_Br5939"
"35","V13B23-309_C1","MBv_047","Br8127","MBv_047_MDD_F_Br8127"
"36","V13B23-309_D1","MBv_048","Br5673","MBv_048_MDD_M_Br5673"
"37","V13B23-310_A1","MBv_049","Br5472","MBv_049_NTC_M_Br5472"
"38","V13B23-310_B1","MBv_050","Br5622","MBv_050_NTC_F_Br5622"
"39","V13B23-310_C1","MBv_051","Br5600","MBv_051_MDD_M_Br5600"
"40","V13B23-310_D1","MBv_052","Br8158","MBv_052_MDD_F_Br8158"
"41","V13B23-311_A1","MBv_053","Br5395","MBv_053_NTC_M_Br5395"
"42","V13B23-311_B1","MBv_054","Br6297","MBv_054_NTC_F_Br6297"
"43","V13B23-311_C1","MBv_055","Br5589","MBv_055_BD_M_Br5589"
"44","V13B23-311_D1","MBv_056","Br5392","MBv_056_BD_F_Br5392"
"45","V13B23-327_A1","MBv_089","Br5594","MBv_089_BD_F_Br5594"
"46","V13B23-327_B1","MBv_090","Br5249","MBv_090_BD_M_Br5249"
"47","V13B23-327_C1","MBv_091","Br8492","MBv_091_NTC_F_Br8492"
"48","V13B23-327_D1","MBv_092","Br6197","MBv_092_NTC_M_Br6197"
"49","V13B23-328_A1","MBv_093","Br5617","MBv_093_BD_F_Br5617"
"50","V13B23-328_B1","MBv_094","Br8485","MBv_094_BD_M_Br8485"
"51","V13B23-328_C1","MBv_095","Br5861","MBv_095_MDD_F_Br5861"
"52","V13B23-328_D1","MBv_096","Br6320","MBv_096_MDD_M_Br6320"
"53","V13B23-329_A1","MBv_097","Br5572","MBv_097_NTC_M_Br5572"
"54","V13B23-329_B1","MBv_098","Br8073","MBv_098_NTC_F_Br8073"
"55","V13B23-329_C1","MBv_099","Br5831","MBv_099_MDD_M_Br5831"
"56","V13B23-329_D1","MBv_100","Br6256","MBv_100_MDD_F_Br6256"
"57","V13B23-330_A1","MBv_101","Br2371","MBv_101_NTC_M_Br2371"
"58","V13B23-330_B1","MBv_102","Br8042","MBv_102_NTC_F_Br8042"
"59","V13B23-330_C1","MBv_103","Br6382","MBv_103_BD_M_Br6382"
"60","V13B23-330_D1","MBv_104","Br5856","MBv_104_BD_F_Br5856"
"61","V13B23-332_A1","MBv_029","Br8667","MBv_029_NTC_F_Br8667"
"62","V13B23-332_B1","MBv_030","Br5276","MBv_030_NTC_M_Br5276"
"63","V13B23-332_C1","MBv_031","Br6000","MBv_031_BD_F_Br6000"
"64","V13B23-332_D1","MBv_032","Br3881","MBv_032_BD_M_Br3881"
"65","V13B23-333_A1","MBv_033","Br5958","MBv_033_MDD_F_Br5958"
"66","V13B23-333_B1","MBv_034","Br6203","MBv_034_MDD_M_Br6203"
"67","V13B23-333_C1","MBv_035","Br5960","MBv_035_BD_F_Br5960"
"68","V13B23-333_D1","MBv_036","Br6489","MBv_036_BD_M_Br6489"
"69","V13B23-334_A1","MBv_037","Br6114","MBv_037_MDD_F_Br6114"
"70","V13B23-334_B1","MBv_038","Br5910","MBv_038_MDD_M_Br5910"
"71","V13B23-334_C1","MBv_039","Br8665","MBv_039_NTC_F_Br8665"
"72","V13B23-334_D1","MBv_040","Br5436","MBv_040_NTC_M_Br5436"
"73","V13B23-339_B1","MBv_082","Br8104","MBv_082_MDD_M_Br8104"
"74","V13B23-339_C1","MBv_083","Br5451","MBv_083_BD_F_Br5451"
"75","V13B23-339_D1","MBv_084","Br5272","MBv_084_BD_M_Br5272"
"76","V13B23-340_A1","MBv_073","Br8741","MBv_073_NTC_F_Br8741"
"77","V13B23-340_B1","MBv_074","Br8218","MBv_074_NTC_M_Br8218"
"78","V13B23-340_C1","MBv_075","Br6450","MBv_075_MDD_F_Br6450"
"79","V13B23-340_D1","MBv_076","Br8404","MBv_076_MDD_M_Br8404"
"80","V13B23-342_A1","MBv_077","Br1113","MBv_077_NTC_F_Br1113"
"81","V13B23-342_B1","MBv_078","Br5558","MBv_078_NTC_M_Br5558"
"82","V13B23-342_C1","MBv_079","Br5266","MBv_079_BD_F_Br5266"
"83","V13B23-342_D1","MBv_080","Br5288","MBv_080_BD_M_Br5288"
"84","V13B23-343_A1","MBv_085","Br5666","MBv_085_MDD_F_Br5666"
"85","V13B23-343_B1","MBv_086","Br6499","MBv_086_MDD_M_Br6499"
"86","V13B23-343_C1","MBv_087","Br8325","MBv_087_NTC_F_Br8325"
"87","V13B23-343_D1","MBv_088","Br6279","MBv_088_NTC_M_Br6279"
"88","V13B23-352_A1","MBv_057","Br5448","MBv_057_MDD_M_Br5448"
"89","V13B23-352_B1","MBv_058","Br6021","MBv_058_MDD_F_Br6021"
"90","V13B23-352_C1","MBv_059","Br5477","MBv_059_BD_M_Br5477"
"91","V13B23-352_D1","MBv_060","Br5623","MBv_060_BD_F_Br5623"
"92","V13B23-380_A1","MBv_061","Br5366","MBv_061_MDD_M_Br5366"
"93","V13B23-380_B1","MBv_062","Br5454","MBv_062_MDD_F_Br5454"
"94","V13B23-380_C1","MBv_063","Br1092","MBv_063_NTC_M_Br1092"
"95","V13B23-380_D1","MBv_064","Br5367","MBv_064_NTC_F_Br5367"
"96","V13B23-381_A1","MBv_065","Br5440","MBv_065_BD_M_Br5440"
"97","V13B23-381_B1","MBv_066","Br5312","MBv_066_BD_F_Br5312"
"98","V13B23-381_C1","MBv_067","Br6471","MBv_067_NTC_M_Br6471"
"99","V13B23-381_D1","MBv_068","Br2720","MBv_068_NTC_F_Br2720"
"100","V13B23-382_A1","MBv_069","Br5437","MBv_069_BD_M_Br5437"
"101","V13B23-382_B1","MBv_070","Br8134","MBv_070_BD_F_Br8134"
"102","V13B23-382_C1","MBv_071","Br3998","MBv_071_MDD_M_Br3998"
"103","V13B23-382_D1","MBv_072","Br6424","MBv_072_MDD_F_Br6424"
"104","V13B23-403_A1","MBv_113","Br5803","MBv_113_BD_M_Br5803"
"105","V13B23-403_B1","MBv_114","Br6316","MBv_114_BD_F_Br6316"
"106","V13B23-403_C1","MBv_115","Br2701","MBv_115_NTC_M_Br2701"
"107","V13B23-403_D1","MBv_116","Br2765","MBv_116_NTC_F_Br2765"
"108","V13B23-404_A1","MBv_117","Br5156","MBv_117_BD_M_Br5156"
"109","V13B23-404_B1","MBv_118","Br5920","MBv_118_BD_F_Br5920"
"110","V13B23-404_C1","MBv_119","Br2726","MBv_119_MDD_M_Br2726"
"111","V13B23-404_D1","MBv_120","Br6238","MBv_120_MDD_F_Br6238"
"112","V13B23-279_A1","MBv_121","Br8100","MBv_121_NTC_F_Br8100"
"113","V13B23-279_B1","MBv_122","Br8433","MBv_122_NTC_M_Br8433"
"114","V13B23-279_C1","MBv_123","Br8136","MBv_123_MDD_F_Br8136"
"115","V13B23-279_D1","MBv_124","Br8677","MBv_124_MDD_M_Br8677"
"116","V13B23-282_A1","MBv_125","Br8221","MBv_125_MDD_M_Br8221"
"117","V13B23-282_B1","MBv_126","Br5840","MBv_126_MDD_F_Br5840"
"118","V13B23-282_C1","MBv_127","Br6231","MBv_127_BD_M_Br6231"
"119","V13B23-282_D1","MBv_128","Br6366","MBv_128_BD_F_Br6366"
