comparison_key	n_rows_prefit	n_rows_dataset	route_outputs_identical	max_abs_pp_diff
BD__astro	1	1	TRUE	
MDD__astro	1	1	TRUE	
SCZD__astro	1	1	TRUE	
BD__inhb	1	1	TRUE	
MDD__inhb	1	1	TRUE	
SCZD__inhb	1	1	TRUE	
BD__l2-3	1	1	TRUE	0
MDD__l2-3	1	1	TRUE	0
SCZD__l2-3	1	1	TRUE	0
BD__l4	1	1	TRUE	
MDD__l4	1	1	TRUE	
SCZD__l4	1	1	TRUE	
BD__l5	1	1	TRUE	
MDD__l5	1	1	TRUE	
SCZD__l5	1	1	TRUE	
BD__l6	1	1	TRUE	
MDD__l6	1	1	TRUE	
SCZD__l6	1	1	TRUE	
BD__uvasc	1	1	TRUE	
MDD__uvasc	1	1	TRUE	
SCZD__uvasc	1	1	TRUE	
BD__oligo	1	1	TRUE	
MDD__oligo	1	1	TRUE	
SCZD__oligo	1	1	TRUE	
