step	comparison_key	started	elapsed_seconds	user_seconds	system_seconds
read_nominal_parquet	astro	2026-08-19 23:26:51 -0400	2.969	3.124	0.608
read_nominal_parquet	inhb	2026-08-19 23:26:55 -0400	2.104	2.211	0.464
read_nominal_parquet	l2-3	2026-08-19 23:26:57 -0400	2.249	2.439	0.408
read_nominal_parquet	l4	2026-08-19 23:27:00 -0400	1.774	1.899	0.489
read_nominal_parquet	l5	2026-08-19 23:27:02 -0400	2.414	2.604	0.388
read_nominal_parquet	l6	2026-08-19 23:27:05 -0400	2.111	2.328	0.413
read_nominal_parquet	uvasc	2026-08-19 23:27:07 -0400	0.933	1.096	0.193
read_nominal_parquet	oligo	2026-08-19 23:27:08 -0400	2.043	2.172	0.287
read_pvar	MAPK3	2026-08-19 23:27:11 -0400	54.079	52.176	1.891
read_pgen_hardcalls	MAPK3	2026-08-19 23:28:15 -0400	0.00100000000000477	0	0
build_eqtl_rank_adjusted_ld	astro	2026-08-19 23:28:17 -0400	0.684999999999988	0.575000000000003	0.0750000000000002
build_eqtl_rank_adjusted_ld	inhb	2026-08-19 23:28:21 -0400	0.558999999999998	0.494	0.0650000000000004
build_eqtl_rank_adjusted_ld	l2-3	2026-08-19 23:28:25 -0400	0.578000000000003	0.498000000000005	0.0590000000000002
build_eqtl_rank_adjusted_ld	l4	2026-08-19 23:28:28 -0400	0.509	0.469999999999999	0.0389999999999997
build_eqtl_rank_adjusted_ld	l5	2026-08-19 23:28:31 -0400	0.548999999999992	0.486000000000004	0.0620000000000003
build_eqtl_rank_adjusted_ld	l6	2026-08-19 23:28:33 -0400	0.533000000000001	0.484999999999999	0.048
build_eqtl_rank_adjusted_ld	uvasc	2026-08-19 23:28:36 -0400	0.489999999999995	0.431000000000012	0.0460000000000003
build_eqtl_rank_adjusted_ld	oligo	2026-08-19 23:28:38 -0400	0.457000000000008	0.421000000000007	0.0370000000000008
extract_and_harmonize_gwas	BD	2026-08-19 23:28:41 -0400	0.26700000000001	0.070999999999998	0.00700000000000056
extract_and_harmonize_gwas	MDD	2026-08-19 23:28:43 -0400	0.256	0.0489999999999924	0.00199999999999978
extract_and_harmonize_gwas	SCZD	2026-08-19 23:28:44 -0400	0.213999999999999	0.034000000000006	0.00100000000000033
read_reference_gt	1000G_EUR	2026-08-19 23:28:46 -0400	0.100000000000009	0.0939999999999941	0.00600000000000023
build_pair_and_ld	BD__astro	2026-08-19 23:28:48 -0400	1.123	1.078	0.0440000000000005
ld_diagnostics	BD__astro__eqtl	2026-08-19 23:28:51 -0400	1.015	20.033	2.482
ld_diagnostics	BD__astro__gwas	2026-08-19 23:28:54 -0400	0.881	15.593	2.41
susie_rss_direct_primary	BD__astro__eqtl	2026-08-19 23:28:57 -0400	0.820000000000022	16.638	0.0709999999999997
runsusie_primary	BD__astro__eqtl	2026-08-19 23:29:02 -0400	0.832000000000022	17.568	0.109999999999999
susie_rss_direct_primary	BD__astro__gwas	2026-08-19 23:29:05 -0400	1.958	29.126	0.359999999999999
runsusie_primary	BD__astro__gwas	2026-08-19 23:29:09 -0400	1.84300000000002	28.794	0.236000000000001
susie_individual	BD__astro__eqtl	2026-08-19 23:29:13 -0400	0.634999999999991	14.568	0.020999999999999
susie_rss_raw_eqtl_ld_sensitivity	BD__astro__eqtl	2026-08-19 23:29:15 -0400	0.544999999999988	12.852	0.0120000000000005
coloc_susie_prefit_primary	BD__astro	2026-08-19 23:29:17 -0400	0.00900000000001455	0.00799999999998136	0
runsusie_common_route_check	BD__astro__eqtl	2026-08-19 23:29:19 -0400	0.372000000000014	8.27300000000003	0.0119999999999987
runsusie_common_route_check	BD__astro__gwas	2026-08-19 23:29:21 -0400	2.583	27.774	0.404
coloc_susie_prefit_common_route_check	BD__astro	2026-08-19 23:29:25 -0400	0.00100000000000477	0.0010000000000332	0
coloc_susie_dataset_common_route_check	BD__astro	2026-08-19 23:29:27 -0400	2.57900000000001	36.842	0.255000000000001
build_pair_and_ld	MDD__astro	2026-08-19 23:29:38 -0400	1.02900000000002	1.02600000000001	0.00199999999999889
ld_diagnostics	MDD__astro__eqtl	2026-08-19 23:29:40 -0400	0.682999999999993	15.585	0.312000000000001
ld_diagnostics	MDD__astro__gwas	2026-08-19 23:29:43 -0400	0.751000000000005	15.139	2.227
susie_rss_direct_primary	MDD__astro__eqtl	2026-08-19 23:29:45 -0400	0.598000000000013	13.359	0.0350000000000001
runsusie_primary	MDD__astro__eqtl	2026-08-19 23:29:47 -0400	0.591999999999985	13.666	0.00600000000000023
susie_rss_direct_primary	MDD__astro__gwas	2026-08-19 23:29:49 -0400	1.001	22.624	0.0579999999999998
runsusie_primary	MDD__astro__gwas	2026-08-19 23:29:52 -0400	0.86099999999999	19.083	0.0940000000000012
susie_individual	MDD__astro__eqtl	2026-08-19 23:29:55 -0400	0.488	11.931	0.00900000000000034
susie_rss_raw_eqtl_ld_sensitivity	MDD__astro__eqtl	2026-08-19 23:29:57 -0400	0.539999999999992	12.912	0.00999999999999801
coloc_susie_prefit_primary	MDD__astro	2026-08-19 23:29:59 -0400	0.007000000000005	0.00700000000006185	0
runsusie_common_route_check	MDD__astro__eqtl	2026-08-19 23:30:01 -0400	0.338999999999999	7.20299999999998	0.0150000000000006
runsusie_common_route_check	MDD__astro__gwas	2026-08-19 23:30:03 -0400	0.905000000000001	19.611	0.0459999999999994
coloc_susie_prefit_common_route_check	MDD__astro	2026-08-19 23:30:05 -0400	0.00100000000000477	0.000999999999976353	0
coloc_susie_dataset_common_route_check	MDD__astro	2026-08-19 23:30:07 -0400	1.505	26.0780000000001	0.0629999999999988
build_pair_and_ld	SCZD__astro	2026-08-19 23:30:17 -0400	1.05799999999999	1.05700000000002	0
ld_diagnostics	SCZD__astro__eqtl	2026-08-19 23:30:20 -0400	0.906999999999982	18.2579999999999	2.112
ld_diagnostics	SCZD__astro__gwas	2026-08-19 23:30:22 -0400	0.788000000000011	16.41	0.254999999999999
susie_rss_direct_primary	SCZD__astro__eqtl	2026-08-19 23:30:25 -0400	0.584000000000003	12.874	0.00199999999999889
runsusie_primary	SCZD__astro__eqtl	2026-08-19 23:30:27 -0400	0.64500000000001	14.042	0.000999999999997669
susie_rss_direct_primary	SCZD__astro__gwas	2026-08-19 23:30:29 -0400	0.804999999999978	17.379	0.0769999999999982
runsusie_primary	SCZD__astro__gwas	2026-08-19 23:30:32 -0400	0.748999999999995	15.49	0.0719999999999992
susie_individual	SCZD__astro__eqtl	2026-08-19 23:30:34 -0400	0.685000000000002	16.015	0.100000000000001
susie_rss_raw_eqtl_ld_sensitivity	SCZD__astro__eqtl	2026-08-19 23:30:36 -0400	0.578000000000003	13.1179999999999	0.00900000000000034
coloc_susie_prefit_primary	SCZD__astro	2026-08-19 23:30:39 -0400	0.007000000000005	0.00699999999994816	0
runsusie_common_route_check	SCZD__astro__eqtl	2026-08-19 23:30:40 -0400	0.36099999999999	7.60500000000002	0.00100000000000122
runsusie_common_route_check	SCZD__astro__gwas	2026-08-19 23:30:42 -0400	0.831999999999994	14.942	0.102
coloc_susie_prefit_common_route_check	SCZD__astro	2026-08-19 23:30:45 -0400	0.00100000000000477	0	0.000999999999997669
coloc_susie_dataset_common_route_check	SCZD__astro	2026-08-19 23:30:47 -0400	1.68299999999999	26.651	0.142000000000003
build_pair_and_ld	BD__inhb	2026-08-19 23:30:57 -0400	1.03999999999999	1.03899999999999	0.00199999999999889
ld_diagnostics	BD__inhb__eqtl	2026-08-19 23:30:59 -0400	0.730000000000018	16.582	0.266999999999999
ld_diagnostics	BD__inhb__gwas	2026-08-19 23:31:02 -0400	0.682999999999993	15.449	0.317
susie_rss_direct_primary	BD__inhb__eqtl	2026-08-19 23:31:04 -0400	7.51000000000002	130.751	0.66
runsusie_primary	BD__inhb__eqtl	2026-08-19 23:31:13 -0400	7.45299999999998	120.332	0.422999999999998
susie_rss_direct_primary	BD__inhb__gwas	2026-08-19 23:31:22 -0400	1.82800000000003	28.3689999999999	0.245000000000001
runsusie_primary	BD__inhb__gwas	2026-08-19 23:31:26 -0400	1.92099999999999	30.8030000000001	0.244
susie_individual	BD__inhb__eqtl	2026-08-19 23:31:29 -0400	2.62399999999997	54.5	0.408999999999999
susie_rss_raw_eqtl_ld_sensitivity	BD__inhb__eqtl	2026-08-19 23:31:34 -0400	3.19200000000001	42.424	0.162000000000003
coloc_susie_prefit_primary	BD__inhb	2026-08-19 23:31:38 -0400	0.00600000000002865	0.00699999999983447	0
runsusie_common_route_check	BD__inhb__eqtl	2026-08-19 23:31:40 -0400	0.387999999999977	8.356	0.00700000000000145
runsusie_common_route_check	BD__inhb__gwas	2026-08-19 23:31:42 -0400	1.87299999999999	25.3039999999999	0.259
coloc_susie_prefit_common_route_check	BD__inhb	2026-08-19 23:31:46 -0400	0.0010000000000332	0	0
coloc_susie_dataset_common_route_check	BD__inhb	2026-08-19 23:31:47 -0400	3.09200000000004	34.798	0.217000000000002
build_pair_and_ld	MDD__inhb	2026-08-19 23:31:59 -0400	1.03000000000003	1.02700000000004	0.00199999999999889
ld_diagnostics	MDD__inhb__eqtl	2026-08-19 23:32:02 -0400	0.733000000000004	17.2259999999999	0.244
ld_diagnostics	MDD__inhb__gwas	2026-08-19 23:32:04 -0400	0.961000000000013	22.5929999999999	1.313
susie_rss_direct_primary	MDD__inhb__eqtl	2026-08-19 23:32:07 -0400	6.53999999999996	108.428	0.233000000000001
runsusie_primary	MDD__inhb__eqtl	2026-08-19 23:32:15 -0400	5.82299999999998	103.955	0.224999999999998
susie_rss_direct_primary	MDD__inhb__gwas	2026-08-19 23:32:22 -0400	0.902000000000044	20.2389999999998	0.0789999999999971
runsusie_primary	MDD__inhb__gwas	2026-08-19 23:32:25 -0400	0.927000000000021	20.2810000000002	0.097999999999999
susie_individual	MDD__inhb__eqtl	2026-08-19 23:32:28 -0400	2.50299999999999	52.3019999999999	0.297999999999998
susie_rss_raw_eqtl_ld_sensitivity	MDD__inhb__eqtl	2026-08-19 23:32:32 -0400	3.37	61.883	0.169
coloc_susie_prefit_primary	MDD__inhb	2026-08-19 23:32:37 -0400	0.007000000000005	0.00699999999983447	0
runsusie_common_route_check	MDD__inhb__eqtl	2026-08-19 23:32:38 -0400	0.305999999999983	6.77199999999994	0.0069999999999979
runsusie_common_route_check	MDD__inhb__gwas	2026-08-19 23:32:40 -0400	0.830000000000041	17.925	0.0650000000000013
coloc_susie_prefit_common_route_check	MDD__inhb	2026-08-19 23:32:43 -0400	0.0010000000000332	0.000999999999976353	0
coloc_susie_dataset_common_route_check	MDD__inhb	2026-08-19 23:32:44 -0400	1.52799999999996	26.9549999999999	0.0519999999999996
build_pair_and_ld	SCZD__inhb	2026-08-19 23:32:55 -0400	1.05500000000001	1.05500000000006	0
ld_diagnostics	SCZD__inhb__eqtl	2026-08-19 23:32:57 -0400	0.873999999999967	17.1480000000001	2.238
ld_diagnostics	SCZD__inhb__gwas	2026-08-19 23:33:00 -0400	0.786999999999978	16.547	0.209999999999997
susie_rss_direct_primary	SCZD__inhb__eqtl	2026-08-19 23:33:02 -0400	8.09199999999999	151.126	0.395999999999997
runsusie_primary	SCZD__inhb__eqtl	2026-08-19 23:33:12 -0400	7.50600000000003	136.884	0.274000000000001
susie_rss_direct_primary	SCZD__inhb__gwas	2026-08-19 23:33:21 -0400	0.879999999999996	19.48	0.0820000000000007
runsusie_primary	SCZD__inhb__gwas	2026-08-19 23:33:23 -0400	0.880999999999972	18.3829999999998	0.118000000000002
susie_individual	SCZD__inhb__eqtl	2026-08-19 23:33:26 -0400	2.59100000000001	54.46	0.186999999999998
susie_rss_raw_eqtl_ld_sensitivity	SCZD__inhb__eqtl	2026-08-19 23:33:30 -0400	2.21499999999998	39.6410000000001	0.167999999999999
coloc_susie_prefit_primary	SCZD__inhb	2026-08-19 23:33:34 -0400	0.007000000000005	0.00700000000006185	0
runsusie_common_route_check	SCZD__inhb__eqtl	2026-08-19 23:33:36 -0400	0.331999999999994	7.02199999999994	0.00600000000000023
runsusie_common_route_check	SCZD__inhb__gwas	2026-08-19 23:33:38 -0400	0.782000000000039	13.8620000000001	0.109999999999999
coloc_susie_prefit_common_route_check	SCZD__inhb	2026-08-19 23:33:40 -0400	0.0010000000000332	0.00100000000020373	0
coloc_susie_dataset_common_route_check	SCZD__inhb	2026-08-19 23:33:42 -0400	1.40999999999997	21.1110000000003	0.107999999999997
build_pair_and_ld	BD__l2-3	2026-08-19 23:33:52 -0400	1.03399999999999	1.03200000000015	0.00199999999999889
ld_diagnostics	BD__l2-3__eqtl	2026-08-19 23:33:54 -0400	0.754000000000019	15.6419999999998	2.285
ld_diagnostics	BD__l2-3__gwas	2026-08-19 23:33:57 -0400	0.699000000000012	15.6859999999997	0.225000000000001
susie_rss_direct_primary	BD__l2-3__eqtl	2026-08-19 23:33:59 -0400	1.608	30.7629999999999	0.0280000000000058
runsusie_primary	BD__l2-3__eqtl	2026-08-19 23:34:02 -0400	1.60300000000001	30.6129999999998	0.0309999999999988
susie_rss_direct_primary	BD__l2-3__gwas	2026-08-19 23:34:06 -0400	2.01799999999997	29.7860000000001	0.453000000000003
runsusie_primary	BD__l2-3__gwas	2026-08-19 23:34:09 -0400	1.85199999999998	28.3040000000001	0.308
susie_individual	BD__l2-3__eqtl	2026-08-19 23:34:13 -0400	1.31299999999999	23.5170000000003	0.376000000000005
susie_rss_raw_eqtl_ld_sensitivity	BD__l2-3__eqtl	2026-08-19 23:34:16 -0400	1.61700000000002	31.9170000000004	0.0360000000000014
coloc_susie_prefit_primary	BD__l2-3	2026-08-19 23:34:19 -0400	0.007000000000005	0.00599999999985812	0.00100000000000477
runsusie_common_route_check	BD__l2-3__eqtl	2026-08-19 23:34:20 -0400	0.309000000000026	7.09899999999971	0.00199999999999534
runsusie_common_route_check	BD__l2-3__gwas	2026-08-19 23:34:22 -0400	2.09900000000005	32.0709999999999	0.296000000000007
coloc_susie_prefit_common_route_check	BD__l2-3	2026-08-19 23:34:26 -0400	0.007000000000005	0.00700000000006185	0
coloc_susie_dataset_common_route_check	BD__l2-3	2026-08-19 23:34:28 -0400	2.63900000000001	36.3209999999999	0.250999999999998
build_pair_and_ld	MDD__l2-3	2026-08-19 23:34:39 -0400	1.02800000000002	1.02799999999979	0
ld_diagnostics	MDD__l2-3__eqtl	2026-08-19 23:34:42 -0400	0.713000000000022	16.4000000000001	0.211000000000006
ld_diagnostics	MDD__l2-3__gwas	2026-08-19 23:34:44 -0400	0.701999999999998	15.7730000000001	0.230999999999995
susie_rss_direct_primary	MDD__l2-3__eqtl	2026-08-19 23:34:46 -0400	1.61400000000003	30.3150000000001	0.0200000000000031
runsusie_primary	MDD__l2-3__eqtl	2026-08-19 23:34:50 -0400	1.608	30.395	0.0200000000000031
susie_rss_direct_primary	MDD__l2-3__gwas	2026-08-19 23:34:53 -0400	0.873999999999967	19.732	0.0839999999999961
runsusie_primary	MDD__l2-3__gwas	2026-08-19 23:34:56 -0400	0.934000000000026	20.3679999999999	0.097999999999999
susie_individual	MDD__l2-3__eqtl	2026-08-19 23:34:58 -0400	1.24399999999997	23.6019999999999	0.0479999999999947
susie_rss_raw_eqtl_ld_sensitivity	MDD__l2-3__eqtl	2026-08-19 23:35:01 -0400	1.678	32.2320000000004	0.0370000000000061
coloc_susie_prefit_primary	MDD__l2-3	2026-08-19 23:35:04 -0400	0.007000000000005	0.0069999999996071	0
runsusie_common_route_check	MDD__l2-3__eqtl	2026-08-19 23:35:06 -0400	0.40100000000001	9.43299999999999	0.000999999999997669
runsusie_common_route_check	MDD__l2-3__gwas	2026-08-19 23:35:08 -0400	0.843999999999994	18.0939999999996	0.0600000000000023
coloc_susie_prefit_common_route_check	MDD__l2-3	2026-08-19 23:35:11 -0400	0.007000000000005	0.00700000000006185	0
coloc_susie_dataset_common_route_check	MDD__l2-3	2026-08-19 23:35:12 -0400	1.476	24.3869999999997	0.0790000000000006
build_pair_and_ld	SCZD__l2-3	2026-08-19 23:35:23 -0400	1.06600000000003	1.0649999999996	0
ld_diagnostics	SCZD__l2-3__eqtl	2026-08-19 23:35:25 -0400	0.852999999999952	16.1080000000002	2.19499999999999
ld_diagnostics	SCZD__l2-3__gwas	2026-08-19 23:35:28 -0400	0.775999999999954	16.3389999999999	0.171000000000006
susie_rss_direct_primary	SCZD__l2-3__eqtl	2026-08-19 23:35:30 -0400	1.55599999999993	28.8979999999997	0.0269999999999939
runsusie_primary	SCZD__l2-3__eqtl	2026-08-19 23:35:33 -0400	1.577	28.502	0.0519999999999996
susie_rss_direct_primary	SCZD__l2-3__gwas	2026-08-19 23:35:37 -0400	0.728000000000066	15.7150000000001	0.0760000000000005
runsusie_primary	SCZD__l2-3__gwas	2026-08-19 23:35:39 -0400	0.758000000000038	15.4900000000002	0.103000000000002
susie_individual	SCZD__l2-3__eqtl	2026-08-19 23:35:41 -0400	1.30200000000002	23.96	0.411000000000001
susie_rss_raw_eqtl_ld_sensitivity	SCZD__l2-3__eqtl	2026-08-19 23:35:44 -0400	1.75300000000004	31.9839999999999	0.0800000000000054
coloc_susie_prefit_primary	SCZD__l2-3	2026-08-19 23:35:48 -0400	0.00700000000006185	0.00599999999985812	0
runsusie_common_route_check	SCZD__l2-3__eqtl	2026-08-19 23:35:49 -0400	0.326000000000022	7.07600000000002	0.0200000000000031
runsusie_common_route_check	SCZD__l2-3__gwas	2026-08-19 23:35:51 -0400	0.8599999999999	16.0969999999998	0.119999999999997
coloc_susie_prefit_common_route_check	SCZD__l2-3	2026-08-19 23:35:54 -0400	0.00699999999994816	0.00700000000006185	0
coloc_susie_dataset_common_route_check	SCZD__l2-3	2026-08-19 23:35:55 -0400	1.58399999999995	25.2570000000001	0.0990000000000038
build_pair_and_ld	BD__l4	2026-08-19 23:36:05 -0400	1.03600000000006	1.03500000000031	0.00100000000000477
ld_diagnostics	BD__l4__eqtl	2026-08-19 23:36:08 -0400	0.788999999999987	16.511	2.16099999999999
ld_diagnostics	BD__l4__gwas	2026-08-19 23:36:11 -0400	0.704999999999927	15.8739999999998	0.307000000000002
susie_rss_direct_primary	BD__l4__eqtl	2026-08-19 23:36:13 -0400	1.36599999999999	23.6410000000001	0.027000000000001
runsusie_primary	BD__l4__eqtl	2026-08-19 23:36:16 -0400	1.66999999999996	31.7420000000002	0.0640000000000001
susie_rss_direct_primary	BD__l4__gwas	2026-08-19 23:36:19 -0400	1.81499999999994	27.9570000000003	0.280000000000001
runsusie_primary	BD__l4__gwas	2026-08-19 23:36:23 -0400	1.93400000000008	30.7490000000003	0.287999999999997
susie_individual	BD__l4__eqtl	2026-08-19 23:36:26 -0400	1.41100000000006	28.413	0.0510000000000019
susie_rss_raw_eqtl_ld_sensitivity	BD__l4__eqtl	2026-08-19 23:36:29 -0400	3.62400000000002	52.7069999999999	0.179000000000002
coloc_susie_prefit_primary	BD__l4	2026-08-19 23:36:34 -0400	0.00699999999994816	0.00700000000006185	0
runsusie_common_route_check	BD__l4__eqtl	2026-08-19 23:36:36 -0400	0.302000000000021	6.55600000000004	0.0069999999999979
runsusie_common_route_check	BD__l4__gwas	2026-08-19 23:36:38 -0400	1.89499999999998	25.6549999999998	0.264000000000003
coloc_susie_prefit_common_route_check	BD__l4	2026-08-19 23:36:42 -0400	0.000999999999976353	0.000999999999748979	0
coloc_susie_dataset_common_route_check	BD__l4	2026-08-19 23:36:43 -0400	2.60900000000004	35.6879999999997	0.280999999999999
build_pair_and_ld	MDD__l4	2026-08-19 23:36:54 -0400	1.02599999999995	1.02599999999984	0
ld_diagnostics	MDD__l4__eqtl	2026-08-19 23:36:57 -0400	0.706999999999994	16.6109999999999	0.172000000000004
ld_diagnostics	MDD__l4__gwas	2026-08-19 23:36:59 -0400	0.693000000000097	15.7240000000002	0.308
susie_rss_direct_primary	MDD__l4__eqtl	2026-08-19 23:37:02 -0400	0.915000000000077	20.2849999999999	0.0259999999999963
runsusie_primary	MDD__l4__eqtl	2026-08-19 23:37:04 -0400	1.5200000000001	28.3130000000001	0.0790000000000006
susie_rss_direct_primary	MDD__l4__gwas	2026-08-19 23:37:07 -0400	1.16200000000003	27.8589999999999	0.116999999999997
runsusie_primary	MDD__l4__gwas	2026-08-19 23:37:10 -0400	0.916000000000054	20.0679999999998	0.109000000000002
susie_individual	MDD__l4__eqtl	2026-08-19 23:37:13 -0400	1.08600000000001	19.1089999999999	0.0289999999999964
susie_rss_raw_eqtl_ld_sensitivity	MDD__l4__eqtl	2026-08-19 23:37:16 -0400	2.82600000000002	46.5719999999997	0.195
coloc_susie_prefit_primary	MDD__l4	2026-08-19 23:37:20 -0400	0.00700000000006185	0.00700000000006185	0
runsusie_common_route_check	MDD__l4__eqtl	2026-08-19 23:37:22 -0400	0.302000000000021	6.52999999999975	0.00900000000000034
runsusie_common_route_check	MDD__l4__gwas	2026-08-19 23:37:24 -0400	0.843000000000075	18.0639999999999	0.0769999999999982
coloc_susie_prefit_common_route_check	MDD__l4	2026-08-19 23:37:26 -0400	0.000999999999976353	0.000999999999748979	0
coloc_susie_dataset_common_route_check	MDD__l4	2026-08-19 23:37:28 -0400	2.029	25.2470000000003	0.0739999999999981
build_pair_and_ld	SCZD__l4	2026-08-19 23:37:38 -0400	1.053	1.05299999999988	0
ld_diagnostics	SCZD__l4__eqtl	2026-08-19 23:37:41 -0400	0.883000000000038	17.288	2.2
ld_diagnostics	SCZD__l4__gwas	2026-08-19 23:37:43 -0400	0.774999999999977	16.2719999999999	0.144000000000005
susie_rss_direct_primary	SCZD__l4__eqtl	2026-08-19 23:37:46 -0400	1.42899999999997	24.674	0.0249999999999986
runsusie_primary	SCZD__l4__eqtl	2026-08-19 23:37:49 -0400	1.39599999999996	23.5259999999998	0.0439999999999969
susie_rss_direct_primary	SCZD__l4__gwas	2026-08-19 23:37:52 -0400	0.868000000000052	18.8510000000001	0.0919999999999987
runsusie_primary	SCZD__l4__gwas	2026-08-19 23:37:54 -0400	0.75	15.194	0.106999999999999
susie_individual	SCZD__l4__eqtl	2026-08-19 23:37:56 -0400	1.07899999999995	18.7249999999999	0.0249999999999986
susie_rss_raw_eqtl_ld_sensitivity	SCZD__l4__eqtl	2026-08-19 23:37:59 -0400	3.35599999999999	55.9140000000002	0.243000000000002
coloc_susie_prefit_primary	SCZD__l4	2026-08-19 23:38:04 -0400	0.00599999999997181	0.0069999999996071	0
runsusie_common_route_check	SCZD__l4__eqtl	2026-08-19 23:38:06 -0400	0.441999999999894	9.60899999999992	0.0240000000000009
runsusie_common_route_check	SCZD__l4__gwas	2026-08-19 23:38:08 -0400	0.857999999999947	15.2240000000002	0.112000000000002
coloc_susie_prefit_common_route_check	SCZD__l4	2026-08-19 23:38:10 -0400	0.000999999999976353	0.000999999999748979	0
coloc_susie_dataset_common_route_check	SCZD__l4	2026-08-19 23:38:12 -0400	1.40699999999993	20.5720000000001	0.103000000000002
build_pair_and_ld	BD__l5	2026-08-19 23:38:22 -0400	1.048	1.03800000000001	0.0100000000000051
ld_diagnostics	BD__l5__eqtl	2026-08-19 23:38:25 -0400	0.774000000000001	16.0729999999999	2.204
ld_diagnostics	BD__l5__gwas	2026-08-19 23:38:27 -0400	0.70900000000006	16.0040000000004	0.283000000000001
susie_rss_direct_primary	BD__l5__eqtl	2026-08-19 23:38:29 -0400	1.06700000000001	23.8729999999996	0.019999999999996
runsusie_primary	BD__l5__eqtl	2026-08-19 23:38:32 -0400	1.16499999999996	26.4809999999998	0.0420000000000016
susie_rss_direct_primary	BD__l5__gwas	2026-08-19 23:38:35 -0400	2.12699999999995	35.3280000000004	0.292999999999999
runsusie_primary	BD__l5__gwas	2026-08-19 23:38:39 -0400	1.84199999999998	27.518	0.286000000000001
susie_individual	BD__l5__eqtl	2026-08-19 23:38:42 -0400	0.538000000000011	13.5309999999999	0.00900000000000034
susie_rss_raw_eqtl_ld_sensitivity	BD__l5__eqtl	2026-08-19 23:38:44 -0400	0.907000000000039	20.4639999999999	0.0390000000000015
coloc_susie_prefit_primary	BD__l5	2026-08-19 23:38:47 -0400	0.00700000000006185	0.00799999999981083	0
runsusie_common_route_check	BD__l5__eqtl	2026-08-19 23:38:48 -0400	0.300000000000068	6.79000000000087	0.00300000000000011
runsusie_common_route_check	BD__l5__gwas	2026-08-19 23:38:50 -0400	1.86400000000003	25.6019999999999	0.259
coloc_susie_prefit_common_route_check	BD__l5	2026-08-19 23:38:54 -0400	0.000999999999976353	0.00100000000020373	0
coloc_susie_dataset_common_route_check	BD__l5	2026-08-19 23:38:55 -0400	3.05600000000004	33.8220000000001	0.251000000000005
build_pair_and_ld	MDD__l5	2026-08-19 23:39:07 -0400	1.02499999999998	1.02400000000034	0
ld_diagnostics	MDD__l5__eqtl	2026-08-19 23:39:10 -0400	0.775999999999954	16.2060000000001	2.225
ld_diagnostics	MDD__l5__gwas	2026-08-19 23:39:12 -0400	0.69399999999996	15.7669999999998	0.254999999999995
susie_rss_direct_primary	MDD__l5__eqtl	2026-08-19 23:39:14 -0400	0.966000000000008	21.6189999999997	0.0290000000000035
runsusie_primary	MDD__l5__eqtl	2026-08-19 23:39:17 -0400	0.929000000000087	20.509	0.0349999999999966
susie_rss_direct_primary	MDD__l5__gwas	2026-08-19 23:39:19 -0400	0.866000000000099	19.5799999999999	0.0760000000000005
runsusie_primary	MDD__l5__gwas	2026-08-19 23:39:22 -0400	0.903999999999996	19.7179999999999	0.109999999999999
susie_individual	MDD__l5__eqtl	2026-08-19 23:39:24 -0400	0.459999999999923	11.3830000000007	0.00499999999999545
susie_rss_raw_eqtl_ld_sensitivity	MDD__l5__eqtl	2026-08-19 23:39:26 -0400	0.802999999999997	18.0799999999999	0.0190000000000055
coloc_susie_prefit_primary	MDD__l5	2026-08-19 23:39:29 -0400	0.0080000000000382	0.00799999999981083	0
runsusie_common_route_check	MDD__l5__eqtl	2026-08-19 23:39:31 -0400	0.317000000000007	7.12700000000041	0.000999999999997669
runsusie_common_route_check	MDD__l5__gwas	2026-08-19 23:39:33 -0400	0.857000000000085	18.2070000000003	0.0870000000000033
coloc_susie_prefit_common_route_check	MDD__l5	2026-08-19 23:39:35 -0400	0.000999999999976353	0.000999999999294232	0
coloc_susie_dataset_common_route_check	MDD__l5	2026-08-19 23:39:37 -0400	1.54700000000003	26.4280000000008	0.0850000000000009
build_pair_and_ld	SCZD__l5	2026-08-19 23:39:47 -0400	1.05900000000008	1.0590000000002	0
ld_diagnostics	SCZD__l5__eqtl	2026-08-19 23:39:50 -0400	0.855999999999995	16.4719999999998	2.154
ld_diagnostics	SCZD__l5__gwas	2026-08-19 23:39:52 -0400	0.788999999999987	16.5750000000007	0.198999999999998
susie_rss_direct_primary	SCZD__l5__eqtl	2026-08-19 23:39:55 -0400	0.956000000000017	21.1840000000002	0.017000000000003
runsusie_primary	SCZD__l5__eqtl	2026-08-19 23:39:57 -0400	0.962999999999965	21.2109999999993	0.0129999999999981
susie_rss_direct_primary	SCZD__l5__gwas	2026-08-19 23:40:00 -0400	0.72199999999998	15.4350000000004	0.0820000000000007
runsusie_primary	SCZD__l5__gwas	2026-08-19 23:40:02 -0400	0.802000000000021	16.75	0.0770000000000053
susie_individual	SCZD__l5__eqtl	2026-08-19 23:40:05 -0400	0.52900000000011	13.0780000000004	0.0129999999999981
susie_rss_raw_eqtl_ld_sensitivity	SCZD__l5__eqtl	2026-08-19 23:40:07 -0400	0.94399999999996	21.0050000000001	0.0180000000000007
coloc_susie_prefit_primary	SCZD__l5	2026-08-19 23:40:09 -0400	0.00699999999994816	0.0069999999996071	0
runsusie_common_route_check	SCZD__l5__eqtl	2026-08-19 23:40:11 -0400	0.460000000000036	10.2840000000006	0.0220000000000056
runsusie_common_route_check	SCZD__l5__gwas	2026-08-19 23:40:13 -0400	0.890999999999963	15.9380000000001	0.133999999999993
coloc_susie_prefit_common_route_check	SCZD__l5	2026-08-19 23:40:16 -0400	0.000999999999976353	0.000999999999294232	0
coloc_susie_dataset_common_route_check	SCZD__l5	2026-08-19 23:40:17 -0400	1.50400000000002	22.5989999999993	0.102000000000004
build_pair_and_ld	BD__l6	2026-08-19 23:40:28 -0400	1.03700000000003	1.03700000000026	0
ld_diagnostics	BD__l6__eqtl	2026-08-19 23:40:30 -0400	0.790000000000077	16.1899999999996	2.205
ld_diagnostics	BD__l6__gwas	2026-08-19 23:40:33 -0400	0.698999999999955	15.7600000000002	0.251999999999995
susie_rss_direct_primary	BD__l6__eqtl	2026-08-19 23:40:35 -0400	0.543000000000006	12.442	0.00800000000000267
runsusie_primary	BD__l6__eqtl	2026-08-19 23:40:37 -0400	0.591000000000008	13.308	0.0120000000000005
susie_rss_direct_primary	BD__l6__gwas	2026-08-19 23:40:40 -0400	1.91999999999996	29.3220000000001	0.298000000000002
runsusie_primary	BD__l6__gwas	2026-08-19 23:40:43 -0400	1.83799999999997	27.7529999999997	0.285000000000004
susie_individual	BD__l6__eqtl	2026-08-19 23:40:47 -0400	0.506000000000086	12.6450000000004	0.00500000000000256
susie_rss_raw_eqtl_ld_sensitivity	BD__l6__eqtl	2026-08-19 23:40:49 -0400	0.544999999999959	12.5589999999993	0.00999999999999801
coloc_susie_prefit_primary	BD__l6	2026-08-19 23:40:51 -0400	0	0.00100000000020373	0
runsusie_common_route_check	BD__l6__eqtl	2026-08-19 23:40:53 -0400	0.314000000000078	7.0649999999996	0.00499999999999545
runsusie_common_route_check	BD__l6__gwas	2026-08-19 23:40:55 -0400	1.93500000000006	26.2690000000002	0.288000000000004
coloc_susie_prefit_common_route_check	BD__l6	2026-08-19 23:40:58 -0400	0.000999999999976353	0.00100000000020373	0
coloc_susie_dataset_common_route_check	BD__l6	2026-08-19 23:41:00 -0400	2.55899999999997	33.9470000000001	0.251000000000005
build_pair_and_ld	MDD__l6	2026-08-19 23:41:11 -0400	1.024	1.02199999999993	0.00100000000000477
ld_diagnostics	MDD__l6__eqtl	2026-08-19 23:41:14 -0400	0.787000000000035	16.5950000000003	2.139
ld_diagnostics	MDD__l6__gwas	2026-08-19 23:41:16 -0400	0.683999999999969	15.4119999999994	0.245000000000005
susie_rss_direct_primary	MDD__l6__eqtl	2026-08-19 23:41:19 -0400	0.538999999999987	12.5	0.0160000000000053
runsusie_primary	MDD__l6__eqtl	2026-08-19 23:41:21 -0400	0.550999999999931	12.5070000000005	0.0109999999999957
susie_rss_direct_primary	MDD__l6__gwas	2026-08-19 23:41:23 -0400	0.949000000000069	21.5240000000003	0.0919999999999987
runsusie_primary	MDD__l6__gwas	2026-08-19 23:41:26 -0400	1.02900000000011	22.9279999999999	0.117000000000004
susie_individual	MDD__l6__eqtl	2026-08-19 23:41:28 -0400	0.425000000000068	10.8209999999999	0.0240000000000009
susie_rss_raw_eqtl_ld_sensitivity	MDD__l6__eqtl	2026-08-19 23:41:31 -0400	0.58299999999997	12.9009999999998	0.0169999999999959
coloc_susie_prefit_primary	MDD__l6	2026-08-19 23:41:33 -0400	0.00100000000009004	0.00100000000020373	0
runsusie_common_route_check	MDD__l6__eqtl	2026-08-19 23:41:34 -0400	0.311000000000035	6.99099999999999	0.0130000000000052
runsusie_common_route_check	MDD__l6__gwas	2026-08-19 23:41:36 -0400	0.830000000000041	17.6440000000002	0.0750000000000028
coloc_susie_prefit_common_route_check	MDD__l6	2026-08-19 23:41:39 -0400	0.000999999999976353	0.00100000000020373	0
coloc_susie_dataset_common_route_check	MDD__l6	2026-08-19 23:41:41 -0400	1.61300000000006	27.9789999999994	0.0779999999999888
build_pair_and_ld	SCZD__l6	2026-08-19 23:41:51 -0400	1.05899999999997	1.05799999999999	0.00100000000000477
ld_diagnostics	SCZD__l6__eqtl	2026-08-19 23:41:54 -0400	0.871000000000095	16.5050000000001	2.202
ld_diagnostics	SCZD__l6__gwas	2026-08-19 23:41:56 -0400	1.24199999999996	30.7780000000002	0.242000000000004
susie_rss_direct_primary	SCZD__l6__eqtl	2026-08-19 23:41:59 -0400	0.577999999999975	13	0.0180000000000007
runsusie_primary	SCZD__l6__eqtl	2026-08-19 23:42:01 -0400	0.566000000000031	12.4639999999999	0.00800000000000978
susie_rss_direct_primary	SCZD__l6__gwas	2026-08-19 23:42:03 -0400	0.728000000000066	15.674	0.0689999999999884
runsusie_primary	SCZD__l6__gwas	2026-08-19 23:42:06 -0400	0.75100000000009	15.2049999999999	0.0940000000000083
susie_individual	SCZD__l6__eqtl	2026-08-19 23:42:08 -0400	0.374000000000024	9.46399999999994	0.019999999999996
susie_rss_raw_eqtl_ld_sensitivity	SCZD__l6__eqtl	2026-08-19 23:42:10 -0400	0.572000000000003	12.7829999999994	0.0120000000000005
coloc_susie_prefit_primary	SCZD__l6	2026-08-19 23:42:13 -0400	0.000999999999976353	0.00100000000020373	0
runsusie_common_route_check	SCZD__l6__eqtl	2026-08-19 23:42:14 -0400	0.331999999999994	7.13599999999951	0
runsusie_common_route_check	SCZD__l6__gwas	2026-08-19 23:42:16 -0400	0.802000000000021	14.1300000000001	0.103999999999999
coloc_susie_prefit_common_route_check	SCZD__l6	2026-08-19 23:42:19 -0400	0.000999999999976353	0.00100000000020373	0
coloc_susie_dataset_common_route_check	SCZD__l6	2026-08-19 23:42:20 -0400	1.4430000000001	21.2960000000003	0.0910000000000082
build_pair_and_ld	BD__uvasc	2026-08-19 23:42:30 -0400	1.03899999999999	1.03799999999956	0.00100000000000477
ld_diagnostics	BD__uvasc__eqtl	2026-08-19 23:42:33 -0400	0.767000000000053	15.5969999999998	2.163
ld_diagnostics	BD__uvasc__gwas	2026-08-19 23:42:36 -0400	0.759999999999991	17.3450000000003	0.546999999999997
susie_rss_direct_primary	BD__uvasc__eqtl	2026-08-19 23:42:38 -0400	0.574999999999932	12.5990000000002	0.0139999999999958
runsusie_primary	BD__uvasc__eqtl	2026-08-19 23:42:40 -0400	0.587999999999965	12.8540000000003	0.0130000000000052
susie_rss_direct_primary	BD__uvasc__gwas	2026-08-19 23:42:42 -0400	1.84100000000001	28.049	0.248000000000005
runsusie_primary	BD__uvasc__gwas	2026-08-19 23:42:46 -0400	1.91399999999999	29.5439999999999	0.272999999999996
susie_individual	BD__uvasc__eqtl	2026-08-19 23:42:50 -0400	0.536000000000058	12.9879999999994	0.0120000000000005
susie_rss_raw_eqtl_ld_sensitivity	BD__uvasc__eqtl	2026-08-19 23:42:52 -0400	0.573999999999955	12.6180000000004	0.0220000000000056
coloc_susie_prefit_primary	BD__uvasc	2026-08-19 23:42:54 -0400	0.00100000000009004	0.00100000000020373	0
runsusie_common_route_check	BD__uvasc__eqtl	2026-08-19 23:42:56 -0400	0.355999999999995	6.93599999999969	0.0249999999999915
runsusie_common_route_check	BD__uvasc__gwas	2026-08-19 23:42:58 -0400	1.87200000000007	25.6689999999999	0.239000000000004
coloc_susie_prefit_common_route_check	BD__uvasc	2026-08-19 23:43:01 -0400	0.00100000000009004	0.00100000000020373	0
coloc_susie_dataset_common_route_check	BD__uvasc	2026-08-19 23:43:03 -0400	2.625	35.3919999999998	0.251000000000005
build_pair_and_ld	MDD__uvasc	2026-08-19 23:43:14 -0400	1.02300000000002	1.02299999999923	0
ld_diagnostics	MDD__uvasc__eqtl	2026-08-19 23:43:17 -0400	0.714000000000056	16.0950000000003	0.538999999999987
ld_diagnostics	MDD__uvasc__gwas	2026-08-19 23:43:19 -0400	0.682999999999993	15.4590000000007	0.263000000000005
susie_rss_direct_primary	MDD__uvasc__eqtl	2026-08-19 23:43:22 -0400	0.68100000000004	15.2200000000003	0.0150000000000006
runsusie_primary	MDD__uvasc__eqtl	2026-08-19 23:43:24 -0400	0.761000000000081	16.6090000000004	0.0110000000000099
susie_rss_direct_primary	MDD__uvasc__gwas	2026-08-19 23:43:26 -0400	0.863999999999919	19.4989999999998	0.0959999999999894
runsusie_primary	MDD__uvasc__gwas	2026-08-19 23:43:29 -0400	0.908999999999992	19.8450000000003	0.135999999999996
susie_individual	MDD__uvasc__eqtl	2026-08-19 23:43:31 -0400	0.327999999999975	8.28099999999995	0.007000000000005
susie_rss_raw_eqtl_ld_sensitivity	MDD__uvasc__eqtl	2026-08-19 23:43:33 -0400	0.572000000000003	12.4589999999998	0.0109999999999957
coloc_susie_prefit_primary	MDD__uvasc	2026-08-19 23:43:35 -0400	0.000999999999976353	0	0.00100000000000477
runsusie_common_route_check	MDD__uvasc__eqtl	2026-08-19 23:43:37 -0400	0.360000000000014	7.07600000000002	0.0120000000000005
runsusie_common_route_check	MDD__uvasc__gwas	2026-08-19 23:43:39 -0400	0.844000000000051	18.442	0.0729999999999933
coloc_susie_prefit_common_route_check	MDD__uvasc	2026-08-19 23:43:42 -0400	0.000999999999976353	0.00100000000020373	0
coloc_susie_dataset_common_route_check	MDD__uvasc	2026-08-19 23:43:43 -0400	1.67600000000004	29.2829999999995	0.0900000000000034
build_pair_and_ld	SCZD__uvasc	2026-08-19 23:43:53 -0400	1.06400000000008	1.0630000000001	0
ld_diagnostics	SCZD__uvasc__eqtl	2026-08-19 23:43:56 -0400	0.832999999999856	15.7300000000005	2.17399999999999
ld_diagnostics	SCZD__uvasc__gwas	2026-08-19 23:43:59 -0400	0.782000000000153	16.2889999999998	0.289000000000002
susie_rss_direct_primary	SCZD__uvasc__eqtl	2026-08-19 23:44:01 -0400	0.602000000000089	12.8230000000003	0.0100000000000051
runsusie_primary	SCZD__uvasc__eqtl	2026-08-19 23:44:03 -0400	0.607999999999947	12.8789999999999	0.00900000000000034
susie_rss_direct_primary	SCZD__uvasc__gwas	2026-08-19 23:44:06 -0400	0.797000000000026	17.5050000000001	0.0699999999999932
runsusie_primary	SCZD__uvasc__gwas	2026-08-19 23:44:08 -0400	0.784000000000106	16.0109999999995	0.0830000000000126
susie_individual	SCZD__uvasc__eqtl	2026-08-19 23:44:11 -0400	0.402999999999793	10.152	0.00199999999999534
susie_rss_raw_eqtl_ld_sensitivity	SCZD__uvasc__eqtl	2026-08-19 23:44:13 -0400	0.59699999999998	12.8059999999996	0.0259999999999963
coloc_susie_prefit_primary	SCZD__uvasc	2026-08-19 23:44:15 -0400	0.000999999999976353	0.00100000000020373	0
runsusie_common_route_check	SCZD__uvasc__eqtl	2026-08-19 23:44:17 -0400	0.368999999999915	7.13600000000042	0.0150000000000006
runsusie_common_route_check	SCZD__uvasc__gwas	2026-08-19 23:44:19 -0400	0.769000000000006	13.6660000000002	0.105000000000004
coloc_susie_prefit_common_route_check	SCZD__uvasc	2026-08-19 23:44:21 -0400	0.000999999999976353	0.00100000000020373	0
coloc_susie_dataset_common_route_check	SCZD__uvasc	2026-08-19 23:44:23 -0400	2.05200000000013	21.6570000000002	0.090999999999994
build_pair_and_ld	BD__oligo	2026-08-19 23:44:33 -0400	1.02600000000007	1.02599999999984	0
ld_diagnostics	BD__oligo__eqtl	2026-08-19 23:44:36 -0400	0.885999999999967	17.509	2.09
ld_diagnostics	BD__oligo__gwas	2026-08-19 23:44:39 -0400	0.774000000000115	16.2190000000001	0.242000000000004
susie_rss_direct_primary	BD__oligo__eqtl	2026-08-19 23:44:41 -0400	2.1840000000002	36.7300000000005	0.192000000000007
runsusie_primary	BD__oligo__eqtl	2026-08-19 23:44:45 -0400	2.23500000000013	37.1660000000002	0.234999999999999
susie_rss_direct_primary	BD__oligo__gwas	2026-08-19 23:44:49 -0400	1.75999999999999	26.8869999999997	0.222000000000008
runsusie_primary	BD__oligo__gwas	2026-08-19 23:44:52 -0400	1.83500000000004	28.8599999999997	0.230000000000004
susie_individual	BD__oligo__eqtl	2026-08-19 23:44:56 -0400	0.585000000000036	13.9580000000005	0.0729999999999933
susie_rss_raw_eqtl_ld_sensitivity	BD__oligo__eqtl	2026-08-19 23:44:58 -0400	2.00199999999995	35.4690000000001	0.137
coloc_susie_prefit_primary	BD__oligo	2026-08-19 23:45:02 -0400	0.000999999999976353	0.00100000000020373	0
runsusie_common_route_check	BD__oligo__eqtl	2026-08-19 23:45:03 -0400	2.06699999999978	34.3739999999998	0.225000000000009
runsusie_common_route_check	BD__oligo__gwas	2026-08-19 23:45:07 -0400	2.04000000000019	29.3000000000002	0.27000000000001
coloc_susie_prefit_common_route_check	BD__oligo	2026-08-19 23:45:11 -0400	0.000999999999976353	0	0
coloc_susie_dataset_common_route_check	BD__oligo	2026-08-19 23:45:12 -0400	4.15200000000004	61.8459999999996	0.260000000000005
build_pair_and_ld	MDD__oligo	2026-08-19 23:45:25 -0400	1.00799999999981	1.00799999999981	0
ld_diagnostics	MDD__oligo__eqtl	2026-08-19 23:45:28 -0400	0.897999999999911	18.4490000000005	2.02799999999999
ld_diagnostics	MDD__oligo__gwas	2026-08-19 23:45:30 -0400	0.749000000000024	15.6080000000002	0.137
susie_rss_direct_primary	MDD__oligo__eqtl	2026-08-19 23:45:33 -0400	0.843000000000075	18.5420000000004	0.0210000000000008
runsusie_primary	MDD__oligo__eqtl	2026-08-19 23:45:35 -0400	0.871000000000095	18.924	0.027000000000001
susie_rss_direct_primary	MDD__oligo__gwas	2026-08-19 23:45:38 -0400	1	20.5129999999999	0.13000000000001
runsusie_primary	MDD__oligo__gwas	2026-08-19 23:45:40 -0400	1.34300000000007	20.174	0.173999999999992
susie_individual	MDD__oligo__eqtl	2026-08-19 23:45:43 -0400	1.32300000000009	25.9269999999997	0.215000000000003
susie_rss_raw_eqtl_ld_sensitivity	MDD__oligo__eqtl	2026-08-19 23:45:46 -0400	0.835000000000036	19.1759999999995	0.0189999999999912
coloc_susie_prefit_primary	MDD__oligo	2026-08-19 23:45:49 -0400	0.000999999999976353	0.00100000000020373	0
runsusie_common_route_check	MDD__oligo__eqtl	2026-08-19 23:45:50 -0400	0.372000000000071	7.2470000000003	0.0230000000000103
runsusie_common_route_check	MDD__oligo__gwas	2026-08-19 23:45:52 -0400	0.950000000000045	19.2030000000004	0.10799999999999
coloc_susie_prefit_common_route_check	MDD__oligo	2026-08-19 23:45:55 -0400	0.000999999999976353	0.00100000000020373	0
coloc_susie_dataset_common_route_check	MDD__oligo	2026-08-19 23:45:57 -0400	1.64699999999993	26.5659999999998	0.128
build_pair_and_ld	SCZD__oligo	2026-08-19 23:46:07 -0400	1.01999999999998	1.01899999999932	0
ld_diagnostics	SCZD__oligo__eqtl	2026-08-19 23:46:09 -0400	0.916000000000167	18.7600000000002	2.161
ld_diagnostics	SCZD__oligo__gwas	2026-08-19 23:46:12 -0400	0.735999999999876	15.8779999999997	0.189999999999998
susie_rss_direct_primary	SCZD__oligo__eqtl	2026-08-19 23:46:14 -0400	2.34899999999993	40.1120000000001	0.214999999999989
runsusie_primary	SCZD__oligo__eqtl	2026-08-19 23:46:18 -0400	2.36199999999985	40.2870000000003	0.237000000000009
susie_rss_direct_primary	SCZD__oligo__gwas	2026-08-19 23:46:23 -0400	0.739000000000033	15.6469999999999	0.0969999999999942
runsusie_primary	SCZD__oligo__gwas	2026-08-19 23:46:25 -0400	0.741999999999962	15.1819999999998	0.100000000000009
susie_individual	SCZD__oligo__eqtl	2026-08-19 23:46:27 -0400	0.601000000000113	14.4649999999992	0.117999999999995
susie_rss_raw_eqtl_ld_sensitivity	SCZD__oligo__eqtl	2026-08-19 23:46:30 -0400	2.1869999999999	40.4490000000005	0.126000000000005
coloc_susie_prefit_primary	SCZD__oligo	2026-08-19 23:46:33 -0400	0.00100000000020373	0.00100000000020373	0
runsusie_common_route_check	SCZD__oligo__eqtl	2026-08-19 23:46:35 -0400	2.09999999999991	35.6099999999997	0.173000000000002
runsusie_common_route_check	SCZD__oligo__gwas	2026-08-19 23:46:39 -0400	0.751999999999953	13.1469999999999	0.106999999999999
coloc_susie_prefit_common_route_check	SCZD__oligo	2026-08-19 23:46:41 -0400	0.000999999999976353	0.000999999999294232	0
coloc_susie_dataset_common_route_check	SCZD__oligo	2026-08-19 23:46:43 -0400	3.12400000000002	50.3450000000003	0.231999999999999
