"clust","hcut","hID","mmID","mmDesc","modules","dir"
"initial",0.9,"h11","mm1","myelin","CLDN11/CNDP1/ENPP2/GFAP/GPR37/HIPK2/KLK6/PLP1/QDPR/RNASE1/SELENOP/SLC44A1/SPP1/TF/TMEM144",1
"initial",0.9,"h12","mm2","translation","EEF1A1/FTL/RPL18/RPL19/RPL21/RPL24/RPL28/RPL31/RPL32/RPL34/RPL36/RPL4/RPLP2/RPS12/RPS15/RPS19/RPS21/RPS23/RPS24/RPS27A/RPS3A/RPS8/SERF2/TPT1",1
"initial",0.9,"h8","mm3","housekeeping","ATP5F1E/ATP5ME/UQCRB",1
"initial",0.9,"h4","mm4","eif1/aplp1","APLP1/EIF1",1
"initial",0.9,"h7","mm5","mitochondrial matrix?","ATP1B1/ATP5F1B/ATP5MC3/CHCHD2/HSPA8/NRGN/PRDX2/SKP1/TPI1",1
"initial",0.9,"h9","mm6","electron transport","ATP5MD/ATP5MPL/COX4I1/COX5B/COX7A2/COX7B/COX7C/COX8A/DYNLL1/GAPDH/HINT1/NDUFA4/NDUFB2/UBC/UQCR10/UQCRH/UQCRQ",1
"initial",0.9,"h6","mm7","neuron housekeeping?","ATP1A3/ATP6V0C/CLTC/DCLK1/FAIM2/HSP90AA1/LDHB/NCALD/PGK1/PRKAR1A/RTL8C/TSC22D1/YWHAZ",1
"initial",0.9,"h3","mm8","neuronal function","APBB1/ARF1/CAMK2N1/GRIN1/IDS/MAPK1/MAST3/NPTX1/NPTXR/TMEM130",1
"initial",0.9,"h3","mm9","KIF5C_act","KIF5C",1
"initial",0.9,"h3","mm10","ATP1B1_rep","ATP1B1",-1
"sub",0.75,"h6","mm11","microglia","C1QA/C1QB/C1QC/C3/CD74/CSF1R/HLA-DRA/LAPTM5",1
"sub",0.75,"h4","mm12","astrocyte","APOE/F3/FGFR3/GLUL/MT1E/MT2A/NDRG2/TTYH1",1
"sub",0.75,"h8","mm13","GABAergic","GAD1/GAD2/SLC6A1",1
"sub",0.75,"h1","mm14","vascular","A2M/HLA-B/IFI27/SLC2A1/SRGN/TM4SF1",1
"sub",0.75,"h2","mm15","ECM?","ADAMTS1/C11orf96/DEPP1/RHOB/TGM2",1
"sub",0.75,"h9","mm16","glial activation?","GADD45B/IFITM2/IFITM3/ZFP36",1
"sub",0.75,"h10","mm17","heatshock","HSPA1A/HSPB1",1
"sub",0.75,"h3","mm18","BBB?","ANGPTL4/CHI3L1/MT1M/MT1X",1
"sub",0.75,"h11","mm19","batch effect","MALAT1/MTRNR2L8/SNHG14",1
"sub",0.75,"h7","mm20","FOS","FOS",1
"sub",0.75,"h5","mm21","AQP1","AQP1",1
"sub",0.75,"h13","mm22","SERPINA3","SERPINA3",1
"sub",0.75,"h12","mm23","SCD5","SCD5",1
