dataset_id,seurat_label,split,covariate_model,n_samples,n_genes_bed,n_genes_pca,n_expr_pcs
astro,Astro,all,nspots,119,14776,5000,14
astro_m,Astro,male,nspots,59,14669,5000,8
astro_f,Astro,female,nspots,60,14923,5000,8
inhb,Inhb,all,nspots,119,13256,5000,18
inhb_m,Inhb,male,nspots,59,13119,5000,10
inhb_f,Inhb,female,nspots,60,13415,5000,10
l2-3,L2.3,all,nspots,119,15386,5000,17
l2-3_m,L2.3,male,nspots,59,15261,5000,10
l2-3_f,L2.3,female,nspots,60,15529,5000,10
l4,L4,all,nspots,119,12612,5000,17
l4_m,L4,male,nspots,59,12492,5000,12
l4_f,L4,female,nspots,60,12784,5000,8
l5,L5,all,nspots,119,14999,5000,17
l5_m,L5,male,nspots,59,14922,5000,10
l5_f,L5,female,nspots,60,15102,5000,9
l6,L6,all,nspots,119,14407,5000,18
l6_m,L6,male,nspots,59,14343,5000,10
l6_f,L6,female,nspots,60,14540,5000,9
uvasc,Micro.Vasc,all,nspots,119,8377,5000,20
uvasc_m,Micro.Vasc,male,nspots,59,8040,5000,13
uvasc_f,Micro.Vasc,female,nspots,60,8786,5000,11
oligo,Oligo,all,nspots,110,11663,5000,23
oligo_m,Oligo,male,nspots,56,11533,5000,11
oligo_f,Oligo,female,nspots,54,11684,5000,12
