region_filter,split,context,n_eGenes,n_SCZD_GWAS,n_DEG,n_DEG_SCZD_GWAS,SCZD_GWAS_genes,DEG_genes,DEG_SCZD_GWAS_genes,n_HLA_eGenes,n_MHC_eGenes,n_HLA_DEG,n_MHC_DEG,n_lead_variant_MHC,HLA_genes,HLA_DEG_genes,MHC_genes,MHC_DEG_genes
all,all,Astro,561,3,43,1,"HLA-C, MAPK3, ZSCAN31","AC119673.2, ATF4, ATP6V0E2, BAIAP3, C11orf96, C1QTNF4, CAMLG, CHCHD2, COA6, DDT, DGCR10, FABP3, FAM20C, GAPDH, GPNMB, HLA-B, HLA-DRB1, HPCAL4, IFITM2, IFITM3, MAPK3, MRPL21, MRVI1, NAXE, NBL1, PCP4, PEPD, PHLDA2, RGR, RPL28, RPS21, RPS23, RPS24, S100A13, SLC35E2B, SNORC, SPON2, STEAP2, STMN4, SURF1, THNSL2, TOMM7, USP22",MAPK3,6,10,2,2,10,"HLA-A, HLA-B, HLA-C, HLA-DQB1, HLA-DRB1, HLA-DRB5","HLA-B, HLA-DRB1","AL513548.1, HIST1H1C, HLA-A, HLA-B, HLA-C, HLA-DQB1, HLA-DRB1, HLA-DRB5, VARS2, ZSCAN31","HLA-B, HLA-DRB1"
all,all,Inhb,265,5,28,0,"BTN3A2, HLA-C, HLA-DMA, KANSL1-AS1, VARS2","AC119673.2, ARL17B, ATF4, ATP6V0E2, BAIAP3, CAMLG, CHCHD2, COA6, COX7A1, DDT, DGCR10, GAPDH, GPNMB, HLA-B, HLA-DRB1, MAPK3, MRPL21, NAXE, PCP4, RGR, RPS23, S100A13, SLC35E2B, SNORC, SPON2, SURF1, THNSL2, TOMM7","",6,9,2,2,9,"HLA-B, HLA-C, HLA-DMA, HLA-DQB1, HLA-DRB1, HLA-DRB5","HLA-B, HLA-DRB1","BTN3A2, HLA-B, HLA-C, HLA-DMA, HLA-DQB1, HLA-DRB1, HLA-DRB5, VARS2, ZSCAN31","HLA-B, HLA-DRB1"
all,all,L2.3,925,10,47,2,"ARL17B, B3GAT1, BTN3A2, HLA-C, HLA-DMA, HLA-DMB, KANSL1-AS1, MAPK3, PCCB, ZSCAN31","AC119673.2, ARF1, ARL17B, ATF4, ATP6V0E2, BAIAP3, CAMLG, CHCHD2, CHI3L1, COA6, COX7A1, DDT, DGCR10, FABP3, FBLN7, GOLGA4, GPNMB, HLA-B, HLA-DRB1, IFITM2, MAPK3, MRPL21, MT1E, NAXE, NBL1, PCP4, PDLIM4, PEPD, PHLDA2, POP5, RGR, RPL28, RPL8, RPS23, S100A13, SLC35E2B, SNORC, SPON2, STEAP2, SURF1, THNSL2, TOMM7, TRIM47, TTC32, TXNDC17, USP22, VPS4A","ARL17B, MAPK3",9,18,2,2,18,"HLA-A, HLA-B, HLA-C, HLA-DMA, HLA-DMB, HLA-DPB1, HLA-DQB1, HLA-DRB1, HLA-DRB5","HLA-B, HLA-DRB1","BTN3A2, HCG18, HLA-A, HLA-B, HLA-C, HLA-DMA, HLA-DMB, HLA-DPB1, HLA-DQB1, HLA-DRB1, HLA-DRB5, ILRUN, SNRPC, TAP2, TSBP1-AS1, U91328.1, VARS2, ZSCAN31","HLA-B, HLA-DRB1"
all,all,L4,211,4,25,1,"HLA-C, KANSL1-AS1, MAPK3, RPS17","AC119673.2, CAMLG, CHCHD2, COX7A1, DDT, DGCR10, GPNMB, HLA-B, HLA-DRB1, MAPK3, MRPL21, NAXE, NBL1, PDLIM4, PEPD, PNCK, RGR, RPL28, RPS23, S100A13, SLC35E2B, SNORC, SURF1, THNSL2, TOMM7",MAPK3,5,5,2,2,5,"HLA-B, HLA-C, HLA-DPB1, HLA-DQB1, HLA-DRB1","HLA-B, HLA-DRB1","HLA-B, HLA-C, HLA-DPB1, HLA-DQB1, HLA-DRB1","HLA-B, HLA-DRB1"
all,all,L5,770,9,42,1,"AL513548.1, BTN3A2, HLA-C, HLA-DMA, HLA-DMB, KANSL1-AS1, MAPK3, MAPT-AS1, ZSCAN31","AC119673.2, ATF4, ATP6V0E2, BAIAP3, CAMLG, CCNI, CHCHD2, COA6, DDT, DGCR10, FBLN7, GAPDH, GPNMB, HLA-B, HLA-DRB1, IFITM2, MAPK3, MRPL21, MRVI1, NAXE, NBL1, NCALD, NEDD8, PCP4L1, PDLIM4, PEPD, PHLDA2, RGR, RPL8, RPLP2, RPS23, S100A10, S100A13, SLC35E2B, SNORC, SPON2, SURF1, THNSL2, TMEM176B, TOMM7, TTC32, USP22",MAPK3,9,16,2,2,16,"HLA-A, HLA-B, HLA-C, HLA-DMA, HLA-DMB, HLA-DPB1, HLA-DQB1, HLA-DRB1, HLA-DRB5","HLA-B, HLA-DRB1","AL513548.1, BTN3A2, HLA-A, HLA-B, HLA-C, HLA-DMA, HLA-DMB, HLA-DPB1, HLA-DQB1, HLA-DRB1, HLA-DRB5, ILRUN, SAPCD1-AS1, TAP2, VARS2, ZSCAN31","HLA-B, HLA-DRB1"
all,all,L6,461,4,40,0,"HLA-C, HLA-DMA, LRRC37A2, TSBP1-AS1","ABRACL, AC119673.2, AC245060.5, ANKDD1A, ATP5F1E, ATP6V0E2, BAIAP3, CAMLG, CHCHD2, COA6, COX14, DDT, DGCR10, FABP3, GPNMB, HLA-B, HLA-DRB1, HSPB1, MRPL21, NEAT1, PDLIM4, PEPD, PHLDA2, PREX1, RGR, RPL28, RPL8, RPS23, RPS24, S100A13, SLC35E2B, SNORC, SPON2, STEAP2, STMN4, SURF1, THNSL2, TOMM7, TTC32, TUBA1C","",8,12,2,2,12,"HLA-A, HLA-B, HLA-C, HLA-DMA, HLA-DPB1, HLA-DQB1, HLA-DRB1, HLA-DRB5","HLA-B, HLA-DRB1","HLA-A, HLA-B, HLA-C, HLA-DMA, HLA-DPB1, HLA-DQB1, HLA-DRB1, HLA-DRB5, ILRUN, SNRPC, TSBP1-AS1, VARS2","HLA-B, HLA-DRB1"
all,all,Micro.Vasc,24,0,5,0,"","ANP32B, CAMLG, MRPL21, RPS23, SLC35E2B","",3,3,0,0,3,"HLA-A, HLA-C, HLA-DQB1","","HLA-A, HLA-C, HLA-DQB1",""
all,all,Oligo,79,0,12,0,"","AC119673.2, ATF4, MRPL21, NKAIN1, NUPR1, S100A13, SLC35E2B, SNORC, STMN4, SURF1, THNSL2, TOMM7","",1,1,0,0,1,HLA-C,"",HLA-C,""
all,male,Astro,93,1,9,0,KANSL1-AS1,"AC119673.2, ARL17B, CAMLG, DGCR10, FCER1G, MRPL21, SLC35E2B, STMN4, SURF1","",1,1,0,0,1,HLA-DRB5,"",HLA-DRB5,""
all,male,Inhb,43,1,5,0,KANSL1-AS1,"AC119673.2, CAMLG, DGCR10, MRPL21, SURF1","",2,2,0,0,2,"HLA-C, HLA-DQB1","","HLA-C, HLA-DQB1",""
all,male,L2.3,128,2,8,1,"HLA-C, MAPK3","AC119673.2, CAMLG, DGCR10, MAPK3, MRPL21, NAXE, SLC35E2B, SURF1",MAPK3,3,3,0,0,3,"HLA-C, HLA-DQB1, HLA-DRB5","","HLA-C, HLA-DQB1, HLA-DRB5",""
all,male,L4,29,0,4,0,"","AC119673.2, CAMLG, SURF1, TOMM7","",1,1,0,0,1,HLA-DQB1,"",HLA-DQB1,""
all,male,L5,115,1,7,0,HLA-C,"AC119673.2, CAMLG, DGCR10, MRPL21, SLC35E2B, SNORC, SURF1","",3,3,0,0,3,"HLA-C, HLA-DQB1, HLA-DRB5","","HLA-C, HLA-DQB1, HLA-DRB5",""
all,male,L6,81,0,7,0,"","AC119673.2, ATF4, CAMLG, DDT, DGCR10, SLC35E2B, SURF1","",1,1,0,0,1,HLA-DRB5,"",HLA-DRB5,""
all,male,Micro.Vasc,2,0,0,0,"","","",0,0,0,0,0,"","","",""
all,male,Oligo,4,0,1,0,"",STMN4,"",0,0,0,0,0,"","","",""
all,female,Astro,103,1,11,0,KANSL1-AS1,"AC119673.2, CAMLG, CHCHD2, DGCR10, GPNMB, HLA-B, MRPL21, RGR, SLC35E2B, SURF1, THNSL2","",3,3,1,1,3,"HLA-B, HLA-C, HLA-DQB1",HLA-B,"HLA-B, HLA-C, HLA-DQB1",HLA-B
all,female,Inhb,47,0,6,0,"","AC119673.2, CAMLG, GPNMB, HLA-B, SLC35E2B, SURF1","",2,2,1,1,2,"HLA-B, HLA-C",HLA-B,"HLA-B, HLA-C",HLA-B
all,female,L2.3,162,1,15,0,LRRC37A2,"AC119673.2, CAMLG, CHCHD2, DGCR10, GPNMB, HLA-DRB1, MRPL21, PCP4, PDLIM4, RGR, S100A13, SLC35E2B, SNORC, SURF1, THNSL2","",2,2,1,1,2,"HLA-DQB1, HLA-DRB1",HLA-DRB1,"HLA-DQB1, HLA-DRB1",HLA-DRB1
all,female,L4,39,0,4,0,"","AC119673.2, CAMLG, SLC35E2B, SNORC","",1,1,0,0,1,HLA-DQB1,"",HLA-DQB1,""
all,female,L5,132,1,13,0,HLA-C,"AC119673.2, CAMLG, DGCR10, GPNMB, HLA-B, HLA-DRB1, MRPL21, PEPD, S100A13, SLC35E2B, SNORC, SURF1, THNSL2","",4,4,2,2,4,"HLA-B, HLA-C, HLA-DQB1, HLA-DRB1","HLA-B, HLA-DRB1","HLA-B, HLA-C, HLA-DQB1, HLA-DRB1","HLA-B, HLA-DRB1"
all,female,L6,61,1,8,0,HLA-C,"AC119673.2, CHSY1, DGCR10, GPNMB, HLA-B, HLA-DRB1, MRPL21, SLC35E2B","",4,4,2,2,4,"HLA-B, HLA-C, HLA-DPB1, HLA-DRB1","HLA-B, HLA-DRB1","HLA-B, HLA-C, HLA-DPB1, HLA-DRB1","HLA-B, HLA-DRB1"
all,female,Micro.Vasc,1,0,0,0,"","","",0,0,0,0,0,"","","",""
all,female,Oligo,2,0,1,0,"",STMN4,"",0,0,0,0,0,"","","",""
exclude_hla,all,Astro,555,2,41,1,"MAPK3, ZSCAN31","AC119673.2, ATF4, ATP6V0E2, BAIAP3, C11orf96, C1QTNF4, CAMLG, CHCHD2, COA6, DDT, DGCR10, FABP3, FAM20C, GAPDH, GPNMB, HPCAL4, IFITM2, IFITM3, MAPK3, MRPL21, MRVI1, NAXE, NBL1, PCP4, PEPD, PHLDA2, RGR, RPL28, RPS21, RPS23, RPS24, S100A13, SLC35E2B, SNORC, SPON2, STEAP2, STMN4, SURF1, THNSL2, TOMM7, USP22",MAPK3,0,4,0,0,4,"","","AL513548.1, HIST1H1C, VARS2, ZSCAN31",""
exclude_hla,all,Inhb,259,3,26,0,"BTN3A2, KANSL1-AS1, VARS2","AC119673.2, ARL17B, ATF4, ATP6V0E2, BAIAP3, CAMLG, CHCHD2, COA6, COX7A1, DDT, DGCR10, GAPDH, GPNMB, MAPK3, MRPL21, NAXE, PCP4, RGR, RPS23, S100A13, SLC35E2B, SNORC, SPON2, SURF1, THNSL2, TOMM7","",0,3,0,0,3,"","","BTN3A2, VARS2, ZSCAN31",""
exclude_hla,all,L2.3,916,7,45,2,"ARL17B, B3GAT1, BTN3A2, KANSL1-AS1, MAPK3, PCCB, ZSCAN31","AC119673.2, ARF1, ARL17B, ATF4, ATP6V0E2, BAIAP3, CAMLG, CHCHD2, CHI3L1, COA6, COX7A1, DDT, DGCR10, FABP3, FBLN7, GOLGA4, GPNMB, IFITM2, MAPK3, MRPL21, MT1E, NAXE, NBL1, PCP4, PDLIM4, PEPD, PHLDA2, POP5, RGR, RPL28, RPL8, RPS23, S100A13, SLC35E2B, SNORC, SPON2, STEAP2, SURF1, THNSL2, TOMM7, TRIM47, TTC32, TXNDC17, USP22, VPS4A","ARL17B, MAPK3",0,9,0,0,9,"","","BTN3A2, HCG18, ILRUN, SNRPC, TAP2, TSBP1-AS1, U91328.1, VARS2, ZSCAN31",""
exclude_hla,all,L4,206,3,23,1,"KANSL1-AS1, MAPK3, RPS17","AC119673.2, CAMLG, CHCHD2, COX7A1, DDT, DGCR10, GPNMB, MAPK3, MRPL21, NAXE, NBL1, PDLIM4, PEPD, PNCK, RGR, RPL28, RPS23, S100A13, SLC35E2B, SNORC, SURF1, THNSL2, TOMM7",MAPK3,0,0,0,0,0,"","","",""
exclude_hla,all,L5,761,6,40,1,"AL513548.1, BTN3A2, KANSL1-AS1, MAPK3, MAPT-AS1, ZSCAN31","AC119673.2, ATF4, ATP6V0E2, BAIAP3, CAMLG, CCNI, CHCHD2, COA6, DDT, DGCR10, FBLN7, GAPDH, GPNMB, IFITM2, MAPK3, MRPL21, MRVI1, NAXE, NBL1, NCALD, NEDD8, PCP4L1, PDLIM4, PEPD, PHLDA2, RGR, RPL8, RPLP2, RPS23, S100A10, S100A13, SLC35E2B, SNORC, SPON2, SURF1, THNSL2, TMEM176B, TOMM7, TTC32, USP22",MAPK3,0,7,0,0,7,"","","AL513548.1, BTN3A2, ILRUN, SAPCD1-AS1, TAP2, VARS2, ZSCAN31",""
exclude_hla,all,L6,453,2,38,0,"LRRC37A2, TSBP1-AS1","ABRACL, AC119673.2, AC245060.5, ANKDD1A, ATP5F1E, ATP6V0E2, BAIAP3, CAMLG, CHCHD2, COA6, COX14, DDT, DGCR10, FABP3, GPNMB, HSPB1, MRPL21, NEAT1, PDLIM4, PEPD, PHLDA2, PREX1, RGR, RPL28, RPL8, RPS23, RPS24, S100A13, SLC35E2B, SNORC, SPON2, STEAP2, STMN4, SURF1, THNSL2, TOMM7, TTC32, TUBA1C","",0,4,0,0,4,"","","ILRUN, SNRPC, TSBP1-AS1, VARS2",""
exclude_hla,all,Micro.Vasc,21,0,5,0,"","ANP32B, CAMLG, MRPL21, RPS23, SLC35E2B","",0,0,0,0,0,"","","",""
exclude_hla,all,Oligo,78,0,12,0,"","AC119673.2, ATF4, MRPL21, NKAIN1, NUPR1, S100A13, SLC35E2B, SNORC, STMN4, SURF1, THNSL2, TOMM7","",0,0,0,0,0,"","","",""
exclude_hla,male,Astro,92,1,9,0,KANSL1-AS1,"AC119673.2, ARL17B, CAMLG, DGCR10, FCER1G, MRPL21, SLC35E2B, STMN4, SURF1","",0,0,0,0,0,"","","",""
exclude_hla,male,Inhb,41,1,5,0,KANSL1-AS1,"AC119673.2, CAMLG, DGCR10, MRPL21, SURF1","",0,0,0,0,0,"","","",""
exclude_hla,male,L2.3,125,1,8,1,MAPK3,"AC119673.2, CAMLG, DGCR10, MAPK3, MRPL21, NAXE, SLC35E2B, SURF1",MAPK3,0,0,0,0,0,"","","",""
exclude_hla,male,L4,28,0,4,0,"","AC119673.2, CAMLG, SURF1, TOMM7","",0,0,0,0,0,"","","",""
exclude_hla,male,L5,112,0,7,0,"","AC119673.2, CAMLG, DGCR10, MRPL21, SLC35E2B, SNORC, SURF1","",0,0,0,0,0,"","","",""
exclude_hla,male,L6,80,0,7,0,"","AC119673.2, ATF4, CAMLG, DDT, DGCR10, SLC35E2B, SURF1","",0,0,0,0,0,"","","",""
exclude_hla,male,Micro.Vasc,2,0,0,0,"","","",0,0,0,0,0,"","","",""
exclude_hla,male,Oligo,4,0,1,0,"",STMN4,"",0,0,0,0,0,"","","",""
exclude_hla,female,Astro,100,1,10,0,KANSL1-AS1,"AC119673.2, CAMLG, CHCHD2, DGCR10, GPNMB, MRPL21, RGR, SLC35E2B, SURF1, THNSL2","",0,0,0,0,0,"","","",""
exclude_hla,female,Inhb,45,0,5,0,"","AC119673.2, CAMLG, GPNMB, SLC35E2B, SURF1","",0,0,0,0,0,"","","",""
exclude_hla,female,L2.3,160,1,14,0,LRRC37A2,"AC119673.2, CAMLG, CHCHD2, DGCR10, GPNMB, MRPL21, PCP4, PDLIM4, RGR, S100A13, SLC35E2B, SNORC, SURF1, THNSL2","",0,0,0,0,0,"","","",""
exclude_hla,female,L4,38,0,4,0,"","AC119673.2, CAMLG, SLC35E2B, SNORC","",0,0,0,0,0,"","","",""
exclude_hla,female,L5,128,0,11,0,"","AC119673.2, CAMLG, DGCR10, GPNMB, MRPL21, PEPD, S100A13, SLC35E2B, SNORC, SURF1, THNSL2","",0,0,0,0,0,"","","",""
exclude_hla,female,L6,57,0,6,0,"","AC119673.2, CHSY1, DGCR10, GPNMB, MRPL21, SLC35E2B","",0,0,0,0,0,"","","",""
exclude_hla,female,Micro.Vasc,1,0,0,0,"","","",0,0,0,0,0,"","","",""
exclude_hla,female,Oligo,2,0,1,0,"",STMN4,"",0,0,0,0,0,"","","",""
exclude_mhc,all,Astro,551,1,41,1,MAPK3,"AC119673.2, ATF4, ATP6V0E2, BAIAP3, C11orf96, C1QTNF4, CAMLG, CHCHD2, COA6, DDT, DGCR10, FABP3, FAM20C, GAPDH, GPNMB, HPCAL4, IFITM2, IFITM3, MAPK3, MRPL21, MRVI1, NAXE, NBL1, PCP4, PEPD, PHLDA2, RGR, RPL28, RPS21, RPS23, RPS24, S100A13, SLC35E2B, SNORC, SPON2, STEAP2, STMN4, SURF1, THNSL2, TOMM7, USP22",MAPK3,0,0,0,0,0,"","","",""
exclude_mhc,all,Inhb,256,1,26,0,KANSL1-AS1,"AC119673.2, ARL17B, ATF4, ATP6V0E2, BAIAP3, CAMLG, CHCHD2, COA6, COX7A1, DDT, DGCR10, GAPDH, GPNMB, MAPK3, MRPL21, NAXE, PCP4, RGR, RPS23, S100A13, SLC35E2B, SNORC, SPON2, SURF1, THNSL2, TOMM7","",0,0,0,0,0,"","","",""
exclude_mhc,all,L2.3,907,5,45,2,"ARL17B, B3GAT1, KANSL1-AS1, MAPK3, PCCB","AC119673.2, ARF1, ARL17B, ATF4, ATP6V0E2, BAIAP3, CAMLG, CHCHD2, CHI3L1, COA6, COX7A1, DDT, DGCR10, FABP3, FBLN7, GOLGA4, GPNMB, IFITM2, MAPK3, MRPL21, MT1E, NAXE, NBL1, PCP4, PDLIM4, PEPD, PHLDA2, POP5, RGR, RPL28, RPL8, RPS23, S100A13, SLC35E2B, SNORC, SPON2, STEAP2, SURF1, THNSL2, TOMM7, TRIM47, TTC32, TXNDC17, USP22, VPS4A","ARL17B, MAPK3",0,0,0,0,0,"","","",""
exclude_mhc,all,L4,206,3,23,1,"KANSL1-AS1, MAPK3, RPS17","AC119673.2, CAMLG, CHCHD2, COX7A1, DDT, DGCR10, GPNMB, MAPK3, MRPL21, NAXE, NBL1, PDLIM4, PEPD, PNCK, RGR, RPL28, RPS23, S100A13, SLC35E2B, SNORC, SURF1, THNSL2, TOMM7",MAPK3,0,0,0,0,0,"","","",""
exclude_mhc,all,L5,754,3,40,1,"KANSL1-AS1, MAPK3, MAPT-AS1","AC119673.2, ATF4, ATP6V0E2, BAIAP3, CAMLG, CCNI, CHCHD2, COA6, DDT, DGCR10, FBLN7, GAPDH, GPNMB, IFITM2, MAPK3, MRPL21, MRVI1, NAXE, NBL1, NCALD, NEDD8, PCP4L1, PDLIM4, PEPD, PHLDA2, RGR, RPL8, RPLP2, RPS23, S100A10, S100A13, SLC35E2B, SNORC, SPON2, SURF1, THNSL2, TMEM176B, TOMM7, TTC32, USP22",MAPK3,0,0,0,0,0,"","","",""
exclude_mhc,all,L6,449,1,38,0,LRRC37A2,"ABRACL, AC119673.2, AC245060.5, ANKDD1A, ATP5F1E, ATP6V0E2, BAIAP3, CAMLG, CHCHD2, COA6, COX14, DDT, DGCR10, FABP3, GPNMB, HSPB1, MRPL21, NEAT1, PDLIM4, PEPD, PHLDA2, PREX1, RGR, RPL28, RPL8, RPS23, RPS24, S100A13, SLC35E2B, SNORC, SPON2, STEAP2, STMN4, SURF1, THNSL2, TOMM7, TTC32, TUBA1C","",0,0,0,0,0,"","","",""
exclude_mhc,all,Micro.Vasc,21,0,5,0,"","ANP32B, CAMLG, MRPL21, RPS23, SLC35E2B","",0,0,0,0,0,"","","",""
exclude_mhc,all,Oligo,78,0,12,0,"","AC119673.2, ATF4, MRPL21, NKAIN1, NUPR1, S100A13, SLC35E2B, SNORC, STMN4, SURF1, THNSL2, TOMM7","",0,0,0,0,0,"","","",""
exclude_mhc,male,Astro,92,1,9,0,KANSL1-AS1,"AC119673.2, ARL17B, CAMLG, DGCR10, FCER1G, MRPL21, SLC35E2B, STMN4, SURF1","",0,0,0,0,0,"","","",""
exclude_mhc,male,Inhb,41,1,5,0,KANSL1-AS1,"AC119673.2, CAMLG, DGCR10, MRPL21, SURF1","",0,0,0,0,0,"","","",""
exclude_mhc,male,L2.3,125,1,8,1,MAPK3,"AC119673.2, CAMLG, DGCR10, MAPK3, MRPL21, NAXE, SLC35E2B, SURF1",MAPK3,0,0,0,0,0,"","","",""
exclude_mhc,male,L4,28,0,4,0,"","AC119673.2, CAMLG, SURF1, TOMM7","",0,0,0,0,0,"","","",""
exclude_mhc,male,L5,112,0,7,0,"","AC119673.2, CAMLG, DGCR10, MRPL21, SLC35E2B, SNORC, SURF1","",0,0,0,0,0,"","","",""
exclude_mhc,male,L6,80,0,7,0,"","AC119673.2, ATF4, CAMLG, DDT, DGCR10, SLC35E2B, SURF1","",0,0,0,0,0,"","","",""
exclude_mhc,male,Micro.Vasc,2,0,0,0,"","","",0,0,0,0,0,"","","",""
exclude_mhc,male,Oligo,4,0,1,0,"",STMN4,"",0,0,0,0,0,"","","",""
exclude_mhc,female,Astro,100,1,10,0,KANSL1-AS1,"AC119673.2, CAMLG, CHCHD2, DGCR10, GPNMB, MRPL21, RGR, SLC35E2B, SURF1, THNSL2","",0,0,0,0,0,"","","",""
exclude_mhc,female,Inhb,45,0,5,0,"","AC119673.2, CAMLG, GPNMB, SLC35E2B, SURF1","",0,0,0,0,0,"","","",""
exclude_mhc,female,L2.3,160,1,14,0,LRRC37A2,"AC119673.2, CAMLG, CHCHD2, DGCR10, GPNMB, MRPL21, PCP4, PDLIM4, RGR, S100A13, SLC35E2B, SNORC, SURF1, THNSL2","",0,0,0,0,0,"","","",""
exclude_mhc,female,L4,38,0,4,0,"","AC119673.2, CAMLG, SLC35E2B, SNORC","",0,0,0,0,0,"","","",""
exclude_mhc,female,L5,128,0,11,0,"","AC119673.2, CAMLG, DGCR10, GPNMB, MRPL21, PEPD, S100A13, SLC35E2B, SNORC, SURF1, THNSL2","",0,0,0,0,0,"","","",""
exclude_mhc,female,L6,57,0,6,0,"","AC119673.2, CHSY1, DGCR10, GPNMB, MRPL21, SLC35E2B","",0,0,0,0,0,"","","",""
exclude_mhc,female,Micro.Vasc,1,0,0,0,"","","",0,0,0,0,0,"","","",""
exclude_mhc,female,Oligo,2,0,1,0,"",STMN4,"",0,0,0,0,0,"","","",""
