split,context,n_independent_signals,n_eGenes,n_SCZD_GWAS,n_MDD_GWAS,n_BPD_GWAS,n_SCZD_GWASg,n_MDD_GWASg,n_BPD_GWASg,n_DEG,n_DEG_SCZD_GWAS,n_DEG_MDD_GWAS,n_DEG_BPD_GWAS,n_DEG_SCZD_GWASg,n_DEG_MDD_GWASg,n_DEG_BPD_GWASg,SCZD_GWAS_genes,MDD_GWAS_genes,BPD_GWAS_genes,SCZD_GWASg_genes,MDD_GWASg_genes,BPD_GWASg_genes,DEG_genes,DEG_SCZD_GWAS_genes,DEG_MDD_GWAS_genes,DEG_BPD_GWAS_genes,DEG_SCZD_GWASg_genes,DEG_MDD_GWASg_genes,DEG_BPD_GWASg_genes
all,Astro,578,561,2,1,1,13,148,3,43,1,0,0,2,15,0,"MAPK3, ZSCAN31",TMEM258,TMEM258,"ATF4, CDIP1, COQ10B, IMMP2L, KANSL1-AS1, LRRC37A2, MAPK3, QPCT, RLBP1, RNASEH2C, RPL13, WNT3, ZSCAN31","AARS, ACOT1, ADRA1D, AFF3, ANKRD10, ARID4B, ASB8, ASPSCR1, ATF4, BCR, BPHL, C11orf80, C1QTNF4, C2orf74, C7orf50, CAMK2B, CCZ1B, CD83, CDIP1, CDK2AP1, CENPX, CKS2, CLUAP1, COQ10B, CORO7, COX6A1, CPNE1, CPVL, CRIPAK, CSDC2, CYP2D6, DDX55, DDX6, DPYSL4, EBPL, EFCAB2, EFHB, ENPP5, EXOSC6, FAIM, FAM89A, FEZ2, FIBP, FREM2, FTCD, GAA, GAL, GATC, GLIPR1L2, GOLGA6L4, GPR83, GRN, GSTO2, GUF1, HHLA3, HIGD1A, HIST1H1C, HLA-A, HLA-B, HLA-C, HLA-DQB1, HLA-DRB1, HPCAL4, IFITM3, IMMP2L, KCNT1, KNOP1, KNSTRN, LINC00205, LLGL1, LMF1, LRMDA, LRRC27, LYRM9, MAPK12, MAPK3, MED24, MERTK, MGMT, MGST1, MORF4L2, MRPL19, MRPL21, MRPL28, MRPL34, MRPS27, MTG1, MXRA7, MYOM2, NDUFAF1, NDUFV3, NKAIN4, NT5DC2, NUDT2, PAAF1, PAH, PAMR1, PEPD, PEX6, PHLDA2, PIGP, PILRB, POLR3H, PPA2, PRSS3, PTPRN2, RBM23, RGN, RLBP1, RNASEH2C, RPL10A, RPL12, RPL28, RPS21, RPS5, RYR1, SAPCD2, SELENBP1, SENP3, SETD9, SMAD9, SNORC, SNX16, SNX32, SPATA20, SPON2, SPSB2, SRA1, THOC5, TIMM10, TMEM258, TSPAN15, TTC12, TUBGCP6, UROS, USP22, VARS2, VPS11, VPS28, WARS2, WDR6, WIPF1, WNT2B, WNT3, YBEY, ZNF680, ZNF749, ZSCAN31","MED24, TMEM258, TTC12","AC119673.2, ATF4, ATP6V0E2, BAIAP3, C11orf96, C1QTNF4, CAMLG, CHCHD2, COA6, DDT, DGCR10, FABP3, FAM20C, GAPDH, GPNMB, HLA-B, HLA-DRB1, HPCAL4, IFITM2, IFITM3, MAPK3, MRPL21, MRVI1, NAXE, NBL1, PCP4, PEPD, PHLDA2, RGR, RPL28, RPS21, RPS23, RPS24, S100A13, SLC35E2B, SNORC, SPON2, STEAP2, STMN4, SURF1, THNSL2, TOMM7, USP22",MAPK3,"","","ATF4, MAPK3","ATF4, C1QTNF4, HLA-B, HLA-DRB1, HPCAL4, IFITM3, MAPK3, MRPL21, PEPD, PHLDA2, RPL28, RPS21, SNORC, SPON2, USP22",""
all,Inhb,272,265,4,1,1,11,71,1,28,0,0,0,3,9,0,"BTN3A2, HLA-DMA, KANSL1-AS1, VARS2",BTN3A2,BTN3A2,"ARL17B, ATF4, BTN3A2, HLA-DMA, KANSL1-AS1, MAPK3, PPP1R16B, RPL13, VARS2, WNT3, ZMAT2","ARL17B, ATF4, BTN3A2, C2orf74, C7orf50, CAMK2B, CCZ1B, CD53, CENPX, COX7A1, CPNE1, CRIPAK, DYSF, EBPL, EFCAB2, ENPP5, EXOSC6, FREM2, GATC, GLIPR1L2, GSTO2, HLA-B, HLA-C, HLA-DMA, HLA-DQB1, HLA-DRB1, KNSTRN, LINC00205, LYRM9, MAEL, MAPK12, MAPK3, MCMBP, MMS19, MRPL21, MRPL34, MRPS27, MTG1, MXRA7, MYOM2, NDUFAF1, NDUFB11, NDUFV3, NKAIN4, NME1, OAF, PAAF1, PAH, PEX6, POLR1A, POLR3H, PPP1R16B, PTPRN2, RBM23, RHOV, RPL12, RPS5, SELENBP1, SNORC, SPON2, STYXL1, TIMM10, UROS, VARS2, WDR6, WNT2B, WNT3, YBEY, ZMAT2, ZNF749, ZSCAN31",BTN3A2,"AC119673.2, ARL17B, ATF4, ATP6V0E2, BAIAP3, CAMLG, CHCHD2, COA6, COX7A1, DDT, DGCR10, GAPDH, GPNMB, HLA-B, HLA-DRB1, MAPK3, MRPL21, NAXE, PCP4, RGR, RPS23, S100A13, SLC35E2B, SNORC, SPON2, SURF1, THNSL2, TOMM7","","","","ARL17B, ATF4, MAPK3","ARL17B, ATF4, COX7A1, HLA-B, HLA-DRB1, MAPK3, MRPL21, SNORC, SPON2",""
all,L2.3,960,925,11,3,2,23,265,5,47,2,0,0,3,19,0,"ARL17B, B3GAT1, BTN3A2, HLA-C, HLA-DMA, HLA-DMB, HLA-DRB5, KANSL1-AS1, MAPK3, PCCB, ZSCAN31","BTN3A2, NICN1, PSEN2","BTN3A2, CCS","ARL17B, ATF4, B3GAT1, BTN3A2, CDK10, CHRNA5, ELAC2, HLA-C, HLA-DMA, HLA-DMB, HLA-DRB5, HYI, KANSL1-AS1, LRRC37A, LRRC37A2, MAN2A1, MAPK3, PCCB, SLC39A8, SRR, STRC, WNT3, ZSCAN31","AARS, ACADS, ACOT1, ADAL, ADAM15, ADRA1D, AKTIP, ALG12, AMZ1, ANKRD10, ARL17B, ARMC1, ASB8, ATF4, B3GAT1, B3GNTL1, B4GALNT3, BCR, BLVRA, BOC, BPHL, BRD1, BSPRY, BTN3A2, C11orf80, C2orf74, C7orf50, C9orf24, CAB39L, CAMK2B, CCDC13, CCDC169, CCDC181, CCDC34, CCS, CCZ1B, CD46, CD53, CD83, CDKL2, CENPX, CHRM2, CHST1, CHURC1, CKS2, CLTCL1, CLUAP1, COX7A1, COX7A2L, CPNE1, CPVL, CRIPAK, CRTAC1, CRYBG3, CSDC2, CYSTM1, DDX55, DGCR2, DNAJC30, DPP6, DPYSL4, DPYSL5, EBPL, EFCAB2, EFHB, EFR3A, ENPP5, EXOSC6, FAIM, FAM184A, FAM200B, FAM207A, FAM89A, FBLN7, FEZ2, FIBP, FN3KRP, FOXRED1, FREM2, FREM3, FRRS1L, FTO, FUOM, GAL, GAS2, GATC, GLIPR1L2, GLRX2, GOLM1, GPR83, GSDME, GSTO2, GUF1, HCG18, HHLA3, HIGD1A, HLA-A, HLA-B, HLA-C, HLA-DMA, HLA-DMB, HLA-DPB1, HLA-DQB1, HLA-DRB1, HPR, HSBP1L1, HSD17B12, HYAL3, IFT88, IQCB1, IST1, IVD, KCNJ14, KCNJ3, KCNT1, KDM1B, KNOP1, KNSTRN, KRR1, LIMK1, LIN52, LINC00205, LLGL1, LMF1, LRPPRC, LRRC27, LRRC37A, LXN, LYRM9, MADD, MAEL, MAN2A1, MAPK12, MAPK3, MED24, METTL21C, MFSD13A, MGMT, MORN4, MPI, MRPL19, MRPL21, MRPL28, MRPL34, MRPL48, MRPS27, MT1E, MTCH2, MTG1, MUC20, MXRA7, MYADML2, MYOM2, NAA25, NAP1L1, NDUFAF1, NDUFV3, NELL1, NICN1, NKAIN4, NME1, NPHP3, NT5DC2, NUDT12, NUDT2, OAF, OSBPL5, P2RX4, PAAF1, PAH, PAX8, PCCB, PCLO, PDLIM2, PEPD, PEX6, PEX7, PHLDA2, PIGP, PIK3CD, PILRB, PLEKHA2, POLR3H, POP5, PPM1B, PRMT2, PRR4, PRSS3, PSEN2, PTGER3, PTPN14, PTPRN2, QSOX2, RAB3B, RAD51C, RARRES1, RBM23, RFWD3, RGN, RPAP1, RPL10A, RPL12, RPL28, RTF1, RWDD3, SAPCD2, SENP3, SFXN4, SLC22A18AS, SLC39A8, SMC2, SMIM19, SMIM8, SNORC, SNX32, SOD1, SOHLH2, SPATA20, SPON2, SRA1, SRR, ST3GAL6, STRBP, STRC, STYXL1, SULT2B1, SUSD4, TAFA1, TBCA, TIMM10, TIPIN, TMEM120B, TMEM233, TNFAIP8L3, TOR1B, TRAPPC2, TRIM47, TRMT61B, TSFM, TSPAN15, TULP4, TXNDC17, UGGT2, ULK3, UROS, USP22, VARS2, VCL, VPS28, VPS4A, WDR6, WIPF1, WNT2B, WNT3, YBEY, YEATS4, YPEL1, ZBTB18, ZBTB46, ZMPSTE24, ZNF138, ZNF502, ZNF738, ZNF749, ZSCAN31","ACADS, BTN3A2, CCS, MED24, NAA25","AC119673.2, ARF1, ARL17B, ATF4, ATP6V0E2, BAIAP3, CAMLG, CHCHD2, CHI3L1, COA6, COX7A1, DDT, DGCR10, FABP3, FBLN7, GOLGA4, GPNMB, HLA-B, HLA-DRB1, IFITM2, MAPK3, MRPL21, MT1E, NAXE, NBL1, PCP4, PDLIM4, PEPD, PHLDA2, POP5, RGR, RPL28, RPL8, RPS23, S100A13, SLC35E2B, SNORC, SPON2, STEAP2, SURF1, THNSL2, TOMM7, TRIM47, TTC32, TXNDC17, USP22, VPS4A","ARL17B, MAPK3","","","ARL17B, ATF4, MAPK3","ARL17B, ATF4, COX7A1, FBLN7, HLA-B, HLA-DRB1, MAPK3, MRPL21, MT1E, PEPD, PHLDA2, POP5, RPL28, SNORC, SPON2, TRIM47, TXNDC17, USP22, VPS4A",""
all,L4,216,211,4,0,0,5,54,1,25,1,0,0,1,8,0,"HLA-C, KANSL1-AS1, MAPK3, RPS17","","","HLA-C, KANSL1-AS1, MAPK3, RPS17, WNT3","ADRA1D, ALDH2, C2orf74, C7orf50, CCZ1B, CD53, CENPX, COX7A1, CPNE1, CRIPAK, CTNNA2, ENPP5, EXOSC6, GATC, GSTO2, HIGD1A, HLA-B, HLA-C, HLA-DPB1, HLA-DQB1, HLA-DRB1, HSD17B12, IVD, LGI3, LINC00205, LRMDA, LYRM9, MAPK12, MAPK3, MRPL21, MRPL28, MRPS27, MTG1, MXRA7, NDUFV3, NEK6, NIM1K, NME2, PEPD, PEX6, PTPRN2, RBM23, RIMS1, RPL28, RPS5, SNORC, SNX32, TIMM10, TSPAN15, UROS, WNT2B, WNT3, YBEY, ZNF749",ALDH2,"AC119673.2, CAMLG, CHCHD2, COX7A1, DDT, DGCR10, GPNMB, HLA-B, HLA-DRB1, MAPK3, MRPL21, NAXE, NBL1, PDLIM4, PEPD, PNCK, RGR, RPL28, RPS23, S100A13, SLC35E2B, SNORC, SURF1, THNSL2, TOMM7",MAPK3,"","",MAPK3,"COX7A1, HLA-B, HLA-DRB1, MAPK3, MRPL21, PEPD, RPL28, SNORC",""
all,L5,799,770,9,1,1,16,202,5,42,1,0,0,2,12,0,"AL513548.1, BTN3A2, HLA-DMA, HLA-DMB, HLA-DRB5, KANSL1-AS1, MAPK3, MAPT-AS1, ZSCAN31",BTN3A2,BTN3A2,"AL513548.1, ATF4, BTN3A2, ELAC2, GNL3, HLA-DMA, HLA-DMB, HLA-DRB5, KANSL1-AS1, LRRC37A, LRRC37A2, MAPK3, MAPT-AS1, SRR, WNT3, ZSCAN31","ACOT1, AKTIP, ALDH2, ANKRD36, ANXA2, ARHGEF10, ARMC1, ASB8, ATF4, ATP23, BCHE, BCR, BHMT, BOC, BPHL, BSPRY, BTN3A2, C11orf80, C20orf27, C2orf74, C7orf50, CALY, CAMK2B, CCDC88B, CCZ1B, CDKL2, CENPX, CHD7, CHPF, CHURC1, CKS2, CLYBL, CMTR2, COX7A2L, CPNE1, CPNE8, CPVL, CRIPAK, CRYBG3, CSDC2, CYSTM1, DDX6, DNAJC30, DTNBP1, EBPL, EFCAB2, EFHB, ENPP5, EXOSC6, FAIM, FAM184A, FAM89A, FBLN7, FIBP, FN3KRP, FREM2, FREM3, FTCD, FUOM, GAL, GATC, GLIPR1L2, GLRX2, GLYR1, GNL3, GSTO2, HHLA3, HIGD1A, HLA-A, HLA-B, HLA-C, HLA-DMA, HLA-DMB, HLA-DPB1, HLA-DQB1, HLA-DRB1, HSD17B12, HYAL3, IFT88, IQCB1, KCNIP4, KIF6, KISS1R, KNSTRN, LARS2, LINC00205, LLGL1, LRMDA, LRRC37A, LURAP1, LXN, LYRM9, MADD, MAEL, MAOB, MAPK12, MAPK3, MED24, METTL21C, MGLL, MGMT, MORN4, MRPL19, MRPL21, MRPL28, MRPL34, MRPS27, MTCH2, MTG1, MUC20, MXRA7, MYADML2, MYOM2, NCALD, NCKIPSD, NDUFAF1, NDUFV3, NIPSNAP1, NME1, NPHP3, NUDT2, OAF, PAAF1, PAH, PAX7, PCBP2, PDLIM2, PDSS2, PEPD, PEX6, PHLDA2, PIGP, PILRB, PLCH1, PLXNC1, PNPO, POLR3H, PTGER3, PTPN14, PTPRN2, PYGM, RAD51C, RARRES1, RBM23, RCN1, RPL10A, RPL12, RRP12, RTF1, RYR1, SAE1, SAPCD2, SENP3, SETD9, SFMBT2, SLC22A18AS, SLC4A8, SMC2, SMIM19, SMIM8, SNORC, SNX16, SNX32, SOHLH2, SPATA20, SPEF1, SPON2, SPSB2, SRA1, SRR, ST3GAL6, STAT1, STOML1, SULT2B1, TBCA, TCTN2, TIMM10, TNK1, TPMT, TSFM, TSPAN15, TSPAN33, UBAP2L, UROS, USP22, VARS2, VCL, VPS28, WARS2, WDR41, WDR6, WNT2B, WNT3, YBEY, YEATS4, ZDHHC6, ZNF138, ZNF462, ZNF493, ZNF738, ZNF749, ZSCAN31","ALDH2, BTN3A2, C20orf27, MED24, SPEF1","AC119673.2, ATF4, ATP6V0E2, BAIAP3, CAMLG, CCNI, CHCHD2, COA6, DDT, DGCR10, FBLN7, GAPDH, GPNMB, HLA-B, HLA-DRB1, IFITM2, MAPK3, MRPL21, MRVI1, NAXE, NBL1, NCALD, NEDD8, PCP4L1, PDLIM4, PEPD, PHLDA2, RGR, RPL8, RPLP2, RPS23, S100A10, S100A13, SLC35E2B, SNORC, SPON2, SURF1, THNSL2, TMEM176B, TOMM7, TTC32, USP22",MAPK3,"","","ATF4, MAPK3","ATF4, FBLN7, HLA-B, HLA-DRB1, MAPK3, MRPL21, NCALD, PEPD, PHLDA2, SNORC, SPON2, USP22",""
all,L6,477,461,4,2,1,10,120,3,40,0,0,0,0,10,0,"HLA-C, HLA-DMA, LRRC37A2, TSBP1-AS1","AL596257.1, FADS1",FADS1,"HLA-C, HLA-DMA, KANSL1-AS1, LINC00634, LRRC37A2, RNASEH2C, RPL13, SRR, TSBP1-AS1, WNT3","ACOT1, ADARB2, AL596257.1, ARHGEF10, ARV1, BPHL, BSPRY, C1orf109, C2orf74, CCZ1B, CD46, CENPX, CHURC1, CORO7, COX7A2L, CPNE1, CSDC2, DECR2, DNAJC17, EBPL, EFCAB2, EFHB, EIF3E, ENPP5, EXOSC6, FADS1, FAIM, FEZ2, FN3KRP, FTCD, GAL, GATC, GLIPR1L2, GPRC5B, GSTO2, HAUS4, HIGD1A, HLA-A, HLA-B, HLA-C, HLA-DMA, HLA-DPB1, HLA-DQB1, HLA-DRB1, HSPB1, IRGQ, ITGA9, KCNT1, KNSTRN, LCN12, LINC00205, LLGL1, LRPPRC, LRRC27, LYRM9, MADD, MAEL, MAPK12, MEI1, MGMT, MRPL21, MRPL28, MRPL34, MRPS27, MTG1, MUC20, MXRA7, NDUFV3, NKAIN4, NME1, NME2, NPHP3, PAAF1, PAH, PAMR1, PCNT, PEPD, PEX6, PGAP3, PHLDA2, POLR3H, PREX1, PRMT2, PTGER3, PTPRN2, RBM23, RGN, RNASEH2C, RPL12, RPL28, RRP12, RYR1, SELENOF, SENP3, SETD9, SLC22A18AS, SMC2, SNORC, SNX32, SPATA20, SPEF1, SPON2, SPSB2, SRA1, SRR, STOML1, STYXL1, TIMM10, TRIM37, TSPAN15, UROS, VARS2, VPS28, WDR6, WNT3, YBEY, ZCRB1, ZNF138, ZNF738, ZNF749","FADS1, LINC00634, SPEF1","ABRACL, AC119673.2, AC245060.5, ANKDD1A, ATP5F1E, ATP6V0E2, BAIAP3, CAMLG, CHCHD2, COA6, COX14, DDT, DGCR10, FABP3, GPNMB, HLA-B, HLA-DRB1, HSPB1, MRPL21, NEAT1, PDLIM4, PEPD, PHLDA2, PREX1, RGR, RPL28, RPL8, RPS23, RPS24, S100A13, SLC35E2B, SNORC, SPON2, STEAP2, STMN4, SURF1, THNSL2, TOMM7, TTC32, TUBA1C","","","","","HLA-B, HLA-DRB1, HSPB1, MRPL21, PEPD, PHLDA2, PREX1, RPL28, SNORC, SPON2",""
all,Micro.Vasc,24,24,0,0,0,0,8,0,5,0,0,0,0,2,0,"","","","","ANP32B, HLA-A, HLA-C, HLA-DQB1, MRPL21, MXRA7, PEX6, RPL10A","","ANP32B, CAMLG, MRPL21, RPS23, SLC35E2B","","","","","ANP32B, MRPL21",""
all,Oligo,79,79,0,0,0,2,27,0,12,0,0,0,1,3,0,"","","","ATF4, KANSL1-AS1","ADAMTS18, ADARB2, ANK2, ATF4, CADM2, CCZ1B, COL16A1, EXOSC6, GATC, GLIPR1L2, HHATL, HLA-C, KNOP1, LLGL1, MRPL21, OTUD7A, PDE1A, PEX6, PTPN13, SERPINI1, SNORC, SORCS2, SPATA20, TIMM10, TMPRSS5, TSPAN15, WIPF1","","AC119673.2, ATF4, MRPL21, NKAIN1, NUPR1, S100A13, SLC35E2B, SNORC, STMN4, SURF1, THNSL2, TOMM7","","","",ATF4,"ATF4, MRPL21, SNORC",""
male,Astro,93,93,1,0,0,4,19,0,9,0,0,0,1,2,0,KANSL1-AS1,"","","ARL17B, KANSL1-AS1, LRRC37A2, WNT3","ACOT1, ARL17B, C2orf74, CCZ1B, CPNE1, FREM2, GATC, KNSTRN, LINC00205, MAPK12, MRPL21, MXRA7, PEX6, PILRB, SENP3, TIGD5, UROS, WNT3, ZNF749","","AC119673.2, ARL17B, CAMLG, DGCR10, FCER1G, MRPL21, SLC35E2B, STMN4, SURF1","","","",ARL17B,"ARL17B, MRPL21",""
male,Inhb,43,43,1,0,0,2,11,0,5,0,0,0,0,1,0,KANSL1-AS1,"","","KANSL1-AS1, WNT3","C2orf74, CCZ1B, EXOSC6, HLA-C, HLA-DQB1, LINC00205, MRPL21, MRPS27, MXRA7, WNT3, ZNF749","","AC119673.2, CAMLG, DGCR10, MRPL21, SURF1","","","","",MRPL21,""
male,L2.3,129,128,2,1,0,5,29,0,8,1,0,0,1,2,0,"HLA-C, MAPK3",POLR3H,"","HLA-C, KANSL1-AS1, LRRC37A2, MAPK3, WNT3","ACOT1, C2orf74, CCZ1B, CENPX, CPNE1, EFHB, GSTO2, HLA-C, HLA-DQB1, LINC00205, LYRM9, MAEL, MAPK12, MAPK3, MRPL19, MRPL21, MRPS27, MXRA7, PEX6, POLR3H, RBM23, SENP3, SULT2B1, TIMM10, UROS, WNT3, YBEY, ZNF337, ZNF749","","AC119673.2, CAMLG, DGCR10, MAPK3, MRPL21, NAXE, SLC35E2B, SURF1",MAPK3,"","",MAPK3,"MAPK3, MRPL21",""
male,L4,29,29,0,0,0,1,9,1,4,0,0,0,0,0,0,"","","",WNT3,"C2orf74, CCZ1B, HLA-DQB1, KLHDC8B, LINC00205, MSANTD1, MXRA7, SLC7A8, WNT3",MSANTD1,"AC119673.2, CAMLG, SURF1, TOMM7","","","","","",""
male,L5,115,115,1,0,0,4,23,0,7,0,0,0,0,2,0,HLA-C,"","","HLA-C, KANSL1-AS1, LRRC37A2, WNT3","ACOT1, C2orf74, CCZ1B, CPNE1, CYP27A1, EBPL, EFCAB2, EFHB, HLA-C, HLA-DQB1, HYAL3, KNSTRN, LINC00205, MAPK12, MRPL21, MXRA7, PEX6, SENP3, SNORC, TIMM10, UROS, WNT3, ZNF749","","AC119673.2, CAMLG, DGCR10, MRPL21, SLC35E2B, SNORC, SURF1","","","","","MRPL21, SNORC",""
male,L6,81,81,0,0,0,4,15,0,7,0,0,0,1,1,0,"","","","ATF4, KANSL1-AS1, LRRC37A2, WNT3","ACOT1, ATF4, C2orf74, CCZ1B, CHURC1, LINC00205, MAPK12, MXRA7, PEX6, SELENBP1, SENP3, TIMM10, UROS, WNT3, ZNF749","","AC119673.2, ATF4, CAMLG, DDT, DGCR10, SLC35E2B, SURF1","","","",ATF4,ATF4,""
male,Micro.Vasc,2,2,0,0,0,0,0,0,0,0,0,0,0,0,0,"","","","","","","","","","","","",""
male,Oligo,4,4,0,0,0,1,0,0,1,0,0,0,0,0,0,"","","",KANSL1-AS1,"","",STMN4,"","","","","",""
female,Astro,104,103,1,0,0,4,22,0,11,0,0,0,0,2,0,KANSL1-AS1,"","","KANSL1-AS1, LRRC37A, LRRC37A2, WNT3","ACOT1, BPHL, C2orf74, CCZ1B, EFCAB2, EFHB, EXOSC6, GLIPR1L2, HLA-B, HLA-C, HLA-DQB1, LINC00205, LRRC37A, MAPK12, MRPL21, PEX6, PTPRN2, RBM23, TIMM10, TSPAN15, WNT3, ZNF749","","AC119673.2, CAMLG, CHCHD2, DGCR10, GPNMB, HLA-B, MRPL21, RGR, SLC35E2B, SURF1, THNSL2","","","","","HLA-B, MRPL21",""
female,Inhb,47,47,0,0,0,3,9,0,6,0,0,0,0,1,0,"","","","KANSL1-AS1, LRRC37A2, WNT3","C2orf74, CCZ1B, HLA-B, HLA-C, LIN7B, LINC00205, TIMM10, WNT3, ZNF749","","AC119673.2, CAMLG, GPNMB, HLA-B, SLC35E2B, SURF1","","","","",HLA-B,""
female,L2.3,164,162,1,0,0,4,36,0,15,0,0,0,0,3,0,LRRC37A2,"","","KANSL1-AS1, LRRC37A, LRRC37A2, WNT3","C2orf74, CCZ1B, CRYBG3, EFCAB2, EFHB, ENPP5, FAIM, FAM184A, GATC, GGH, GSTO2, HLA-DQB1, HLA-DRB1, LINC00205, LMF1, LRRC37A, MAPK12, MRPL21, MRPS27, PAAF1, PDLIM2, PEX6, PTPRN2, RBM23, SFXN4, SNORC, SOHLH2, SPATA20, TAC3, TIMM10, WNT2B, WNT3, YBEY, ZBTB7B, ZNF641, ZNF749","","AC119673.2, CAMLG, CHCHD2, DGCR10, GPNMB, HLA-DRB1, MRPL21, PCP4, PDLIM4, RGR, S100A13, SLC35E2B, SNORC, SURF1, THNSL2","","","","","HLA-DRB1, MRPL21, SNORC",""
female,L4,39,39,0,0,0,2,10,0,4,0,0,0,0,1,0,"","","","KANSL1-AS1, WNT3","C2orf74, CCZ1B, GSTO2, HLA-DQB1, LINC00205, PEX6, SNORC, TIMM10, WNT3, ZNF749","","AC119673.2, CAMLG, SLC35E2B, SNORC","","","","",SNORC,""
female,L5,134,132,1,0,0,7,34,0,13,0,0,0,0,5,0,HLA-C,"","","HLA-C, KANSL1-AS1, LRRC37A, LRRC37A2, NSF, SRR, WNT3","ACOT1, BHMT, C2orf74, CCZ1B, EFHB, ENPP5, GATC, HIGD1A, HLA-B, HLA-C, HLA-DQB1, HLA-DRB1, LINC00205, LRRC37A, MADD, MRPL21, NDUFV3, NECAB3, NSF, PAAF1, PEPD, PEX6, PODXL2, PTPRN2, RAB4A, SNORC, SNX32, SRR, SULT2B1, TIMM10, UROS, WDR6, WNT3, ZNF749","","AC119673.2, CAMLG, DGCR10, GPNMB, HLA-B, HLA-DRB1, MRPL21, PEPD, S100A13, SLC35E2B, SNORC, SURF1, THNSL2","","","","","HLA-B, HLA-DRB1, MRPL21, PEPD, SNORC",""
female,L6,61,61,1,0,0,4,15,0,8,0,0,0,0,4,0,HLA-C,"","","HLA-C, KANSL1-AS1, LRRC37A2, WNT3","C2orf74, CCZ1B, CHSY1, HLA-B, HLA-C, HLA-DPB1, HLA-DRB1, LINC00205, MRPL21, PEX6, PTPRN2, TIMM10, UBE2K, WNT3, ZNF749","","AC119673.2, CHSY1, DGCR10, GPNMB, HLA-B, HLA-DRB1, MRPL21, SLC35E2B","","","","","CHSY1, HLA-B, HLA-DRB1, MRPL21",""
female,Micro.Vasc,1,1,0,0,0,0,0,0,0,0,0,0,0,0,0,"","","","","","","","","","","","",""
female,Oligo,2,2,0,0,0,0,0,0,1,0,0,0,0,0,0,"","","","","","",STMN4,"","","","","",""
