"logFC","AveExpr","t","P.Value","adj.P.Val","B","gene_id","gene_name","coef","cluster","sex","group","seurat_label_f","dir","adj_sig","fill_color"
1.79586566359182,3.49880107886728,5.0134775646672,6.42331328852606e-07,0.00836700788963404,5.12748604268132,"ENSG00000213088","ACKR1","Micro.Vasc_M_MDD.BPD","Micro.Vasc","M","MDD.BPD","M.V","increased",FALSE,"Layer-restr. up"
0.711582557941516,6.79725311124628,4.65313256362651,3.75387756131819e-06,0.0125757565341385,4.05099108311717,"ENSG00000105520","PLPPR2","Micro.Vasc_M_MDD.BPD","Micro.Vasc","M","MDD.BPD","M.V","increased",FALSE,"Layer-restr. up"
1.22400793450024,5.67552354322066,4.64715101105115,3.86174006882804e-06,0.0125757565341385,4.04851819562604,"ENSG00000221869","CEBPD","Micro.Vasc_M_MDD.BPD","Micro.Vasc","M","MDD.BPD","M.V","increased",TRUE,"Layer-adj. up"
1.30412696791201,4.72297270553108,4.68945926854232,3.15838222380052e-06,0.0125757565341385,3.7881883130933,"ENSG00000113749","HRH2","Micro.Vasc_M_MDD.BPD","Micro.Vasc","M","MDD.BPD","M.V","increased",FALSE,"Layer-restr. up"
1.23713516062888,4.42051103584981,4.5504821243095,6.07695680263272e-06,0.0158316878622188,3.60384285648139,"ENSG00000102265","TIMP1","Micro.Vasc_M_MDD.BPD","Micro.Vasc","M","MDD.BPD","M.V","increased",TRUE,"Layer-adj. up"
0.411317153899189,7.97844365272368,4.32620121007591,1.68468668170951e-05,0.0313496124513543,2.64893380746708,"ENSG00000085063","CD59","Micro.Vasc_M_MDD.BPD","Micro.Vasc","M","MDD.BPD","M.V","increased",FALSE,"Layer-restr. up"
1.0324362568846,5.39005229049407,4.35908535113576,1.45484507960601e-05,0.0313496124513543,2.64889641185824,"ENSG00000129911","KLF16","Micro.Vasc_M_MDD.BPD","Micro.Vasc","M","MDD.BPD","M.V","increased",FALSE,"Layer-restr. up"
1.85330333224173,4.0945190423755,5.26421960442328,1.75671491653722e-07,0.00199567551535969,6.60114734096232,"ENSG00000128016","ZFP36","Astro_M_MDD.BPD","Astro","M","MDD.BPD","Astro","increased",TRUE,"Layer-adj. up"
1.33871795783246,5.18260720610498,5.1579398784554,3.06414174015e-07,0.00199567551535969,6.33392136814351,"ENSG00000099860","GADD45B","Astro_M_MDD.BPD","Astro","M","MDD.BPD","Astro","increased",TRUE,"Layer-adj. up"
0.78864054973514,5.67552354322066,4.92123987912105,1.02046183361496e-06,0.00443084528155617,5.27135930400411,"ENSG00000221869","CEBPD","Astro_M_MDD.BPD","Astro","M","MDD.BPD","Astro","increased",TRUE,"Layer-adj. up"
0.79682658762032,3.9821707540689,4.81830176276227,1.69542172035716e-06,0.00537101670625859,4.67996906950625,"ENSG00000168140","VASN","Astro_M_MDD.BPD","Astro","M","MDD.BPD","Astro","increased",TRUE,"Layer-adj. up"
-0.516138002658558,7.52819974428952,-4.6763173841711,3.36249819701166e-06,0.00537101670625859,4.15116948203176,"ENSG00000161281","COX7A1","Astro_M_MDD.BPD","Astro","M","MDD.BPD","Astro","decreased",TRUE,"Layer-adj. down"
1.15437192663038,3.06757995101989,4.76351273682165,2.21288045269217e-06,0.00537101670625859,4.13651030481583,"ENSG00000078401","EDN1","Astro_M_MDD.BPD","Astro","M","MDD.BPD","Astro","increased",TRUE,"Layer-adj. up"
1.12349896634695,4.17578833021898,4.63265308572448,4.1356610431528e-06,0.00537101670625859,3.97306080938596,"ENSG00000167772","ANGPTL4","Astro_M_MDD.BPD","Astro","M","MDD.BPD","Astro","increased",TRUE,"Layer-adj. up"
-0.584664304735369,4.61749193291124,-4.6293628800621,4.20037280134169e-06,0.00537101670625859,3.96343127549035,"ENSG00000231764","DLX6-AS1","Astro_M_MDD.BPD","Astro","M","MDD.BPD","Astro","decreased",TRUE,"Layer-adj. down"
1.38512707665534,4.23753589947658,4.65503014073514,3.72026812120826e-06,0.00537101670625859,3.91397435604373,"ENSG00000165507","DEPP1","Astro_M_MDD.BPD","Astro","M","MDD.BPD","Astro","increased",TRUE,"Layer-adj. up"
-0.290005808535714,9.20682758916752,-4.63437920403922,4.10209556613923e-06,0.00537101670625859,3.89119249086624,"ENSG00000196683","TOMM7","Astro_M_MDD.BPD","Astro","M","MDD.BPD","Astro","decreased",TRUE,"Layer-adj. down"
-1.33449660660647,2.34309713218112,-4.61305931508756,4.53563517341044e-06,0.00537101670625859,3.60215152968845,"ENSG00000205358","MT1H","Astro_M_MDD.BPD","Astro","M","MDD.BPD","Astro","decreased",TRUE,"Layer-adj. down"
-0.31017145253491,7.81242239154662,-4.49494409958304,7.85539088308184e-06,0.00852702680358534,3.34707575786747,"ENSG00000169764","UGP2","Astro_M_MDD.BPD","Astro","M","MDD.BPD","Astro","decreased",TRUE,"Layer-adj. down"
0.463105554245925,5.78927581986651,4.47188439414133,8.73178584717852e-06,0.00874924941887288,3.30700574248575,"ENSG00000160271","RALGDS","Astro_M_MDD.BPD","Astro","M","MDD.BPD","Astro","increased",FALSE,"Layer-restr. up"
-0.851978396405435,4.20168798616113,-4.44601008886738,9.82649564567416e-06,0.00914285230575369,3.16844234601098,"ENSG00000197061","HIST1H4C","Astro_M_MDD.BPD","Astro","M","MDD.BPD","Astro","decreased",TRUE,"Layer-adj. down"
-0.449796478741948,5.57273127234693,-4.39410144939412,1.24314255336453e-05,0.0101817478159572,2.98716306527316,"ENSG00000174720","LARP7","Astro_M_MDD.BPD","Astro","M","MDD.BPD","Astro","decreased",FALSE,"Layer-restr. down"
-0.372905841983814,6.00650022087236,-4.39276759914396,1.2506369188954e-05,0.0101817478159572,2.97523135484137,"ENSG00000144118","RALB","Astro_M_MDD.BPD","Astro","M","MDD.BPD","Astro","decreased",FALSE,"Layer-restr. down"
1.26475678205436,3.54880666367185,4.33181999135254,1.64310168120956e-05,0.0119082330239435,2.55956055246232,"ENSG00000124762","CDKN1A","Astro_M_MDD.BPD","Astro","M","MDD.BPD","Astro","increased",TRUE,"Layer-adj. up"
1.21892555599229,3.70976175399162,4.25139980197756,2.34342805227609e-05,0.0160660493731307,2.25468511330014,"ENSG00000135245","HILPDA","Astro_M_MDD.BPD","Astro","M","MDD.BPD","Astro","increased",TRUE,"Layer-adj. up"
-0.437599851386135,6.59150556436709,-4.20398690311202,2.88119119371199e-05,0.0187546385715741,2.1913808051756,"ENSG00000136750","GAD2","Astro_M_MDD.BPD","Astro","M","MDD.BPD","Astro","decreased",FALSE,"Layer-restr. down"
-0.217340413373631,8.30578117526638,-4.19285129654648,3.02354836483231e-05,0.0187546385715741,2.07594277177354,"ENSG00000129559","NEDD8","Astro_M_MDD.BPD","Astro","M","MDD.BPD","Astro","decreased",TRUE,"Layer-adj. down"
-0.439614852961366,5.35562021627111,-4.14849322919165,3.65989547250461e-05,0.0216699083749295,2.01370468568688,"ENSG00000151789","ZNF385D","Astro_M_MDD.BPD","Astro","M","MDD.BPD","Astro","decreased",FALSE,"Layer-restr. down"
0.314900630436981,5.7203882873009,4.12325757381741,4.0767815113335e-05,0.0221267316527626,1.91098101517808,"ENSG00000141568","FOXK2","Astro_M_MDD.BPD","Astro","M","MDD.BPD","Astro","increased",FALSE,"Layer-restr. up"
0.890472135536288,4.82094241939663,4.08848693781255,4.72562866994631e-05,0.0221817570827997,1.78308262956425,"ENSG00000178878","APOLD1","Astro_M_MDD.BPD","Astro","M","MDD.BPD","Astro","increased",TRUE,"Layer-adj. up"
-1.40187491842791,1.79258127340187,-4.33148664839211,1.64554118248874e-05,0.0119082330239435,1.74083685289171,"ENSG00000231824","AKAIN1","Astro_M_MDD.BPD","Astro","M","MDD.BPD","Astro","decreased",FALSE,"Layer-restr. down"
0.800914533942395,6.85846936703149,4.08637358476919,4.76807307169039e-05,0.0221817570827997,1.70017515096829,"ENSG00000187193","MT1X","Astro_M_MDD.BPD","Astro","M","MDD.BPD","Astro","increased",TRUE,"Layer-adj. up"
-0.249478601160771,9.27960254147876,-4.10497753989046,4.40654233315369e-05,0.0221817570827997,1.66047040640588,"ENSG00000224078","SNHG14","Astro_M_MDD.BPD","Astro","M","MDD.BPD","Astro","decreased",TRUE,"Layer-adj. down"
0.632563477843003,3.79552204193661,4.06045239366859,5.31901585138916e-05,0.0238915518897225,1.63794077873432,"ENSG00000214402","LCNL1","Astro_M_MDD.BPD","Astro","M","MDD.BPD","Astro","increased",FALSE,"Layer-restr. up"
-0.301580627952131,9.56070930961615,-4.09766882530013,4.54535172288417e-05,0.0221817570827997,1.62674669201614,"ENSG00000145425","RPS3A","Astro_M_MDD.BPD","Astro","M","MDD.BPD","Astro","decreased",TRUE,"Layer-adj. down"
-0.48616435197232,7.7942248247267,-4.02856261181089,6.07986235093024e-05,0.0263987623277391,1.43412010680998,"ENSG00000198162","MAN1A2","Astro_M_MDD.BPD","Astro","M","MDD.BPD","Astro","decreased",TRUE,"Layer-adj. down"
0.274788414186596,7.59706481290207,3.99846903207003,6.8916137816466e-05,0.0289581164902351,1.35189161089443,"ENSG00000121653","MAPK8IP1","Astro_M_MDD.BPD","Astro","M","MDD.BPD","Astro","increased",FALSE,"Layer-restr. up"
0.388167686777783,5.97959652653976,3.97571461659865,7.57249902127719e-05,0.0307994977989638,1.33429892061843,"ENSG00000170525","PFKFB3","Astro_M_MDD.BPD","Astro","M","MDD.BPD","Astro","increased",FALSE,"Layer-restr. up"
-0.295721621344049,6.84578228799047,-3.96845764863517,7.80272859946112e-05,0.0307994977989638,1.27021125665125,"ENSG00000172915","NBEA","Astro_M_MDD.BPD","Astro","M","MDD.BPD","Astro","decreased",TRUE,"Layer-adj. down"
-1.1613851620821,2.14620528701188,-4.12429293295068,4.0588241922831e-05,0.0221267316527626,1.16077687822418,"ENSG00000095596","CYP26A1","Astro_M_MDD.BPD","Astro","M","MDD.BPD","Astro","decreased",FALSE,"Layer-restr. down"
-0.33065096525103,6.39294155147604,-3.92717163952231,9.24388698467468e-05,0.0327132814281496,1.13160972323735,"ENSG00000182287","AP1S2","Astro_M_MDD.BPD","Astro","M","MDD.BPD","Astro","decreased",TRUE,"Layer-adj. down"
0.603822195292599,5.2197426550239,3.91064964808759,9.88836383008044e-05,0.0330271351924687,1.11845537947726,"ENSG00000152518","ZFP36L2","Astro_M_MDD.BPD","Astro","M","MDD.BPD","Astro","increased",TRUE,"Layer-adj. up"
-1.24486912410164,3.26054795365867,-3.92589800373825,9.29211893782847e-05,0.0327132814281496,1.05717907193586,"ENSG00000168329","CX3CR1","Astro_M_MDD.BPD","Astro","M","MDD.BPD","Astro","decreased",TRUE,"Layer-adj. down"
-0.320699909953809,6.20230195328532,-3.89741456096186,0.000104350412194712,0.0339817117312079,1.04075444661817,"ENSG00000164070","HSPA4L","Astro_M_MDD.BPD","Astro","M","MDD.BPD","Astro","decreased",FALSE,"Layer-restr. down"
0.557438362421465,4.95532094919154,3.87861054053539,0.000112610587975722,0.0357772077797989,1.01765507678152,"ENSG00000104635","SLC39A14","Astro_M_MDD.BPD","Astro","M","MDD.BPD","Astro","increased",FALSE,"Layer-restr. up"
-0.258449042959404,10.0250391983526,-3.93101636000993,9.09972186900907e-05,0.0327132814281496,0.951291038469368,"ENSG00000124172","ATP5F1E","Astro_M_MDD.BPD","Astro","M","MDD.BPD","Astro","decreased",TRUE,"Layer-adj. down"
-0.762004333761808,3.77349770670422,-3.86456174065736,0.000119181061034535,0.0360588051112089,0.918525074883296,"ENSG00000211772","TRBC2","Astro_M_MDD.BPD","Astro","M","MDD.BPD","Astro","decreased",FALSE,"Layer-restr. down"
-0.373352124411905,5.89138769291062,-3.85895018058249,0.00012190538664611,0.0360588051112089,0.917576750400655,"ENSG00000168275","COA6","Astro_M_MDD.BPD","Astro","M","MDD.BPD","Astro","decreased",FALSE,"Layer-restr. down"
0.501454502796512,4.34147612330138,3.84348130829,0.000129722983597342,0.0367341648769344,0.886828290121927,"ENSG00000110080","ST3GAL4","Astro_M_MDD.BPD","Astro","M","MDD.BPD","Astro","increased",FALSE,"Layer-restr. up"
-0.340014501571963,6.16474530429419,-3.85357542197632,0.000124569801167235,0.0360588051112089,0.875464236689107,"ENSG00000123106","CCDC91","Astro_M_MDD.BPD","Astro","M","MDD.BPD","Astro","decreased",TRUE,"Layer-adj. down"
-0.284728485574393,7.66740767220813,-3.86285774027216,0.000120002187008631,0.0360588051112089,0.834406689838308,"ENSG00000114279","FGF12","Astro_M_MDD.BPD","Astro","M","MDD.BPD","Astro","decreased",TRUE,"Layer-adj. down"
-0.591847839836622,4.73665108430258,-3.82251465683209,0.000141076689959964,0.039099254540819,0.794412207903195,"ENSG00000189056","RELN","Astro_M_MDD.BPD","Astro","M","MDD.BPD","Astro","decreased",FALSE,"Layer-restr. down"
-0.436470334312991,4.87569618106006,-3.79770600473684,0.000155721374452154,0.0402978350748069,0.730932490190377,"ENSG00000259494","MRPL46","Astro_M_MDD.BPD","Astro","M","MDD.BPD","Astro","decreased",FALSE,"Layer-restr. down"
0.668813656586087,3.92731287978933,3.79967672572957,0.000154507570328129,0.0402978350748069,0.72603661429044,"ENSG00000163659","TIPARP","Astro_M_MDD.BPD","Astro","M","MDD.BPD","Astro","increased",TRUE,"Layer-adj. up"
0.41642487014715,5.70666612500837,3.7583004760087,0.000181962866510334,0.0431410398245786,0.545433744767621,"ENSG00000072310","SREBF1","Astro_M_MDD.BPD","Astro","M","MDD.BPD","Astro","increased",TRUE,"Layer-adj. up"
0.450191576233889,5.61427727030331,3.74772353290176,0.000189685074096774,0.0433944434853697,0.533559105909127,"ENSG00000100906","NFKBIA","Astro_M_MDD.BPD","Astro","M","MDD.BPD","Astro","increased",TRUE,"Layer-adj. up"
1.89854768194194,1.62744432698173,3.96007100070053,8.07705276665316e-05,0.0309446145113012,0.532067874478148,"ENSG00000184557","SOCS3","Astro_M_MDD.BPD","Astro","M","MDD.BPD","Astro","increased",TRUE,"Layer-adj. up"
-0.638515147885116,3.23786391075959,-3.76543662644492,0.000176921086870234,0.0431410398245786,0.528667919827326,"ENSG00000250241","AC105383.1","Astro_M_MDD.BPD","Astro","M","MDD.BPD","Astro","decreased",FALSE,"Layer-restr. down"
-0.35398763900331,5.71945062490248,-3.74745086691856,0.000189888168176422,0.0433944434853697,0.524864282699752,"ENSG00000173114","LRRN3","Astro_M_MDD.BPD","Astro","M","MDD.BPD","Astro","decreased",FALSE,"Layer-restr. down"
0.534750166617155,4.64594612198014,3.73178222056698,0.000201908887339883,0.0453459511463675,0.503529883476483,"ENSG00000163430","FSTL1","Astro_M_MDD.BPD","Astro","M","MDD.BPD","Astro","increased",FALSE,"Layer-restr. up"
-0.273028984802043,7.18521337645047,-3.75803156878075,0.000182155472927363,0.0431410398245786,0.48475892172868,"ENSG00000188243","COMMD6","Astro_M_MDD.BPD","Astro","M","MDD.BPD","Astro","decreased",TRUE,"Layer-adj. down"
-1.38801843494473,1.28098795262806,-3.91656944437108,9.65271338352926e-05,0.0330271351924687,0.445918091801762,"ENSG00000169313","P2RY12","Astro_M_MDD.BPD","Astro","M","MDD.BPD","Astro","decreased",TRUE,"Layer-adj. down"
0.914315195585139,2.67789930621103,3.79255237926811,0.000158938221669215,0.0402978350748069,0.399333078826262,"ENSG00000230724","LINC01001","Astro_M_MDD.BPD","Astro","M","MDD.BPD","Astro","increased",FALSE,"Layer-restr. up"
-0.669342538315218,4.08107202876095,-3.69481264729146,0.000233169387859278,0.0491494171772832,0.372253601609874,"ENSG00000122012","SV2C","Astro_M_MDD.BPD","Astro","M","MDD.BPD","Astro","decreased",FALSE,"Layer-restr. down"
-1.16999966721903,1.85666012944775,-3.80936548413554,0.000148668713006247,0.0402978350748069,0.281511903407821,"ENSG00000163815","CLEC3B","Astro_M_MDD.BPD","Astro","M","MDD.BPD","Astro","decreased",FALSE,"Layer-restr. down"
-0.281110380527762,6.84207174622765,-3.69396479033353,0.000233937038614429,0.0491494171772832,0.271547341384663,"ENSG00000163001","CFAP36","Astro_M_MDD.BPD","Astro","M","MDD.BPD","Astro","decreased",FALSE,"Layer-restr. down"
-0.182016200091617,8.10707684853452,-3.69878616119259,0.00022960320938945,0.0491494171772832,0.223719046511645,"ENSG00000100138","SNU13","Astro_M_MDD.BPD","Astro","M","MDD.BPD","Astro","decreased",FALSE,"Layer-restr. down"
-0.251096634185989,9.04936905877314,-3.69921028593307,0.000229225606232375,0.0491494171772832,0.16295415910265,"ENSG00000164405","UQCRQ","Astro_M_MDD.BPD","Astro","M","MDD.BPD","Astro","decreased",TRUE,"Layer-adj. down"
1.32592641367506,1.82630547632879,3.78950520570533,0.000160869601097033,0.0402978350748069,0.0890089921623884,"ENSG00000138135","CH25H","Astro_M_MDD.BPD","Astro","M","MDD.BPD","Astro","increased",TRUE,"Layer-adj. up"
-0.781844627631909,6.76545139672595,-5.73419539699074,1.33223739950147e-08,0.000173537243659062,9.27409603357437,"ENSG00000183036","PCP4","L2.3_M_MDD.BPD","L2.3","M","MDD.BPD","L2.3","decreased",TRUE,"Layer-adj. down"
1.97675683207832,4.0945190423755,4.91784483731391,1.03784817349651e-06,0.00564442808160335,4.53510922834074,"ENSG00000128016","ZFP36","L2.3_M_MDD.BPD","L2.3","M","MDD.BPD","L2.3","increased",TRUE,"Layer-adj. up"
-0.413041090468832,6.85125948256075,-4.72187748795754,2.70450754371206e-06,0.00564442808160335,4.37664399676048,"ENSG00000121769","FABP3","L2.3_M_MDD.BPD","L2.3","M","MDD.BPD","L2.3","decreased",TRUE,"Layer-adj. down"
-0.49099178693338,7.52819974428952,-4.69987791502658,3.00507629272271e-06,0.00564442808160335,4.2781536997061,"ENSG00000161281","COX7A1","L2.3_M_MDD.BPD","L2.3","M","MDD.BPD","L2.3","decreased",TRUE,"Layer-adj. down"
1.44200244012793,4.17578833021898,4.74147829814581,2.46123554842846e-06,0.00564442808160335,4.09465888703604,"ENSG00000167772","ANGPTL4","L2.3_M_MDD.BPD","L2.3","M","MDD.BPD","L2.3","increased",TRUE,"Layer-adj. up"
1.1036877533597,5.18260720610498,4.65391605654587,3.73996533095358e-06,0.00564442808160335,4.03981041972816,"ENSG00000099860","GADD45B","L2.3_M_MDD.BPD","L2.3","M","MDD.BPD","L2.3","increased",TRUE,"Layer-adj. up"
-0.565275388858473,4.61749193291124,-4.64507421124781,3.89988121713727e-06,0.00564442808160335,3.98014988967294,"ENSG00000231764","DLX6-AS1","L2.3_M_MDD.BPD","L2.3","M","MDD.BPD","L2.3","decreased",TRUE,"Layer-adj. down"
1.20165608004889,3.06757995101989,4.76694794592707,2.17640185200099e-06,0.00564442808160335,3.70844303249702,"ENSG00000078401","EDN1","L2.3_M_MDD.BPD","L2.3","M","MDD.BPD","L2.3","increased",TRUE,"Layer-adj. up"
-0.518547025898555,4.43833288405731,-4.55142846890466,6.05028949871311e-06,0.0078811071010237,3.57016475450789,"ENSG00000088727","KIF9","L2.3_M_MDD.BPD","L2.3","M","MDD.BPD","L2.3","decreased",FALSE,"Layer-restr. down"
1.71152691644468,2.55377877060953,4.66099442682009,3.61650110687589e-06,0.00564442808160335,3.05216250730048,"ENSG00000205362","MT1A","L2.3_M_MDD.BPD","L2.3","M","MDD.BPD","L2.3","increased",TRUE,"Layer-adj. up"
0.771107441542185,5.2197426550239,4.42802265171008,1.06636286404799e-05,0.0126276751518992,3.03806061430336,"ENSG00000152518","ZFP36L2","L2.3_M_MDD.BPD","L2.3","M","MDD.BPD","L2.3","increased",TRUE,"Layer-adj. up"
0.447474018158151,5.89796156629532,4.3990766745154,1.2155656642833e-05,0.0131949652857953,3.00807223986317,"ENSG00000011243","AKAP8L","L2.3_M_MDD.BPD","L2.3","M","MDD.BPD","L2.3","increased",TRUE,"Layer-adj. up"
-0.320858593951241,8.83484602786085,-4.26324078912773,2.22488568429428e-05,0.0198226280503428,2.39235281098095,"ENSG00000118816","CCNI","L2.3_M_MDD.BPD","L2.3","M","MDD.BPD","L2.3","decreased",TRUE,"Layer-adj. down"
1.07852159338025,4.04781739157491,4.3112274725218,1.80047122458036e-05,0.0180407216702952,2.35712821760169,"ENSG00000060138","YBX3","L2.3_M_MDD.BPD","L2.3","M","MDD.BPD","L2.3","increased",TRUE,"Layer-adj. up"
-0.25485831782559,9.20682758916752,-4.25439354315385,2.31290099842224e-05,0.0198226280503428,2.34043628860856,"ENSG00000196683","TOMM7","L2.3_M_MDD.BPD","L2.3","M","MDD.BPD","L2.3","decreased",TRUE,"Layer-adj. down"
-0.941313822019596,3.29509547854408,-4.23823056603743,2.48233332120395e-05,0.0198226280503428,2.25746521638376,"ENSG00000120875","DUSP4","L2.3_M_MDD.BPD","L2.3","M","MDD.BPD","L2.3","decreased",FALSE,"Layer-restr. down"
0.809906135474479,3.97817011591906,4.22876202537422,2.58701579038713e-05,0.0198226280503428,2.21505808954114,"ENSG00000130222","GADD45G","L2.3_M_MDD.BPD","L2.3","M","MDD.BPD","L2.3","increased",TRUE,"Layer-adj. up"
0.279507416531777,6.15155812942267,4.19330253760178,3.017651807969e-05,0.0212691345901299,2.18483977165623,"ENSG00000156671","SAMD8","L2.3_M_MDD.BPD","L2.3","M","MDD.BPD","L2.3","increased",FALSE,"Layer-restr. up"
0.804752464740715,5.90727604480262,4.18689916927815,3.10236110250628e-05,0.0212691345901299,2.16206293280131,"ENSG00000117525","F3","L2.3_M_MDD.BPD","L2.3","M","MDD.BPD","L2.3","increased",TRUE,"Layer-adj. up"
-0.336634523249716,6.16474530429419,-4.09238832039632,4.64821460280304e-05,0.0272016712305759,1.79378564890717,"ENSG00000123106","CCDC91","L2.3_M_MDD.BPD","L2.3","M","MDD.BPD","L2.3","decreased",TRUE,"Layer-adj. down"
-0.196484678934707,8.30578117526638,-4.10016987186128,4.49739008438636e-05,0.0272016712305759,1.75321746206053,"ENSG00000129559","NEDD8","L2.3_M_MDD.BPD","L2.3","M","MDD.BPD","L2.3","decreased",TRUE,"Layer-adj. down"
0.938995224255224,3.42271895000842,4.16725155434903,3.37663026874634e-05,0.0219919929403449,1.70716341866376,"ENSG00000131435","PDLIM4","L2.3_M_MDD.BPD","L2.3","M","MDD.BPD","L2.3","increased",TRUE,"Layer-adj. up"
-0.424855709322491,6.05782196292401,-4.06758009916492,5.16177790058651e-05,0.0280155495554333,1.69324210837755,"ENSG00000164600","NEUROD6","L2.3_M_MDD.BPD","L2.3","M","MDD.BPD","L2.3","decreased",FALSE,"Layer-restr. down"
-0.234318706011134,9.27960254147876,-4.08464802123152,4.80299737680982e-05,0.0272016712305759,1.64574704816994,"ENSG00000224078","SNHG14","L2.3_M_MDD.BPD","L2.3","M","MDD.BPD","L2.3","decreased",TRUE,"Layer-adj. down"
-0.321584455025596,6.39294155147604,-3.99813400074369,6.90120412384883e-05,0.0359580339669019,1.43489125127103,"ENSG00000182287","AP1S2","L2.3_M_MDD.BPD","L2.3","M","MDD.BPD","L2.3","decreased",TRUE,"Layer-adj. down"
-0.503832182651509,5.22325683638612,-3.95666420561331,8.19107517813771e-05,0.0367920500932489,1.28493050341371,"ENSG00000248485","PCP4L1","L2.3_M_MDD.BPD","L2.3","M","MDD.BPD","L2.3","decreased",FALSE,"Layer-restr. down"
-0.256156555093679,7.81242239154662,-3.97061552071724,7.73358598627836e-05,0.0367920500932489,1.28164241272986,"ENSG00000169764","UGP2","L2.3_M_MDD.BPD","L2.3","M","MDD.BPD","L2.3","decreased",TRUE,"Layer-adj. down"
0.358454737107995,5.78322403978557,3.93083622705223,9.10642852912277e-05,0.0373535057699939,1.19117994713037,"ENSG00000126767","ELK1","L2.3_M_MDD.BPD","L2.3","M","MDD.BPD","L2.3","increased",FALSE,"Layer-restr. up"
-0.307228387034356,6.48187982385882,-3.92896548790516,9.17635639981425e-05,0.0373535057699939,1.17408796150013,"ENSG00000106028","SSBP1","L2.3_M_MDD.BPD","L2.3","M","MDD.BPD","L2.3","decreased",TRUE,"Layer-adj. down"
1.14599188594659,3.54880666367185,3.98647418805191,7.24295859394036e-05,0.0362872225556412,1.17047825480358,"ENSG00000124762","CDKN1A","L2.3_M_MDD.BPD","L2.3","M","MDD.BPD","L2.3","increased",TRUE,"Layer-adj. up"
-0.269160293610206,6.84578228799047,-3.92959161555438,9.15289550176112e-05,0.0373535057699939,1.15790663187291,"ENSG00000172915","NBEA","L2.3_M_MDD.BPD","L2.3","M","MDD.BPD","L2.3","decreased",TRUE,"Layer-adj. down"
0.46836252895,5.88565208932133,3.91786085873845,9.60201635900616e-05,0.0379017773007316,1.15619107224488,"ENSG00000179604","CDC42EP4","L2.3_M_MDD.BPD","L2.3","M","MDD.BPD","L2.3","increased",TRUE,"Layer-adj. up"
-0.245576840459293,10.0250391983526,-3.95767322097097,8.15714646862724e-05,0.0367920500932489,1.12497610645228,"ENSG00000124172","ATP5F1E","L2.3_M_MDD.BPD","L2.3","M","MDD.BPD","L2.3","decreased",TRUE,"Layer-adj. down"
0.30531747935693,6.02965608077286,3.87449221903194,0.000114500344123339,0.0408163812448723,0.974951013399284,"ENSG00000113763","UNC5A","L2.3_M_MDD.BPD","L2.3","M","MDD.BPD","L2.3","increased",FALSE,"Layer-restr. up"
-0.245620433244396,9.04936905877314,-3.88035721956213,0.0001118180297763,0.0408163812448723,0.883081637204945,"ENSG00000164405","UQCRQ","L2.3_M_MDD.BPD","L2.3","M","MDD.BPD","L2.3","decreased",TRUE,"Layer-adj. down"
0.187572702880347,8.37963911512071,3.87140231356296,0.000115937824816542,0.0408163812448723,0.875518425802281,"ENSG00000100030","MAPK1","L2.3_M_MDD.BPD","L2.3","M","MDD.BPD","L2.3","increased",TRUE,"Layer-adj. up"
-0.341062065821383,5.64839945790061,-3.84369266711731,0.000129613049176198,0.0421535086917759,0.874625699006032,"ENSG00000177875","CCDC184","L2.3_M_MDD.BPD","L2.3","M","MDD.BPD","L2.3","decreased",FALSE,"Layer-restr. down"
0.781041831411092,6.85846936703149,3.84496135259252,0.000128955011686662,0.0421535086917759,0.871045243500505,"ENSG00000187193","MT1X","L2.3_M_MDD.BPD","L2.3","M","MDD.BPD","L2.3","increased",TRUE,"Layer-adj. up"
-0.684848071087401,3.48088009066947,-3.89525693854065,0.000105268265638764,0.0403301302414864,0.82522658862029,"ENSG00000185477","GPRIN3","L2.3_M_MDD.BPD","L2.3","M","MDD.BPD","L2.3","decreased",FALSE,"Layer-restr. down"
0.960379239028026,5.43657488544986,3.82581034395742,0.000139231990809639,0.0426661563565849,0.820087502795901,"ENSG00000187479","C11orf96","L2.3_M_MDD.BPD","L2.3","M","MDD.BPD","L2.3","increased",TRUE,"Layer-adj. up"
-0.269925703999094,8.78435634737326,-3.85777001985515,0.000122485772131604,0.0419868333627965,0.816457208127804,"ENSG00000090266","NDUFB2","L2.3_M_MDD.BPD","L2.3","M","MDD.BPD","L2.3","decreased",TRUE,"Layer-adj. down"
-0.274290141662155,7.75188944806365,-3.83785809663505,0.000132680320617443,0.0421535086917759,0.798263594906513,"ENSG00000111678","C12orf57","L2.3_M_MDD.BPD","L2.3","M","MDD.BPD","L2.3","decreased",FALSE,"Layer-restr. down"
-0.383025269684861,5.35562021627111,-3.81237428180513,0.000146898249238308,0.0426661563565849,0.783460100617849,"ENSG00000151789","ZNF385D","L2.3_M_MDD.BPD","L2.3","M","MDD.BPD","L2.3","decreased",FALSE,"Layer-restr. down"
0.277621622639574,5.85076325958381,3.8033276152629,0.000152282452897527,0.0426661563565849,0.739943668424264,"ENSG00000152620","NADK2","L2.3_M_MDD.BPD","L2.3","M","MDD.BPD","L2.3","increased",FALSE,"Layer-restr. up"
-0.673486806298724,4.20168798616113,-3.80059233077066,0.000153946671945301,0.0426661563565849,0.732708120127193,"ENSG00000197061","HIST1H4C","L2.3_M_MDD.BPD","L2.3","M","MDD.BPD","L2.3","decreased",TRUE,"Layer-adj. down"
-0.323988548895631,7.06586454655689,-3.80378211290373,0.000152007573477833,0.0426661563565849,0.701541517972262,"ENSG00000138495","COX17","L2.3_M_MDD.BPD","L2.3","M","MDD.BPD","L2.3","decreased",TRUE,"Layer-adj. down"
-0.284275567723379,6.73426565379641,-3.77168191652182,0.000172616962045042,0.0468439280749734,0.58683144167796,"ENSG00000164114","MAP9","L2.3_M_MDD.BPD","L2.3","M","MDD.BPD","L2.3","decreased",FALSE,"Layer-restr. down"
1.29764556763027,1.97299877771877,3.8159480123549,0.000144821199302735,0.0426661563565849,0.111019046003822,"ENSG00000148604","RGR","L2.3_M_MDD.BPD","L2.3","M","MDD.BPD","L2.3","increased",FALSE,"Layer-restr. up"
-0.425357561683151,6.85125948256075,-4.90883880863731,1.08536367156807e-06,0.00638951596369518,5.21835366633102,"ENSG00000121769","FABP3","L5_M_MDD.BPD","L5","M","MDD.BPD","L5","decreased",TRUE,"Layer-adj. down"
1.35121960693629,5.18260720610498,4.93419192954127,9.56676458115564e-07,0.00638951596369518,5.13318889603755,"ENSG00000099860","GADD45B","L5_M_MDD.BPD","L5","M","MDD.BPD","L5","increased",TRUE,"Layer-adj. up"
-0.537876559948584,6.76545139672595,-4.84720780015773,1.47156056280405e-06,0.00638951596369518,4.91892761359236,"ENSG00000183036","PCP4","L5_M_MDD.BPD","L5","M","MDD.BPD","L5","decreased",TRUE,"Layer-adj. down"
0.551998771232816,5.88565208932133,4.49219249033293,7.95536150367618e-06,0.017271089824481,3.37588127825023,"ENSG00000179604","CDC42EP4","L5_M_MDD.BPD","L5","M","MDD.BPD","L5","increased",TRUE,"Layer-adj. up"
1.23884208233863,4.04781739157491,4.55138185256566,6.05160048243272e-06,0.0157656295768337,3.09264578543237,"ENSG00000060138","YBX3","L5_M_MDD.BPD","L5","M","MDD.BPD","L5","increased",TRUE,"Layer-adj. up"
-0.439098755050529,7.52819974428952,-4.41951270348958,1.1083051112733e-05,0.020014511125219,3.06866662850223,"ENSG00000161281","COX7A1","L5_M_MDD.BPD","L5","M","MDD.BPD","L5","decreased",TRUE,"Layer-adj. down"
1.98659981117416,4.0945190423755,4.57920804619014,5.31562026944042e-06,0.0157656295768337,3.03484154881488,"ENSG00000128016","ZFP36","L5_M_MDD.BPD","L5","M","MDD.BPD","L5","increased",TRUE,"Layer-adj. up"
0.442741216437051,4.75641497966351,4.38872677533696,1.27360514909358e-05,0.020014511125219,2.91997768656001,"ENSG00000196700","ZNF512B","L5_M_MDD.BPD","L5","M","MDD.BPD","L5","increased",FALSE,"Layer-restr. up"
0.768469344362405,5.67552354322066,4.36489796778007,1.41746660069613e-05,0.020014511125219,2.82448685603652,"ENSG00000221869","CEBPD","L5_M_MDD.BPD","L5","M","MDD.BPD","L5","increased",TRUE,"Layer-adj. up"
0.508457254323964,5.70666612500837,4.30585864047138,1.84380572318922e-05,0.020014511125219,2.61601387223512,"ENSG00000072310","SREBF1","L5_M_MDD.BPD","L5","M","MDD.BPD","L5","increased",TRUE,"Layer-adj. up"
1.32523132659083,4.17578833021898,4.32478164832943,1.69535085529992e-05,0.020014511125219,2.45648454650993,"ENSG00000167772","ANGPTL4","L5_M_MDD.BPD","L5","M","MDD.BPD","L5","increased",TRUE,"Layer-adj. up"
-0.273864262154909,6.64172117404708,-4.23059204419894,2.56646104704917e-05,0.0216498808024183,2.32849872386968,"ENSG00000107262","BAG1","L5_M_MDD.BPD","L5","M","MDD.BPD","L5","decreased",TRUE,"Layer-adj. down"
-0.488469323854146,4.20701816635686,-4.22631883051254,2.6147022773409e-05,0.0216498808024183,2.22900260192756,"ENSG00000170276","HSPB2","L5_M_MDD.BPD","L5","M","MDD.BPD","L5","decreased",FALSE,"Layer-restr. down"
-0.619699461849367,4.10726401512137,-4.22243619303787,2.6592821498441e-05,0.0216498808024183,2.22877532775011,"ENSG00000153012","LGI2","L5_M_MDD.BPD","L5","M","MDD.BPD","L5","decreased",FALSE,"Layer-restr. down"
0.733815375684763,5.2197426550239,4.19649669748709,2.97622429675977e-05,0.0226117602917444,2.1389823016128,"ENSG00000152518","ZFP36L2","L5_M_MDD.BPD","L5","M","MDD.BPD","L5","increased",TRUE,"Layer-adj. up"
-0.202453202104714,8.30578117526638,-4.18524493238954,3.12460989752341e-05,0.0226117602917444,2.09615964367318,"ENSG00000129559","NEDD8","L5_M_MDD.BPD","L5","M","MDD.BPD","L5","decreased",TRUE,"Layer-adj. down"
1.05755885039633,3.06757995101989,4.30975697810876,1.81224267773204e-05,0.020014511125219,2.09014674005046,"ENSG00000078401","EDN1","L5_M_MDD.BPD","L5","M","MDD.BPD","L5","increased",TRUE,"Layer-adj. up"
0.863187868047949,6.85846936703149,4.16430217084918,3.41974214358638e-05,0.0234450321907138,2.072417676034,"ENSG00000187193","MT1X","L5_M_MDD.BPD","L5","M","MDD.BPD","L5","increased",TRUE,"Layer-adj. up"
-0.280355673635542,8.98241797681307,-4.13678169730145,3.84805720564651e-05,0.0250623965803757,1.87938742823121,"ENSG00000112695","COX7A2","L5_M_MDD.BPD","L5","M","MDD.BPD","L5","decreased",TRUE,"Layer-adj. down"
-0.24487445941025,9.20682758916752,-4.06643712925274,5.18669135953312e-05,0.0311210059721567,1.60221190496129,"ENSG00000196683","TOMM7","L5_M_MDD.BPD","L5","M","MDD.BPD","L5","decreased",TRUE,"Layer-adj. down"
-0.238110618866526,6.43440547499486,-4.01493239929299,6.43560266223584e-05,0.034929233449285,1.50027970254171,"ENSG00000101363","MANBAL","L5_M_MDD.BPD","L5","M","MDD.BPD","L5","decreased",FALSE,"Layer-restr. down"
-0.259872194616742,9.04936905877314,-4.03640136858631,5.88380699121805e-05,0.0333228129859158,1.48731514869836,"ENSG00000164405","UQCRQ","L5_M_MDD.BPD","L5","M","MDD.BPD","L5","decreased",TRUE,"Layer-adj. down"
1.07605593738067,3.70976175399162,4.06327921363505,5.2561195408218e-05,0.0311210059721567,1.48449620655579,"ENSG00000135245","HILPDA","L5_M_MDD.BPD","L5","M","MDD.BPD","L5","increased",TRUE,"Layer-adj. up"
-0.686267494870553,1.79251608571778,-3.97503258465409,7.5938596603255e-05,0.03956704637416,1.24571422441813,"ENSG00000232110","AL353751.1","L5_M_MDD.BPD","L5","M","MDD.BPD","L5","decreased",FALSE,"Layer-restr. down"
0.425364100966432,6.47731936943429,3.92949338301819,9.15657250150761e-05,0.0458744282325531,1.19516041357358,"ENSG00000117394","SLC2A1","L5_M_MDD.BPD","L5","M","MDD.BPD","L5","increased",TRUE,"Layer-adj. up"
-0.378823559675624,4.63740545161151,-3.91199844518943,9.83419827240694e-05,0.0474445432208788,1.13439750334393,"ENSG00000145979","TBC1D7","L5_M_MDD.BPD","L5","M","MDD.BPD","L5","decreased",FALSE,"Layer-restr. down"
-1.40183141225398,2.48170614158358,-4.23148714378091,2.55646405555916e-05,0.0216498808024183,1.12889116811149,"ENSG00000121858","TNFSF10","L5_M_MDD.BPD","L5","M","MDD.BPD","L5","decreased",TRUE,"Layer-adj. down"
0.77369505498696,5.90727604480262,3.90240873466297,0.000102254825437666,0.0475704055768227,1.10262947386332,"ENSG00000117525","F3","L5_M_MDD.BPD","L5","M","MDD.BPD","L5","increased",TRUE,"Layer-adj. up"
1.38263758780861,5.18260720610498,4.79421277665765,1.90669741502599e-06,0.0248366405281286,4.28497627416936,"ENSG00000099860","GADD45B","L6_M_MDD.BPD","L6","M","MDD.BPD","L6","increased",TRUE,"Layer-adj. up"
-0.766665090135067,7.32276973224891,-4.47960737930206,8.39137832125711e-06,0.00435069182984384,3.20286837373527,"ENSG00000188536","HBA2","M_MDD.BPD","L-A only","M","MDD.BPD","L-A","decreased",TRUE,"Layer-adj. down"
-0.433357428422681,9.93053274073467,-4.47212888024186,8.68401562843081e-06,0.00435069182984384,3.10415737221992,"ENSG00000109971","HSPA8","M_MDD.BPD","L-A only","M","MDD.BPD","L-A","decreased",TRUE,"Layer-adj. down"
0.749260892192821,3.90856748533481,4.42274868739314,1.08760902408951e-05,0.00505971255278213,3.05163891149825,"ENSG00000169908","TM4SF1","M_MDD.BPD","L-A only","M","MDD.BPD","L-A","increased",TRUE,"Layer-adj. up"
0.493716744614085,8.96318887870704,4.41076601699737,1.14828570271154e-05,0.00515778260811055,2.88346838968271,"ENSG00000125148","MT2A","M_MDD.BPD","L-A only","M","MDD.BPD","L-A","increased",TRUE,"Layer-adj. up"
1.50844524693355,1.96403217464172,4.5195872105443,6.98033322749129e-06,0.0041329918464228,2.73842925577553,"ENSG00000108691","CCL2","M_MDD.BPD","L-A only","M","MDD.BPD","L-A","increased",TRUE,"Layer-adj. up"
-0.680684995172212,6.37679886423823,-4.34255275502444,1.56026428524801e-05,0.00677466752654685,2.68842516740843,"ENSG00000206172","HBA1","M_MDD.BPD","L-A only","M","MDD.BPD","L-A","decreased",TRUE,"Layer-adj. down"
-0.630953265378463,4.19630545483296,-4.30091373040724,1.87750527360855e-05,0.00764261990438281,2.57227619392876,"ENSG00000118777","ABCG2","M_MDD.BPD","L-A only","M","MDD.BPD","L-A","decreased",TRUE,"Layer-adj. down"
1.04159108182564,5.63494202953211,4.27764273386085,2.08070179977354e-05,0.00774377761252859,2.51145437829224,"ENSG00000170345","FOS","M_MDD.BPD","L-A only","M","MDD.BPD","L-A","increased",TRUE,"Layer-adj. up"
-0.269616438124949,8.48200875016431,-4.28614502109026,2.00414377474584e-05,0.00774377761252859,2.41606758151124,"ENSG00000124614","RPS10","M_MDD.BPD","L-A only","M","MDD.BPD","L-A","decreased",TRUE,"Layer-adj. down"
-0.179529747042884,8.38402098322393,-4.21867638184626,2.69367882397862e-05,0.00927182249203599,2.16941830247407,"ENSG00000128609","NDUFA5","M_MDD.BPD","L-A only","M","MDD.BPD","L-A","decreased",TRUE,"Layer-adj. down"
-0.216444964614071,9.686581931109,-4.14993349466178,3.62539664303408e-05,0.0112439087314671,1.77538931514935,"ENSG00000156467","UQCRB","M_MDD.BPD","L-A only","M","MDD.BPD","L-A","decreased",TRUE,"Layer-adj. down"
0.532872660751858,4.91776799981503,4.06590584117907,5.1824607765272e-05,0.0141890985796677,1.70436085593144,"ENSG00000122862","SRGN","M_MDD.BPD","L-A only","M","MDD.BPD","L-A","increased",TRUE,"Layer-adj. up"
-0.203980513109839,8.28684614871456,-4.08558578232179,4.76913525061339e-05,0.0138050568387755,1.64215464829868,"ENSG00000173436","MICOS10","M_MDD.BPD","L-A only","M","MDD.BPD","L-A","decreased",TRUE,"Layer-adj. down"
-0.224887050499452,8.66604007044706,-4.06380247999321,5.22859459407376e-05,0.0141890985796677,1.53261730895722,"ENSG00000131174","COX7B","M_MDD.BPD","L-A only","M","MDD.BPD","L-A","decreased",TRUE,"Layer-adj. down"
-0.181383903570536,9.4820895445361,-4.07837293757757,4.91684881145123e-05,0.0139232331778182,1.51529847265116,"ENSG00000169020","ATP5ME","M_MDD.BPD","L-A only","M","MDD.BPD","L-A","decreased",TRUE,"Layer-adj. down"
0.232518866421728,7.65031564571965,4.03454967880899,5.91200726776839e-05,0.0157162870755002,1.50181736590137,"ENSG00000171604","CXXC5","M_MDD.BPD","L-A only","M","MDD.BPD","L-A","increased",TRUE,"Layer-adj. up"
1.17230717584227,2.57000110540081,4.08610129123973,4.75874098571984e-05,0.0138050568387755,1.40004229947112,"ENSG00000148926","ADM","M_MDD.BPD","L-A only","M","MDD.BPD","L-A","increased",TRUE,"Layer-adj. up"
0.66063023804715,4.70113743300511,3.9807294352126,7.39628239260199e-05,0.0192687948892067,1.38872622494914,"ENSG00000159388","BTG2","M_MDD.BPD","L-A only","M","MDD.BPD","L-A","increased",TRUE,"Layer-adj. up"
-0.538420592682153,4.56478989207829,-3.97212301012339,7.66415003617916e-05,0.0195751408571117,1.35603712968308,"ENSG00000272573","MUSTN1","M_MDD.BPD","L-A only","M","MDD.BPD","L-A","decreased",TRUE,"Layer-adj. down"
-0.191979050490138,8.7317052482711,-3.94604103386342,8.53315648676842e-05,0.0209722446031406,1.07387948067958,"ENSG00000126432","PRDX5","M_MDD.BPD","L-A only","M","MDD.BPD","L-A","decreased",TRUE,"Layer-adj. down"
0.33842396450078,6.00217420261871,3.88850746097027,0.00010790974443509,0.0238242767968048,1.02798476105806,"ENSG00000172216","CEBPB","M_MDD.BPD","L-A only","M","MDD.BPD","L-A","increased",TRUE,"Layer-adj. up"
0.607321279078326,5.46266591242658,3.87562266621921,0.000113688055904769,0.0244077093314727,1.0013247788517,"ENSG00000168209","DDIT4","M_MDD.BPD","L-A only","M","MDD.BPD","L-A","increased",TRUE,"Layer-adj. up"
-0.22912240706237,9.93128561919757,-3.94687754596154,8.50389347273315e-05,0.0209722446031406,0.955239002715002,"ENSG00000143947","RPS27A","M_MDD.BPD","L-A only","M","MDD.BPD","L-A","decreased",TRUE,"Layer-adj. down"
0.558939410877396,3.99380720134165,3.84226377850929,0.000130036140891668,0.0264664183008574,0.865507559085075,"ENSG00000196843","ARID5A","M_MDD.BPD","L-A only","M","MDD.BPD","L-A","increased",TRUE,"Layer-adj. up"
0.593045712848994,6.49131977682509,3.83261487749007,0.000135163639751864,0.0270867934062736,0.763057633575516,"ENSG00000171223","JUNB","M_MDD.BPD","L-A only","M","MDD.BPD","L-A","increased",TRUE,"Layer-adj. up"
-0.177468861808754,7.58957392250383,-3.76916025819692,0.000173942084053778,0.0306185079308717,0.51274987599843,"ENSG00000087191","PSMC5","M_MDD.BPD","L-A only","M","MDD.BPD","L-A","decreased",TRUE,"Layer-adj. down"
-0.132740290395356,9.59771336284587,-3.81390109870265,0.000145656783697411,0.0283182875289921,0.497998756550315,"ENSG00000113558","SKP1","M_MDD.BPD","L-A only","M","MDD.BPD","L-A","decreased",TRUE,"Layer-adj. down"
-0.155077867990224,8.90890602428238,-3.79126196696822,0.000159378159411947,0.0293256148670826,0.479953678763414,"ENSG00000184076","UQCR10","M_MDD.BPD","L-A only","M","MDD.BPD","L-A","decreased",TRUE,"Layer-adj. down"
0.537576818006865,7.1177074128959,3.75000922970985,0.000187566597441785,0.0321741172062497,0.452373758803227,"ENSG00000205364","MT1M","M_MDD.BPD","L-A only","M","MDD.BPD","L-A","increased",TRUE,"Layer-adj. up"
0.720137966416869,4.16349745256753,3.69727316717709,0.000230460785340134,0.0370615085165505,0.390072968713578,"ENSG00000142871","CCN1","M_MDD.BPD","L-A only","M","MDD.BPD","L-A","increased",TRUE,"Layer-adj. up"
-0.1974901771402,9.14028776149705,-3.7343257692061,0.000199466091956679,0.0333108373567653,0.219290740934337,"ENSG00000147604","RPL7","M_MDD.BPD","L-A only","M","MDD.BPD","L-A","decreased",TRUE,"Layer-adj. down"
-0.250780814882454,8.36949406276577,-3.69324409240171,0.000234091442604151,0.0371862820897764,0.187824359305255,"ENSG00000178741","COX5A","M_MDD.BPD","L-A only","M","MDD.BPD","L-A","decreased",TRUE,"Layer-adj. down"
-0.199707286688234,8.63882924924725,-3.68626412540034,0.000240508730849377,0.0376397639063254,0.122006910412052,"ENSG00000154723","ATP5PF","M_MDD.BPD","L-A only","M","MDD.BPD","L-A","decreased",TRUE,"Layer-adj. down"
1.12515419667422,1.43258404374527,3.72498917918599,0.000206883663845737,0.0341122355095515,0.0807106634538517,"ENSG00000047457","CP","M_MDD.BPD","L-A only","M","MDD.BPD","L-A","increased",TRUE,"Layer-adj. up"
-0.202783924974531,10.7703531967647,-3.69916491605672,0.000228774424731011,0.0370615085165505,-0.0141705782588097,"ENSG00000131711","MAP1B","M_MDD.BPD","L-A only","M","MDD.BPD","L-A","decreased",TRUE,"Layer-adj. down"
-0.401822240274502,6.55335126288158,-3.61062875138516,0.000321497036912004,0.0450303269119975,-0.0272209132628793,"ENSG00000204525","HLA-C","M_MDD.BPD","L-A only","M","MDD.BPD","L-A","decreased",TRUE,"Layer-adj. down"
-0.170684281736868,9.22400887522382,-3.64834032872685,0.000278363013455486,0.040288406814124,-0.0687259710226673,"ENSG00000168653","NDUFS5","M_MDD.BPD","L-A only","M","MDD.BPD","L-A","decreased",TRUE,"Layer-adj. down"
0.635786963064246,3.18260320692047,3.58730382526739,0.000351232513816657,0.0476578617184976,-0.0927722501182666,"ENSG00000086544","ITPKC","M_MDD.BPD","L-A only","M","MDD.BPD","L-A","increased",TRUE,"Layer-adj. up"
-0.209371773087573,8.78448788598823,-3.6223427928646,0.000307469872878885,0.0437844374644301,-0.114652070008887,"ENSG00000183648","NDUFB1","M_MDD.BPD","L-A only","M","MDD.BPD","L-A","decreased",TRUE,"Layer-adj. down"
-0.13775043286984,9.87054827743651,-3.65058953729778,0.000275970290211113,0.040288406814124,-0.114947416315285,"ENSG00000131143","COX4I1","M_MDD.BPD","L-A only","M","MDD.BPD","L-A","decreased",TRUE,"Layer-adj. down"
-0.199774641674983,9.96975472710859,-3.59640557010915,0.000339335218854508,0.0465282164294613,-0.311232071393516,"ENSG00000088986","DYNLL1","M_MDD.BPD","L-A only","M","MDD.BPD","L-A","decreased",TRUE,"Layer-adj. down"
