"gene_id","gene_name","avg_expr","decile","L1","L2","L3","L4","L5","L6","WM"
"ENSG00000187608","ISG15",0.0969297033917251,2,TRUE,FALSE,FALSE,FALSE,FALSE,FALSE,FALSE
"ENSG00000175756","AURKAIP1",0.333093626253278,9,FALSE,FALSE,FALSE,TRUE,FALSE,FALSE,FALSE
"ENSG00000179403","VWA1",0.106427545877795,3,FALSE,FALSE,FALSE,FALSE,FALSE,FALSE,TRUE
"ENSG00000187730","GABRD",0.433740092675803,9,FALSE,TRUE,TRUE,TRUE,FALSE,FALSE,FALSE
"ENSG00000067606","PRKCZ",0.431736486216716,9,FALSE,FALSE,FALSE,TRUE,FALSE,TRUE,FALSE
"ENSG00000158109","TPRG1L",0.401115659150462,9,FALSE,FALSE,FALSE,TRUE,TRUE,FALSE,FALSE
"ENSG00000069424","KCNAB2",0.53120152285435,9,FALSE,FALSE,FALSE,TRUE,FALSE,FALSE,FALSE
"ENSG00000116254","CHD5",0.377281816238976,9,FALSE,FALSE,FALSE,FALSE,FALSE,FALSE,FALSE
"ENSG00000097021","ACOT7",0.523988210279425,9,FALSE,FALSE,TRUE,TRUE,TRUE,TRUE,FALSE
"ENSG00000171735","CAMTA1",0.497745875450799,9,TRUE,FALSE,FALSE,FALSE,TRUE,FALSE,FALSE
"ENSG00000049245","VAMP3",0.0859537797837951,2,FALSE,FALSE,FALSE,FALSE,FALSE,FALSE,TRUE
"ENSG00000241563","CORT",0.107968764741359,3,FALSE,FALSE,FALSE,FALSE,FALSE,FALSE,FALSE
"ENSG00000116661","FBXO2",0.440335348616508,9,TRUE,FALSE,FALSE,FALSE,FALSE,FALSE,FALSE
"ENSG00000142634","EFHD2",0.246802741537285,8,FALSE,FALSE,FALSE,FALSE,TRUE,TRUE,TRUE
"ENSG00000159363","ATP13A2",0.322119670631741,8,FALSE,FALSE,TRUE,TRUE,TRUE,FALSE,FALSE
"ENSG00000117115","PADI2",0.139156368009127,5,TRUE,FALSE,FALSE,FALSE,FALSE,FALSE,TRUE
"ENSG00000158747","NBL1",0.416855070803817,9,FALSE,FALSE,FALSE,FALSE,FALSE,FALSE,FALSE
"ENSG00000076864","RAP1GAP",0.362336022502231,9,FALSE,FALSE,FALSE,FALSE,TRUE,TRUE,TRUE
"ENSG00000070831","CDC42",0.495620674120087,9,FALSE,FALSE,FALSE,FALSE,FALSE,FALSE,FALSE
"ENSG00000173369","C1QB",0.0720586720902531,1,TRUE,FALSE,FALSE,FALSE,FALSE,FALSE,FALSE
"ENSG00000117318","ID3",0.078230294090427,1,TRUE,FALSE,FALSE,FALSE,FALSE,FALSE,TRUE
"ENSG00000057757","PITHD1",0.415670827831622,9,FALSE,FALSE,FALSE,TRUE,TRUE,FALSE,FALSE
"ENSG00000169504","CLIC4",0.131224150119553,4,TRUE,FALSE,FALSE,FALSE,FALSE,FALSE,TRUE
"ENSG00000142669","SH3BGRL3",0.443141552572244,9,FALSE,FALSE,FALSE,FALSE,TRUE,TRUE,FALSE
"ENSG00000090273","NUDC",0.406423154357909,9,FALSE,FALSE,FALSE,FALSE,FALSE,FALSE,FALSE
"ENSG00000126709","IFI6",0.276518232848896,8,FALSE,FALSE,FALSE,FALSE,FALSE,FALSE,FALSE
"ENSG00000121769","FABP3",0.272002975203708,8,FALSE,FALSE,FALSE,TRUE,TRUE,FALSE,FALSE
"ENSG00000121753","ADGRB2",0.512569654699926,9,FALSE,TRUE,FALSE,FALSE,FALSE,TRUE,FALSE
"ENSG00000184007","PTP4A2",0.395585134712397,9,FALSE,FALSE,FALSE,FALSE,FALSE,FALSE,TRUE
"ENSG00000175130","MARCKSL1",0.499001493631296,9,FALSE,FALSE,FALSE,FALSE,FALSE,FALSE,TRUE
"ENSG00000121905","HPCA",0.499432000356748,9,FALSE,TRUE,FALSE,FALSE,TRUE,FALSE,FALSE
"ENSG00000163873","GRIK3",0.0641772710080281,1,FALSE,FALSE,FALSE,FALSE,TRUE,TRUE,TRUE
"ENSG00000197982","C1orf122",0.423345884063373,9,TRUE,FALSE,FALSE,FALSE,FALSE,FALSE,TRUE
"ENSG00000127603","MACF1",0.371786152080297,9,FALSE,FALSE,FALSE,FALSE,FALSE,FALSE,TRUE
"ENSG00000116983","HPCAL4",0.459264580439536,9,FALSE,TRUE,FALSE,FALSE,FALSE,FALSE,FALSE
"ENSG00000117016","RIMS3",0.37185376516557,9,FALSE,FALSE,TRUE,TRUE,FALSE,FALSE,FALSE
"ENSG00000065978","YBX1",0.210635220250914,7,TRUE,FALSE,FALSE,FALSE,FALSE,FALSE,FALSE
"ENSG00000066322","ELOVL1",0.109871236655766,3,FALSE,FALSE,FALSE,FALSE,FALSE,FALSE,TRUE
"ENSG00000142949","PTPRF",0.287724349330077,8,FALSE,TRUE,TRUE,FALSE,FALSE,FALSE,FALSE
"ENSG00000117408","IPO13",0.151169375135,5,FALSE,FALSE,FALSE,FALSE,FALSE,FALSE,TRUE
"ENSG00000162374","ELAVL4",0.400677397558707,9,FALSE,FALSE,TRUE,TRUE,TRUE,FALSE,FALSE
"ENSG00000085832","EPS15",0.443987662918018,9,FALSE,FALSE,FALSE,FALSE,TRUE,FALSE,FALSE
"ENSG00000162378","ZYG11B",0.353693187074939,9,FALSE,FALSE,FALSE,TRUE,TRUE,FALSE,FALSE
"ENSG00000157216","SSBP3",0.40803827149893,9,FALSE,FALSE,FALSE,FALSE,TRUE,FALSE,FALSE
"ENSG00000116133","DHCR24",0.425077415945999,9,FALSE,FALSE,FALSE,TRUE,FALSE,FALSE,TRUE
"ENSG00000162407","PLPP3",0.287692991621244,8,TRUE,FALSE,FALSE,FALSE,FALSE,FALSE,FALSE
"ENSG00000177606","JUN",0.24742808742997,8,TRUE,TRUE,FALSE,FALSE,FALSE,FALSE,FALSE
"ENSG00000162599","NFIA",0.221705540319519,7,TRUE,FALSE,FALSE,FALSE,FALSE,FALSE,TRUE
"ENSG00000172260","NEGR1",0.476275265000895,9,FALSE,FALSE,TRUE,TRUE,TRUE,FALSE,FALSE
"ENSG00000117069","ST6GALNAC5",0.117223341380169,4,FALSE,TRUE,TRUE,TRUE,TRUE,FALSE,FALSE
"ENSG00000137941","TTLL7",0.360180544316135,9,FALSE,FALSE,FALSE,FALSE,FALSE,FALSE,TRUE
"ENSG00000117155","SSX2IP",0.318099535813857,8,FALSE,TRUE,TRUE,FALSE,FALSE,FALSE,FALSE
"ENSG00000143013","LMO4",1.13864881603849,10,FALSE,FALSE,TRUE,TRUE,FALSE,FALSE,FALSE
"ENSG00000189195","BTBD8",0.375138665098647,9,FALSE,TRUE,TRUE,TRUE,FALSE,FALSE,FALSE
"ENSG00000117525","F3",0.173996227374941,6,TRUE,FALSE,FALSE,FALSE,FALSE,FALSE,FALSE
"ENSG00000117519","CNN3",0.269524552204188,8,TRUE,FALSE,FALSE,FALSE,FALSE,FALSE,FALSE
"ENSG00000117600","PLPPR4",0.258742537242517,8,FALSE,TRUE,FALSE,FALSE,FALSE,FALSE,FALSE
"ENSG00000118733","OLFM3",0.155712857969111,5,FALSE,FALSE,TRUE,TRUE,FALSE,FALSE,FALSE
"ENSG00000162631","NTNG1",0.0589535856152866,1,FALSE,FALSE,TRUE,TRUE,FALSE,FALSE,FALSE
"ENSG00000031698","SARS",0.459338955264055,9,FALSE,FALSE,TRUE,TRUE,FALSE,FALSE,FALSE
"ENSG00000143126","CELSR2",0.367833740289683,9,FALSE,FALSE,FALSE,FALSE,FALSE,TRUE,FALSE
"ENSG00000134202","GSTM3",0.273876149416729,8,TRUE,FALSE,FALSE,FALSE,FALSE,FALSE,FALSE
"ENSG00000197106","SLC6A17",0.374640354494644,9,FALSE,FALSE,FALSE,TRUE,TRUE,FALSE,FALSE
"ENSG00000177301","KCNA2",0.342498826194994,9,FALSE,FALSE,TRUE,TRUE,TRUE,FALSE,FALSE
"ENSG00000198162","MAN1A2",0.514410778089278,9,TRUE,FALSE,FALSE,FALSE,FALSE,FALSE,FALSE
"ENSG00000092621","PHGDH",0.147720147773212,5,TRUE,FALSE,FALSE,FALSE,FALSE,FALSE,TRUE
"ENSG00000265972","TXNIP",0.133852838063305,5,TRUE,FALSE,FALSE,FALSE,FALSE,FALSE,TRUE
"ENSG00000266472","MRPS21",0.457611436266904,9,FALSE,FALSE,FALSE,TRUE,TRUE,FALSE,FALSE
"ENSG00000143418","CERS2",0.105073193285648,3,FALSE,FALSE,FALSE,FALSE,FALSE,FALSE,TRUE
"ENSG00000159377","PSMB4",0.476330754595484,9,FALSE,FALSE,FALSE,TRUE,TRUE,FALSE,FALSE
"ENSG00000197956","S100A6",0.484288466357984,9,TRUE,FALSE,FALSE,FALSE,FALSE,FALSE,FALSE
"ENSG00000189171","S100A13",0.390032279581196,9,TRUE,FALSE,FALSE,FALSE,FALSE,FALSE,TRUE
"ENSG00000160678","S100A1",0.305588501272462,8,TRUE,FALSE,FALSE,FALSE,FALSE,FALSE,TRUE
"ENSG00000143549","TPM3",0.470825901107864,9,FALSE,FALSE,FALSE,FALSE,FALSE,FALSE,FALSE
"ENSG00000160789","LMNA",0.0718213473478378,1,FALSE,FALSE,FALSE,FALSE,FALSE,FALSE,TRUE
"ENSG00000160781","PAQR6",0.333748949818173,9,FALSE,FALSE,FALSE,FALSE,FALSE,FALSE,TRUE
"ENSG00000132702","HAPLN2",0.0899927837690055,2,FALSE,FALSE,FALSE,FALSE,FALSE,FALSE,TRUE
"ENSG00000162706","CADM3",0.409483568063847,9,FALSE,TRUE,TRUE,TRUE,FALSE,FALSE,FALSE
"ENSG00000177807","KCNJ10",0.178381419649412,6,TRUE,FALSE,FALSE,FALSE,FALSE,FALSE,TRUE
"ENSG00000158859","ADAMTS4",0.0595886042609976,1,FALSE,FALSE,FALSE,FALSE,FALSE,FALSE,TRUE
"ENSG00000158864","NDUFS2",0.381163281698984,9,FALSE,FALSE,FALSE,TRUE,TRUE,FALSE,FALSE
"ENSG00000248485","PCP4L1",0.0965753039698976,2,TRUE,FALSE,FALSE,FALSE,TRUE,FALSE,FALSE
"ENSG00000152332","UHMK1",0.250224661622554,8,FALSE,FALSE,FALSE,FALSE,TRUE,TRUE,FALSE
"ENSG00000117152","RGS4",1.01572811207289,10,FALSE,TRUE,TRUE,TRUE,TRUE,TRUE,FALSE
"ENSG00000143158","MPC2",0.392953161006008,9,FALSE,FALSE,FALSE,TRUE,FALSE,FALSE,FALSE
"ENSG00000075945","KIFAP3",0.47522458494084,9,FALSE,FALSE,FALSE,TRUE,TRUE,TRUE,FALSE
"ENSG00000117523","PRRC2C",0.207157714973545,7,TRUE,FALSE,FALSE,FALSE,FALSE,FALSE,FALSE
"ENSG00000197959","DNM3",0.348550558466186,9,FALSE,FALSE,FALSE,TRUE,FALSE,FALSE,FALSE
"ENSG00000116161","CACYBP",0.492074256924626,9,FALSE,FALSE,TRUE,TRUE,TRUE,FALSE,FALSE
"ENSG00000162783","IER5",0.123297916728429,4,FALSE,TRUE,TRUE,TRUE,FALSE,FALSE,FALSE
"ENSG00000157064","NMNAT2",0.315903966735828,8,FALSE,FALSE,TRUE,TRUE,TRUE,FALSE,FALSE
"ENSG00000116741","RGS2",0.098230554873414,2,FALSE,FALSE,FALSE,FALSE,FALSE,FALSE,FALSE
"ENSG00000162630","B3GALT2",0.14335986429106,5,FALSE,FALSE,FALSE,FALSE,TRUE,TRUE,TRUE
"ENSG00000118200","CAMSAP2",0.411087207060772,9,FALSE,FALSE,FALSE,FALSE,FALSE,FALSE,FALSE
"ENSG00000174307","PHLDA3",0.136001930090864,5,FALSE,FALSE,FALSE,FALSE,FALSE,FALSE,TRUE
"ENSG00000159176","CSRP1",0.573710265493418,10,TRUE,FALSE,FALSE,FALSE,FALSE,FALSE,TRUE
"ENSG00000159388","BTG2",0.0655548119178829,1,TRUE,FALSE,FALSE,FALSE,FALSE,FALSE,FALSE
"ENSG00000163531","NFASC",0.26904763231588,8,FALSE,FALSE,FALSE,FALSE,FALSE,FALSE,TRUE
"ENSG00000184144","CNTN2",0.239442864769522,7,FALSE,FALSE,FALSE,FALSE,FALSE,FALSE,TRUE
"ENSG00000117266","CDK18",0.0964978424737223,2,FALSE,FALSE,FALSE,FALSE,FALSE,FALSE,TRUE
"ENSG00000174514","MFSD4A",0.300172658284879,8,FALSE,TRUE,TRUE,FALSE,FALSE,TRUE,FALSE
"ENSG00000123836","PFKFB2",0.0958248067694077,2,TRUE,FALSE,FALSE,FALSE,FALSE,FALSE,FALSE
"ENSG00000117691","NENF",0.415461430829577,9,FALSE,FALSE,FALSE,FALSE,FALSE,FALSE,TRUE
"ENSG00000143499","SMYD2",0.172293127256306,6,FALSE,FALSE,FALSE,TRUE,TRUE,FALSE,FALSE
"ENSG00000162817","C1orf115",0.295668422506479,8,FALSE,TRUE,TRUE,TRUE,FALSE,FALSE,FALSE
"ENSG00000196187","TMEM63A",0.0552624933910437,1,FALSE,FALSE,FALSE,FALSE,FALSE,FALSE,TRUE
"ENSG00000143772","ITPKB",0.133674963883013,5,TRUE,FALSE,FALSE,FALSE,FALSE,FALSE,TRUE
"ENSG00000116574","RHOU",0.114942245918679,4,FALSE,FALSE,FALSE,FALSE,FALSE,FALSE,TRUE
"ENSG00000177614","PGBD5",0.275268822202644,8,FALSE,FALSE,FALSE,FALSE,FALSE,TRUE,FALSE
"ENSG00000135744","AGT",0.419577704056188,9,TRUE,FALSE,FALSE,FALSE,FALSE,FALSE,TRUE
"ENSG00000119280","C1orf198",0.125701182210771,4,FALSE,FALSE,FALSE,FALSE,FALSE,FALSE,TRUE
"ENSG00000135750","KCNK1",0.321368655679551,8,FALSE,TRUE,FALSE,FALSE,FALSE,TRUE,FALSE
"ENSG00000198626","RYR2",0.189816678519879,6,FALSE,FALSE,FALSE,FALSE,TRUE,TRUE,FALSE
"ENSG00000179456","ZBTB18",0.450109859580971,9,FALSE,TRUE,TRUE,TRUE,FALSE,FALSE,FALSE
"ENSG00000162852","CNST",0.177333340713893,6,FALSE,TRUE,TRUE,FALSE,FALSE,FALSE,FALSE
"ENSG00000186487","MYT1L",0.405237497473643,9,FALSE,TRUE,TRUE,FALSE,TRUE,FALSE,FALSE
"ENSG00000115738","ID2",0.440793620551938,9,TRUE,FALSE,FALSE,FALSE,FALSE,FALSE,FALSE
"ENSG00000115756","HPCAL1",0.440056492327027,9,TRUE,TRUE,FALSE,FALSE,FALSE,FALSE,FALSE
"ENSG00000162975","KCNF1",0.228710153111087,7,FALSE,FALSE,FALSE,FALSE,TRUE,TRUE,FALSE
"ENSG00000162981","LRATD1",0.206237807885676,7,FALSE,TRUE,TRUE,TRUE,FALSE,FALSE,FALSE
"ENSG00000079785","DDX1",0.320579325410753,8,FALSE,FALSE,TRUE,TRUE,FALSE,FALSE,FALSE
"ENSG00000197872","FAM49A",0.384586298633077,9,FALSE,FALSE,TRUE,TRUE,TRUE,TRUE,FALSE
"ENSG00000143878","RHOB",0.523672733704964,9,TRUE,FALSE,FALSE,FALSE,FALSE,FALSE,TRUE
"ENSG00000157851","DPYSL5",0.0863098846560675,2,FALSE,FALSE,FALSE,FALSE,FALSE,FALSE,TRUE
"ENSG00000084764","MAPRE3",0.443808099621524,9,FALSE,FALSE,TRUE,TRUE,TRUE,TRUE,FALSE
"ENSG00000115194","SLC30A3",0.212514814198138,7,FALSE,FALSE,TRUE,TRUE,TRUE,FALSE,FALSE
"ENSG00000119801","YPEL5",0.386546339824433,9,FALSE,FALSE,FALSE,FALSE,FALSE,FALSE,FALSE
"ENSG00000013016","EHD3",0.313509136696323,8,FALSE,FALSE,FALSE,TRUE,FALSE,TRUE,FALSE
"ENSG00000152154","TMEM178A",0.269302345176121,8,FALSE,FALSE,FALSE,FALSE,FALSE,TRUE,FALSE
"ENSG00000183023","SLC8A1",0.341293894485632,9,FALSE,FALSE,FALSE,FALSE,TRUE,TRUE,FALSE
"ENSG00000115944","COX7A2L",0.399140894994018,9,FALSE,FALSE,FALSE,TRUE,TRUE,TRUE,FALSE
"ENSG00000152518","ZFP36L2",0.0933300449784357,2,TRUE,FALSE,FALSE,FALSE,FALSE,FALSE,TRUE
"ENSG00000171132","PRKCE",0.328200515192282,8,FALSE,FALSE,TRUE,FALSE,TRUE,TRUE,FALSE
"ENSG00000115355","CCDC88A",0.36528362599854,9,TRUE,FALSE,FALSE,FALSE,FALSE,FALSE,TRUE
"ENSG00000119866","BCL11A",0.21712233820406,7,FALSE,FALSE,FALSE,FALSE,TRUE,TRUE,FALSE
"ENSG00000169764","UGP2",0.475761132859176,9,FALSE,FALSE,FALSE,TRUE,TRUE,TRUE,FALSE
"ENSG00000197223","C1D",0.140363576532136,5,FALSE,FALSE,FALSE,FALSE,FALSE,FALSE,FALSE
"ENSG00000221823","PPP3R1",0.531589998206324,9,FALSE,FALSE,TRUE,FALSE,FALSE,TRUE,FALSE
"ENSG00000119865","CNRIP1",0.326510443716153,8,FALSE,FALSE,FALSE,FALSE,TRUE,FALSE,FALSE
"ENSG00000115977","AAK1",0.429471189421127,9,FALSE,FALSE,TRUE,TRUE,TRUE,FALSE,FALSE
"ENSG00000075340","ADD2",0.321643333847908,8,FALSE,FALSE,FALSE,FALSE,TRUE,FALSE,FALSE
"ENSG00000124374","PAIP2B",0.0989245619359088,2,FALSE,FALSE,FALSE,FALSE,FALSE,FALSE,TRUE
"ENSG00000135625","EGR4",0.0559246440881273,1,FALSE,TRUE,TRUE,FALSE,FALSE,FALSE,FALSE
"ENSG00000172005","MAL",0.220040975660855,7,FALSE,FALSE,FALSE,FALSE,FALSE,FALSE,TRUE
"ENSG00000196872","KIAA1211L",0.21089752746728,7,FALSE,TRUE,TRUE,FALSE,FALSE,FALSE,FALSE
"ENSG00000158417","EIF5B",0.206298182587449,7,TRUE,FALSE,FALSE,FALSE,FALSE,FALSE,FALSE
"ENSG00000170500","LONRF2",0.410849113369862,9,FALSE,TRUE,FALSE,FALSE,FALSE,FALSE,FALSE
"ENSG00000071054","MAP4K4",0.250155896966813,8,FALSE,FALSE,FALSE,FALSE,FALSE,FALSE,TRUE
"ENSG00000175701","MTLN",0.276870226095451,8,FALSE,FALSE,FALSE,TRUE,TRUE,FALSE,FALSE
"ENSG00000144119","C1QL2",0.0595426354298304,1,FALSE,TRUE,FALSE,FALSE,FALSE,FALSE,FALSE
"ENSG00000136717","BIN1",0.381728608153575,9,FALSE,FALSE,FALSE,FALSE,FALSE,FALSE,TRUE
"ENSG00000136720","HS6ST1",0.261339867813324,8,FALSE,TRUE,TRUE,FALSE,FALSE,FALSE,FALSE
"ENSG00000115762","PLEKHB2",0.516624091335688,9,FALSE,FALSE,FALSE,TRUE,TRUE,FALSE,FALSE
"ENSG00000173272","MZT2A",0.355243978422453,9,FALSE,FALSE,FALSE,FALSE,FALSE,FALSE,FALSE
"ENSG00000048991","R3HDM1",0.289479706721856,8,FALSE,TRUE,TRUE,FALSE,FALSE,FALSE,FALSE
"ENSG00000169554","ZEB2",0.339295777406793,9,FALSE,FALSE,FALSE,FALSE,FALSE,FALSE,TRUE
"ENSG00000157827","FMNL2",0.25739992322135,8,FALSE,FALSE,FALSE,FALSE,FALSE,FALSE,TRUE
"ENSG00000162989","KCNJ3",0.271898395677133,8,FALSE,FALSE,TRUE,FALSE,FALSE,FALSE,FALSE
"ENSG00000136541","ERMN",0.228191580035442,7,FALSE,FALSE,FALSE,FALSE,FALSE,FALSE,TRUE
"ENSG00000144283","PKP4",0.222160225917163,7,FALSE,FALSE,FALSE,FALSE,FALSE,FALSE,TRUE
"ENSG00000123636","BAZ2B",0.114078365605149,3,FALSE,FALSE,FALSE,FALSE,FALSE,FALSE,TRUE
"ENSG00000136535","TBR1",0.325747570669235,8,FALSE,FALSE,FALSE,FALSE,TRUE,TRUE,FALSE
"ENSG00000144290","SLC4A10",0.352162987688798,9,FALSE,TRUE,TRUE,FALSE,FALSE,TRUE,FALSE
"ENSG00000144285","SCN1A",0.258344041984973,8,FALSE,FALSE,TRUE,TRUE,FALSE,FALSE,FALSE
"ENSG00000128683","GAD1",0.298341266634359,8,TRUE,TRUE,TRUE,TRUE,TRUE,FALSE,FALSE
"ENSG00000077380","DYNC1I2",0.295708291762932,8,FALSE,FALSE,FALSE,FALSE,FALSE,FALSE,TRUE
"ENSG00000091428","RAPGEF4",0.349847345413632,9,FALSE,FALSE,FALSE,FALSE,TRUE,FALSE,TRUE
"ENSG00000170035","UBE2E3",0.274778676890843,8,FALSE,FALSE,TRUE,TRUE,FALSE,FALSE,FALSE
"ENSG00000115252","PDE1A",0.181262548068098,6,FALSE,FALSE,FALSE,FALSE,TRUE,TRUE,FALSE
"ENSG00000144369","FAM171B",0.414418393745787,9,FALSE,TRUE,FALSE,FALSE,FALSE,TRUE,FALSE
"ENSG00000204262","COL5A2",0.0853576659361089,2,FALSE,FALSE,TRUE,TRUE,FALSE,FALSE,FALSE
"ENSG00000144339","TMEFF2",0.177014722441695,6,FALSE,FALSE,FALSE,FALSE,FALSE,TRUE,TRUE
"ENSG00000196950","SLC39A10",0.511898588051309,9,FALSE,FALSE,TRUE,TRUE,TRUE,TRUE,FALSE
"ENSG00000144381","HSPD1",0.360961660335258,9,FALSE,FALSE,FALSE,FALSE,FALSE,FALSE,FALSE
"ENSG00000115541","HSPE1",0.441470261385699,9,FALSE,FALSE,FALSE,FALSE,FALSE,FALSE,FALSE
"ENSG00000013441","CLK1",0.169304677868073,6,FALSE,FALSE,FALSE,FALSE,FALSE,FALSE,TRUE
"ENSG00000119013","NDUFB3",0.319876824643047,8,FALSE,FALSE,FALSE,TRUE,FALSE,FALSE,FALSE
"ENSG00000138443","ABI2",0.500725870863551,9,FALSE,TRUE,FALSE,FALSE,FALSE,TRUE,FALSE
"ENSG00000114948","ADAM23",0.23691719171018,7,FALSE,FALSE,TRUE,TRUE,FALSE,FALSE,FALSE
"ENSG00000115365","LANCL1",0.426992197701841,9,FALSE,FALSE,FALSE,FALSE,FALSE,FALSE,TRUE
"ENSG00000115414","FN1",0.100950732079797,3,TRUE,FALSE,FALSE,FALSE,FALSE,FALSE,FALSE
"ENSG00000115457","IGFBP2",0.0917783079012907,2,FALSE,FALSE,FALSE,TRUE,FALSE,TRUE,FALSE
"ENSG00000115461","IGFBP5",0.162399237105947,6,TRUE,FALSE,FALSE,FALSE,FALSE,FALSE,FALSE
"ENSG00000127838","PNKD",0.344248111870551,9,FALSE,FALSE,TRUE,TRUE,FALSE,FALSE,FALSE
"ENSG00000171450","CDK5R2",0.25782215642844,8,FALSE,FALSE,TRUE,FALSE,FALSE,TRUE,FALSE
"ENSG00000144567","RETREG2",0.526627832222554,9,FALSE,FALSE,TRUE,TRUE,TRUE,FALSE,FALSE
"ENSG00000135924","DNAJB2",0.357758667349378,9,FALSE,FALSE,FALSE,FALSE,FALSE,FALSE,TRUE
"ENSG00000116106","EPHA4",0.320908475413005,8,FALSE,TRUE,TRUE,TRUE,TRUE,FALSE,FALSE
"ENSG00000123983","ACSL3",0.451265060515393,9,FALSE,TRUE,TRUE,TRUE,FALSE,FALSE,FALSE
"ENSG00000171951","SCG2",0.492666342401912,9,FALSE,TRUE,FALSE,FALSE,FALSE,FALSE,FALSE
"ENSG00000135919","SERPINE2",0.462095627152037,9,TRUE,TRUE,FALSE,FALSE,FALSE,FALSE,FALSE
"ENSG00000187957","DNER",0.394360482964031,9,TRUE,FALSE,FALSE,FALSE,FALSE,FALSE,TRUE
"ENSG00000115053","NCL",0.44456944257447,9,FALSE,FALSE,FALSE,FALSE,FALSE,FALSE,FALSE
"ENSG00000115468","EFHD1",0.188428424245597,6,FALSE,FALSE,FALSE,FALSE,FALSE,FALSE,TRUE
"ENSG00000182600","SNORC",0.247837187592077,8,TRUE,FALSE,FALSE,FALSE,FALSE,FALSE,TRUE
"ENSG00000066248","NGEF",0.519205684905523,9,FALSE,TRUE,TRUE,FALSE,FALSE,TRUE,FALSE
"ENSG00000144485","HES6",0.109562294955195,3,FALSE,FALSE,FALSE,FALSE,FALSE,FALSE,TRUE
"ENSG00000130414","NDUFA10",0.326128960214719,8,FALSE,FALSE,FALSE,FALSE,FALSE,FALSE,FALSE
"ENSG00000115685","PPP1R7",0.307952171026777,8,FALSE,FALSE,TRUE,TRUE,TRUE,TRUE,FALSE
"ENSG00000168385","SEPTIN2",0.309680139391791,8,TRUE,FALSE,FALSE,FALSE,FALSE,FALSE,TRUE
"ENSG00000176720","BOK",0.090291085393011,2,FALSE,FALSE,FALSE,FALSE,FALSE,FALSE,TRUE
"ENSG00000150995","ITPR1",0.435706392366186,9,FALSE,TRUE,FALSE,FALSE,FALSE,FALSE,FALSE
"ENSG00000134108","ARL8B",0.418033295885152,9,FALSE,FALSE,FALSE,TRUE,FALSE,FALSE,FALSE
"ENSG00000196220","SRGAP3",0.18012199156073,6,FALSE,FALSE,FALSE,FALSE,FALSE,FALSE,FALSE
"ENSG00000157103","SLC6A1",0.453506764133815,9,TRUE,TRUE,FALSE,FALSE,FALSE,FALSE,FALSE
"ENSG00000144711","IQSEC1",0.496953152074283,9,FALSE,FALSE,FALSE,FALSE,TRUE,TRUE,FALSE
"ENSG00000163517","HDAC11",0.155250345175313,5,FALSE,FALSE,FALSE,FALSE,FALSE,FALSE,TRUE
"ENSG00000182568","SATB1",0.32607517133714,8,FALSE,FALSE,TRUE,TRUE,TRUE,FALSE,FALSE
"ENSG00000151090","THRB",0.265134425724468,8,FALSE,TRUE,TRUE,FALSE,TRUE,FALSE,FALSE
"ENSG00000163539","CLASP2",0.516577035997679,9,FALSE,FALSE,FALSE,FALSE,FALSE,FALSE,TRUE
"ENSG00000172995","ARPP21",0.335195454793318,9,FALSE,TRUE,TRUE,TRUE,FALSE,FALSE,FALSE
"ENSG00000168314","MOBP",0.47036687215058,9,FALSE,FALSE,FALSE,FALSE,FALSE,FALSE,TRUE
"ENSG00000114784","EIF1B",0.420527023594998,9,FALSE,FALSE,FALSE,TRUE,FALSE,FALSE,FALSE
"ENSG00000168036","CTNNB1",0.501085010879033,9,FALSE,FALSE,FALSE,FALSE,FALSE,FALSE,FALSE
"ENSG00000010282","HHATL",0.139774885956604,5,FALSE,FALSE,FALSE,FALSE,FALSE,FALSE,TRUE
"ENSG00000181061","HIGD1A",0.532588910637064,9,FALSE,FALSE,FALSE,TRUE,TRUE,FALSE,FALSE
"ENSG00000164050","PLXNB1",0.142501524437858,5,FALSE,FALSE,FALSE,FALSE,FALSE,FALSE,TRUE
"ENSG00000010256","UQCRC1",0.487501780991486,9,FALSE,FALSE,TRUE,TRUE,TRUE,FALSE,FALSE
"ENSG00000164061","BSN",0.468043438652776,9,FALSE,FALSE,FALSE,FALSE,TRUE,TRUE,FALSE
"ENSG00000164076","CAMKV",0.452733349128859,9,FALSE,TRUE,FALSE,FALSE,FALSE,TRUE,FALSE
"ENSG00000114353","GNAI2",0.319023404076619,8,TRUE,FALSE,FALSE,FALSE,FALSE,FALSE,TRUE
"ENSG00000012171","SEMA3B",0.103117724576412,3,FALSE,FALSE,FALSE,FALSE,FALSE,FALSE,TRUE
"ENSG00000090097","PCBP4",0.122649267244109,4,FALSE,FALSE,FALSE,FALSE,FALSE,FALSE,TRUE
"ENSG00000010322","NISCH",0.37197749866092,9,FALSE,FALSE,FALSE,FALSE,FALSE,FALSE,FALSE
"ENSG00000168297","PXK",0.139022972857204,5,FALSE,FALSE,FALSE,FALSE,FALSE,FALSE,TRUE
"ENSG00000163618","CADPS",0.361354100113584,9,FALSE,FALSE,FALSE,TRUE,TRUE,TRUE,FALSE
"ENSG00000163630","SYNPR",0.33903466446531,9,FALSE,FALSE,FALSE,FALSE,FALSE,TRUE,FALSE
"ENSG00000144749","LRIG1",0.178543065851477,6,TRUE,FALSE,FALSE,FALSE,FALSE,FALSE,TRUE
"ENSG00000144746","ARL6IP5",0.526792670565469,9,FALSE,FALSE,FALSE,TRUE,FALSE,FALSE,FALSE
"ENSG00000080822","CLDND1",0.513217744559472,9,FALSE,FALSE,FALSE,FALSE,FALSE,FALSE,TRUE
"ENSG00000170017","ALCAM",0.210232064654767,7,FALSE,FALSE,FALSE,FALSE,FALSE,FALSE,TRUE
"ENSG00000114439","BBX",0.0952691099774858,2,FALSE,FALSE,FALSE,FALSE,FALSE,FALSE,TRUE
"ENSG00000091972","CD200",0.255145118631481,8,FALSE,TRUE,FALSE,FALSE,TRUE,FALSE,FALSE
"ENSG00000181722","ZBTB20",0.0776845064461983,1,TRUE,FALSE,FALSE,FALSE,FALSE,FALSE,FALSE
"ENSG00000185565","LSAMP",0.397905408838568,9,TRUE,FALSE,FALSE,TRUE,FALSE,FALSE,FALSE
"ENSG00000065534","MYLK",0.0971298387963814,2,TRUE,FALSE,FALSE,FALSE,FALSE,FALSE,TRUE
"ENSG00000160145","KALRN",0.366691843216877,9,FALSE,TRUE,TRUE,TRUE,FALSE,TRUE,FALSE
"ENSG00000074416","MGLL",0.362210892148664,9,FALSE,FALSE,FALSE,FALSE,TRUE,FALSE,FALSE
"ENSG00000196353","CPNE4",0.117040800750885,4,FALSE,FALSE,FALSE,TRUE,TRUE,TRUE,FALSE
"ENSG00000091513","TF",0.429697690728418,9,FALSE,FALSE,FALSE,FALSE,FALSE,FALSE,TRUE
"ENSG00000114019","AMOTL2",0.0777508614881319,1,FALSE,FALSE,FALSE,FALSE,FALSE,FALSE,TRUE
"ENSG00000158258","CLSTN2",0.236976481007924,7,FALSE,FALSE,FALSE,FALSE,TRUE,TRUE,TRUE
"ENSG00000082996","RNF13",0.184046301709853,6,FALSE,FALSE,FALSE,FALSE,FALSE,FALSE,TRUE
"ENSG00000013297","CLDN11",0.217612379047486,7,FALSE,FALSE,FALSE,FALSE,FALSE,FALSE,TRUE
"ENSG00000144959","NCEH1",0.23277455698441,7,FALSE,TRUE,TRUE,TRUE,FALSE,FALSE,FALSE
"ENSG00000114757","PEX5L",0.403188690871744,9,FALSE,FALSE,FALSE,FALSE,FALSE,TRUE,TRUE
"ENSG00000242808","SOX2-OT",0.345860657133616,9,FALSE,FALSE,FALSE,FALSE,FALSE,FALSE,TRUE
"ENSG00000180834","MAP6D1",0.121529411102888,4,FALSE,FALSE,FALSE,FALSE,FALSE,FALSE,TRUE
"ENSG00000175182","FAM131A",0.438780561449383,9,FALSE,TRUE,TRUE,FALSE,FALSE,TRUE,FALSE
"ENSG00000157005","SST",0.190774023712638,6,FALSE,TRUE,FALSE,FALSE,FALSE,FALSE,FALSE
"ENSG00000114279","FGF12",0.447362432477904,9,FALSE,FALSE,TRUE,TRUE,TRUE,FALSE,FALSE
"ENSG00000189058","APOD",0.593499277063104,10,TRUE,FALSE,FALSE,FALSE,FALSE,FALSE,TRUE
"ENSG00000168993","CPLX1",0.541999928729238,10,FALSE,FALSE,TRUE,TRUE,TRUE,FALSE,FALSE
"ENSG00000159788","RGS12",0.128196017840124,4,TRUE,TRUE,FALSE,FALSE,FALSE,FALSE,FALSE
"ENSG00000163956","LRPAP1",0.385188133343564,9,FALSE,FALSE,FALSE,FALSE,FALSE,FALSE,FALSE
"ENSG00000168824","NSG1",0.320627591416654,8,FALSE,FALSE,TRUE,TRUE,FALSE,FALSE,FALSE
"ENSG00000072832","CRMP1",0.405842972881927,9,FALSE,TRUE,TRUE,FALSE,TRUE,FALSE,FALSE
"ENSG00000074211","PPP2R2C",0.498692941671133,9,FALSE,TRUE,TRUE,TRUE,TRUE,FALSE,FALSE
"ENSG00000038219","BOD1L1",0.209057519291275,7,FALSE,FALSE,FALSE,FALSE,FALSE,FALSE,FALSE
"ENSG00000169744","LDB2",0.281174326640039,8,FALSE,TRUE,TRUE,TRUE,FALSE,FALSE,FALSE
"ENSG00000151552","QDPR",0.672087794066032,10,FALSE,FALSE,FALSE,FALSE,FALSE,FALSE,TRUE
"ENSG00000185774","KCNIP4",0.249103488203762,8,FALSE,TRUE,TRUE,TRUE,FALSE,FALSE,FALSE
"ENSG00000168214","RBPJ",0.169044330095639,6,FALSE,FALSE,FALSE,FALSE,FALSE,FALSE,TRUE
"ENSG00000169851","PCDH7",0.325557797879448,8,FALSE,TRUE,FALSE,FALSE,TRUE,FALSE,FALSE
"ENSG00000064042","LIMCH1",0.305288305302793,8,FALSE,FALSE,FALSE,FALSE,FALSE,FALSE,TRUE
"ENSG00000075539","FRYL",0.10007687787278,3,FALSE,FALSE,FALSE,FALSE,FALSE,FALSE,TRUE
"ENSG00000134851","TMEM165",0.140293822904924,5,FALSE,FALSE,FALSE,FALSE,FALSE,FALSE,TRUE
"ENSG00000171476","HOPX",0.747721400165521,10,FALSE,TRUE,TRUE,TRUE,FALSE,FALSE,FALSE
"ENSG00000163453","IGFBP7",0.349822556830133,9,TRUE,FALSE,FALSE,FALSE,FALSE,FALSE,FALSE
"ENSG00000018189","RUFY3",0.517302604855846,9,FALSE,FALSE,FALSE,TRUE,TRUE,FALSE,FALSE
"ENSG00000173542","MOB1B",0.108500840483458,3,FALSE,TRUE,FALSE,FALSE,FALSE,FALSE,FALSE
"ENSG00000169116","PARM1",0.206782226824751,7,FALSE,FALSE,TRUE,TRUE,TRUE,FALSE,FALSE
"ENSG00000138760","SCARB2",0.330553844342216,9,FALSE,FALSE,FALSE,FALSE,FALSE,FALSE,TRUE
"ENSG00000152784","PRDM8",0.158085150706952,5,FALSE,FALSE,TRUE,TRUE,TRUE,FALSE,FALSE
"ENSG00000118785","SPP1",0.421866842605123,9,FALSE,FALSE,FALSE,FALSE,FALSE,FALSE,TRUE
"ENSG00000177432","NAP1L5",0.417255947825687,9,FALSE,FALSE,TRUE,TRUE,TRUE,FALSE,FALSE
"ENSG00000138698","RAP1GDS1",0.319339034239586,8,FALSE,FALSE,FALSE,TRUE,FALSE,FALSE,FALSE
"ENSG00000164032","H2AFZ",0.43893869737784,9,FALSE,TRUE,FALSE,TRUE,TRUE,FALSE,FALSE
"ENSG00000145349","CAMK2D",0.250104404377731,8,FALSE,FALSE,FALSE,FALSE,TRUE,FALSE,TRUE
"ENSG00000174607","UGT8",0.0881013115883389,2,FALSE,FALSE,FALSE,FALSE,FALSE,FALSE,TRUE
"ENSG00000164112","TMEM155",0.18163320148464,6,FALSE,FALSE,FALSE,TRUE,TRUE,TRUE,FALSE
"ENSG00000138650","PCDH10",0.259117492718979,8,FALSE,FALSE,FALSE,FALSE,TRUE,TRUE,TRUE
"ENSG00000109390","NDUFC1",0.46452046458718,9,FALSE,TRUE,FALSE,TRUE,TRUE,FALSE,FALSE
"ENSG00000109458","GAB1",0.0749426934486725,1,FALSE,FALSE,FALSE,FALSE,FALSE,FALSE,TRUE
"ENSG00000164161","HHIP",0.0771999097460629,1,FALSE,FALSE,FALSE,FALSE,FALSE,FALSE,TRUE
"ENSG00000061918","GUCY1B1",0.450064537003002,9,FALSE,FALSE,FALSE,TRUE,TRUE,FALSE,FALSE
"ENSG00000109738","GLRB",0.319739540056249,8,FALSE,FALSE,TRUE,TRUE,TRUE,FALSE,FALSE
"ENSG00000164124","TMEM144",0.199703412936554,7,FALSE,FALSE,FALSE,FALSE,FALSE,FALSE,TRUE
"ENSG00000171509","RXFP1",0.076819486859415,1,FALSE,FALSE,FALSE,FALSE,TRUE,TRUE,TRUE
"ENSG00000196104","SPOCK3",0.239801325193061,7,FALSE,FALSE,FALSE,FALSE,FALSE,FALSE,TRUE
"ENSG00000164106","SCRG1",0.342350854595724,9,TRUE,FALSE,FALSE,TRUE,FALSE,FALSE,FALSE
"ENSG00000151726","ACSL1",0.0773351515724182,1,FALSE,FALSE,FALSE,FALSE,FALSE,FALSE,TRUE
"ENSG00000154556","SORBS2",0.172610254025852,6,FALSE,TRUE,FALSE,FALSE,FALSE,TRUE,FALSE
"ENSG00000215218","UBE2QL1",0.429166090751618,9,FALSE,FALSE,FALSE,FALSE,TRUE,TRUE,FALSE
"ENSG00000154153","RETREG1",0.194687320920377,7,FALSE,FALSE,FALSE,FALSE,TRUE,TRUE,TRUE
"ENSG00000133401","PDZD2",0.144505187525582,5,TRUE,TRUE,FALSE,FALSE,FALSE,FALSE,FALSE
"ENSG00000250722","SELENOP",0.275742454703669,8,TRUE,FALSE,FALSE,FALSE,FALSE,FALSE,TRUE
"ENSG00000112972","HMGCS1",0.454534324297759,9,FALSE,FALSE,FALSE,FALSE,FALSE,FALSE,FALSE
"ENSG00000164588","HCN1",0.203458294734723,7,FALSE,FALSE,TRUE,TRUE,TRUE,FALSE,FALSE
"ENSG00000134352","IL6ST",0.330237014907845,9,TRUE,FALSE,FALSE,FALSE,FALSE,FALSE,FALSE
"ENSG00000145632","PLK2",0.268777326696543,8,FALSE,TRUE,FALSE,FALSE,FALSE,FALSE,FALSE
"ENSG00000152932","RAB3C",0.525756018644347,9,FALSE,FALSE,FALSE,TRUE,TRUE,FALSE,FALSE
"ENSG00000112851","ERBIN",0.176012398969087,6,FALSE,FALSE,FALSE,FALSE,FALSE,FALSE,TRUE
"ENSG00000164326","CARTPT",0.161274516118077,6,FALSE,TRUE,TRUE,FALSE,FALSE,FALSE,FALSE
"ENSG00000152413","HOMER1",0.265399302986496,8,FALSE,TRUE,TRUE,TRUE,FALSE,FALSE,FALSE
"ENSG00000039319","ZFYVE16",0.100565962512031,3,FALSE,FALSE,FALSE,FALSE,FALSE,FALSE,TRUE
"ENSG00000113319","RASGRF2",0.225203382984236,7,FALSE,TRUE,TRUE,FALSE,FALSE,FALSE,FALSE
"ENSG00000038427","VCAN",0.091698083551483,2,TRUE,FALSE,FALSE,FALSE,FALSE,FALSE,TRUE
"ENSG00000164176","EDIL3",0.402610770281647,9,FALSE,FALSE,FALSE,FALSE,FALSE,FALSE,TRUE
"ENSG00000164199","ADGRV1",0.0887245051089746,2,TRUE,FALSE,FALSE,FALSE,FALSE,FALSE,FALSE
"ENSG00000164292","RHOBTB3",0.192568627526607,7,TRUE,FALSE,FALSE,FALSE,FALSE,FALSE,TRUE
"ENSG00000175426","PCSK1",0.203565122245231,7,FALSE,FALSE,FALSE,TRUE,TRUE,TRUE,FALSE
"ENSG00000145730","PAM",0.275618426556229,8,FALSE,TRUE,TRUE,TRUE,TRUE,FALSE,FALSE
"ENSG00000112893","MAN2A1",0.090454515671359,2,FALSE,FALSE,FALSE,FALSE,FALSE,FALSE,TRUE
"ENSG00000152495","CAMK4",0.247059192899268,8,FALSE,TRUE,TRUE,FALSE,FALSE,FALSE,FALSE
"ENSG00000134986","NREP",0.333311266699144,9,FALSE,FALSE,FALSE,TRUE,TRUE,FALSE,FALSE
"ENSG00000134982","APC",0.415749226630353,9,FALSE,FALSE,FALSE,FALSE,FALSE,FALSE,FALSE
"ENSG00000092421","SEMA6A",0.0763906600567717,1,FALSE,FALSE,FALSE,FALSE,FALSE,FALSE,TRUE
"ENSG00000205279","CTXN3",0.0856477784350616,2,FALSE,TRUE,TRUE,TRUE,FALSE,FALSE,FALSE
"ENSG00000064651","SLC12A2",0.197908604330788,7,FALSE,FALSE,FALSE,FALSE,FALSE,FALSE,TRUE
"ENSG00000158985","CDC42SE2",0.36286637649364,9,FALSE,FALSE,FALSE,FALSE,FALSE,FALSE,FALSE
"ENSG00000164398","ACSL6",0.359578494511237,9,FALSE,FALSE,FALSE,TRUE,FALSE,FALSE,FALSE
"ENSG00000131437","KIF3A",0.489372110765874,9,FALSE,FALSE,TRUE,TRUE,TRUE,FALSE,FALSE
"ENSG00000164402","SEPTIN8",0.451870611062289,9,FALSE,FALSE,FALSE,FALSE,FALSE,FALSE,TRUE
"ENSG00000198944","SOWAHA",0.197897241924375,7,TRUE,TRUE,FALSE,FALSE,FALSE,FALSE,FALSE
"ENSG00000119048","UBE2B",0.349022507630703,9,FALSE,FALSE,FALSE,FALSE,TRUE,TRUE,FALSE
"ENSG00000145824","CXCL14",0.351350500716044,9,TRUE,TRUE,FALSE,FALSE,FALSE,FALSE,FALSE
"ENSG00000132563","REEP2",0.36280743999067,9,FALSE,FALSE,TRUE,TRUE,FALSE,FALSE,FALSE
"ENSG00000113013","HSPA9",0.463815753038567,9,FALSE,FALSE,FALSE,TRUE,TRUE,FALSE,FALSE
"ENSG00000044115","CTNNA1",0.237829203845248,7,FALSE,FALSE,FALSE,FALSE,FALSE,FALSE,TRUE
"ENSG00000171604","CXXC5",0.416501768657924,9,FALSE,FALSE,FALSE,FALSE,TRUE,FALSE,FALSE
"ENSG00000113578","FGF1",0.177128103261811,6,FALSE,FALSE,FALSE,FALSE,FALSE,FALSE,TRUE
"ENSG00000183775","KCTD16",0.260683245825549,8,FALSE,TRUE,TRUE,FALSE,FALSE,TRUE,FALSE
"ENSG00000019582","CD74",0.189323881107653,6,TRUE,FALSE,FALSE,FALSE,FALSE,FALSE,TRUE
"ENSG00000171992","SYNPO",0.342632741825392,9,FALSE,FALSE,FALSE,FALSE,FALSE,FALSE,FALSE
"ENSG00000211445","GPX3",0.165399394920408,6,TRUE,FALSE,TRUE,TRUE,FALSE,FALSE,FALSE
"ENSG00000197043","ANXA6",0.562572646696175,10,FALSE,FALSE,TRUE,TRUE,TRUE,TRUE,FALSE
"ENSG00000113140","SPARC",0.332930493791066,9,TRUE,FALSE,FALSE,FALSE,FALSE,FALSE,TRUE
"ENSG00000155506","LARP1",0.391011551251693,9,FALSE,FALSE,FALSE,FALSE,FALSE,FALSE,FALSE
"ENSG00000170271","FAXDC2",0.0875161562616636,2,FALSE,FALSE,FALSE,FALSE,FALSE,FALSE,TRUE
"ENSG00000022355","GABRA1",0.7993791860105,10,FALSE,FALSE,TRUE,TRUE,TRUE,FALSE,FALSE
"ENSG00000113327","GABRG2",0.474959736494665,9,FALSE,FALSE,TRUE,TRUE,TRUE,FALSE,FALSE
"ENSG00000170091","NSG2",0.612446709862538,10,FALSE,TRUE,TRUE,TRUE,TRUE,FALSE,FALSE
"ENSG00000175416","CLTB",0.472513076559676,9,FALSE,FALSE,FALSE,TRUE,TRUE,FALSE,FALSE
"ENSG00000113269","RNF130",0.227486099877177,7,FALSE,FALSE,FALSE,FALSE,FALSE,FALSE,TRUE
"ENSG00000050748","MAPK9",0.406730196182335,9,FALSE,FALSE,FALSE,TRUE,TRUE,TRUE,FALSE
"ENSG00000137285","TUBB2B",0.493580571745486,9,TRUE,FALSE,FALSE,FALSE,FALSE,FALSE,FALSE
"ENSG00000124785","NRN1",0.5091403100121,9,FALSE,FALSE,TRUE,TRUE,TRUE,FALSE,FALSE
"ENSG00000112137","PHACTR1",0.389836918160084,9,FALSE,FALSE,FALSE,FALSE,TRUE,TRUE,FALSE
"ENSG00000112149","CD83",0.0812431027243944,1,FALSE,FALSE,TRUE,TRUE,TRUE,FALSE,FALSE
"ENSG00000112186","CAP2",0.512357331482317,9,FALSE,TRUE,TRUE,FALSE,TRUE,TRUE,FALSE
"ENSG00000152954","NRSN1",0.298142741072016,8,FALSE,FALSE,FALSE,TRUE,TRUE,FALSE,FALSE
"ENSG00000204655","MOG",0.0794494166309928,1,FALSE,FALSE,FALSE,FALSE,FALSE,FALSE,TRUE
"ENSG00000204592","HLA-E",0.185071983581106,6,TRUE,FALSE,FALSE,FALSE,FALSE,FALSE,FALSE
"ENSG00000204580","DDR1",0.17440387366214,6,TRUE,FALSE,FALSE,FALSE,FALSE,FALSE,TRUE
"ENSG00000234745","HLA-B",0.320222583166104,8,TRUE,FALSE,FALSE,FALSE,FALSE,FALSE,FALSE
"ENSG00000204314","PRRT1",0.313117967022478,8,FALSE,TRUE,TRUE,TRUE,FALSE,FALSE,FALSE
"ENSG00000204287","HLA-DRA",0.0644108052241521,1,TRUE,FALSE,FALSE,FALSE,FALSE,FALSE,TRUE
"ENSG00000112514","CUTA",0.437058506392288,9,FALSE,FALSE,FALSE,FALSE,FALSE,FALSE,FALSE
"ENSG00000124507","PACSIN1",0.527254952928448,9,FALSE,FALSE,TRUE,TRUE,TRUE,TRUE,FALSE
"ENSG00000124772","CPNE5",0.219797324686706,7,FALSE,TRUE,FALSE,FALSE,FALSE,TRUE,FALSE
"ENSG00000146122","DAAM2",0.133553381568425,5,TRUE,FALSE,FALSE,FALSE,FALSE,FALSE,TRUE
"ENSG00000178233","TMEM151B",0.283664907825793,8,FALSE,FALSE,TRUE,TRUE,TRUE,FALSE,FALSE
"ENSG00000172348","RCAN2",0.531568538469358,9,FALSE,FALSE,TRUE,TRUE,FALSE,FALSE,FALSE
"ENSG00000170915","PAQR8",0.26272580575894,8,TRUE,FALSE,FALSE,FALSE,FALSE,FALSE,TRUE
"ENSG00000096092","TMEM14A",0.355185080312431,9,FALSE,FALSE,FALSE,TRUE,TRUE,TRUE,FALSE
"ENSG00000012660","ELOVL5",0.169067862310678,6,TRUE,FALSE,FALSE,FALSE,FALSE,FALSE,TRUE
"ENSG00000112697","TMEM30A",0.499025936946857,9,FALSE,FALSE,FALSE,TRUE,FALSE,TRUE,FALSE
"ENSG00000196586","MYO6",0.141110670514955,5,TRUE,FALSE,FALSE,FALSE,FALSE,FALSE,TRUE
"ENSG00000146242","TPBG",0.0788176172595313,1,FALSE,FALSE,TRUE,TRUE,FALSE,FALSE,FALSE
"ENSG00000203875","SNHG5",0.126357758071445,4,TRUE,FALSE,FALSE,FALSE,FALSE,FALSE,TRUE
"ENSG00000118432","CNR1",0.171525532148537,6,TRUE,TRUE,FALSE,FALSE,FALSE,FALSE,FALSE
"ENSG00000132424","PNISR",0.249416807599899,8,TRUE,FALSE,FALSE,FALSE,FALSE,FALSE,FALSE
"ENSG00000155111","CDK19",0.111330162316108,3,FALSE,FALSE,FALSE,FALSE,FALSE,FALSE,TRUE
"ENSG00000187189","TSPYL4",0.452518905464123,9,FALSE,TRUE,TRUE,FALSE,TRUE,TRUE,FALSE
"ENSG00000196376","SLC35F1",0.190403079259158,6,FALSE,FALSE,FALSE,FALSE,TRUE,TRUE,TRUE
"ENSG00000111885","MAN1A1",0.0862056813290173,2,TRUE,TRUE,FALSE,FALSE,FALSE,FALSE,FALSE
"ENSG00000152661","GJA1",0.527235105786778,9,TRUE,FALSE,FALSE,FALSE,FALSE,FALSE,FALSE
"ENSG00000164434","FABP7",0.225910082114158,7,TRUE,FALSE,FALSE,FALSE,FALSE,FALSE,FALSE
"ENSG00000152894","PTPRK",0.176960591434951,6,FALSE,FALSE,TRUE,TRUE,FALSE,FALSE,FALSE
"ENSG00000118523","CCN2",0.0715444705729437,1,TRUE,FALSE,FALSE,FALSE,FALSE,TRUE,TRUE
"ENSG00000118515","SGK1",0.0931522067155317,2,FALSE,FALSE,FALSE,FALSE,FALSE,FALSE,TRUE
"ENSG00000135525","MAP7",0.146210759221356,5,FALSE,FALSE,FALSE,FALSE,FALSE,FALSE,TRUE
"ENSG00000164442","CITED2",0.134378640847858,5,FALSE,FALSE,TRUE,TRUE,TRUE,FALSE,FALSE
"ENSG00000131018","SYNE1",0.377149306369578,9,FALSE,TRUE,TRUE,FALSE,FALSE,FALSE,FALSE
"ENSG00000074706","IPCEF1",0.273790928923325,8,FALSE,FALSE,FALSE,FALSE,TRUE,TRUE,FALSE
"ENSG00000146426","TIAM2",0.137370864348739,5,FALSE,TRUE,TRUE,TRUE,FALSE,FALSE,FALSE
"ENSG00000078269","SYNJ2",0.119975738599028,4,FALSE,FALSE,FALSE,FALSE,FALSE,FALSE,TRUE
"ENSG00000026652","AGPAT4",0.104999766791081,3,FALSE,FALSE,FALSE,FALSE,FALSE,FALSE,TRUE
"ENSG00000112531","QKI",0.665196241706804,10,TRUE,FALSE,FALSE,FALSE,FALSE,FALSE,TRUE
"ENSG00000176381","PRR18",0.0799894373679676,1,FALSE,FALSE,FALSE,FALSE,FALSE,FALSE,TRUE
"ENSG00000075618","FSCN1",0.395131025061242,9,FALSE,FALSE,FALSE,FALSE,FALSE,FALSE,TRUE
"ENSG00000006468","ETV1",0.122459357227018,4,FALSE,FALSE,FALSE,FALSE,TRUE,TRUE,FALSE
"ENSG00000136267","DGKB",0.205361320227381,7,FALSE,TRUE,TRUE,FALSE,FALSE,FALSE,FALSE
"ENSG00000106537","TSPAN13",0.30324244610467,8,FALSE,TRUE,TRUE,TRUE,FALSE,FALSE,FALSE
"ENSG00000136237","RAPGEF5",0.359790125001511,9,FALSE,FALSE,FALSE,FALSE,FALSE,FALSE,TRUE
"ENSG00000122585","NPY",0.111993098511663,3,FALSE,FALSE,FALSE,FALSE,FALSE,FALSE,TRUE
"ENSG00000086300","SNX10",0.440734056546897,9,FALSE,FALSE,TRUE,TRUE,TRUE,FALSE,FALSE
"ENSG00000136193","SCRN1",0.40579754642541,9,FALSE,FALSE,FALSE,FALSE,FALSE,FALSE,FALSE
"ENSG00000240583","AQP1",0.0918433721666812,2,FALSE,FALSE,FALSE,FALSE,FALSE,FALSE,TRUE
"ENSG00000164600","NEUROD6",0.169627180767519,6,FALSE,FALSE,FALSE,TRUE,TRUE,FALSE,FALSE
"ENSG00000154678","PDE1C",0.0864115760304804,2,FALSE,FALSE,FALSE,FALSE,FALSE,FALSE,TRUE
"ENSG00000173852","DPY19L1",0.145402195256485,5,FALSE,FALSE,FALSE,FALSE,TRUE,FALSE,FALSE
"ENSG00000011426","ANLN",0.10924499526148,3,FALSE,FALSE,FALSE,FALSE,FALSE,FALSE,TRUE
"ENSG00000155849","ELMO1",0.349462979956211,9,FALSE,FALSE,TRUE,TRUE,FALSE,FALSE,FALSE
"ENSG00000086289","EPDR1",0.283542387874054,8,FALSE,FALSE,TRUE,TRUE,TRUE,TRUE,FALSE
"ENSG00000078053","AMPH",0.334763096184286,9,FALSE,FALSE,FALSE,TRUE,TRUE,TRUE,FALSE
"ENSG00000062582","MRPS24",0.241354451466717,7,FALSE,FALSE,FALSE,TRUE,FALSE,FALSE,FALSE
"ENSG00000136274","NACAD",0.145328976926068,5,FALSE,FALSE,FALSE,FALSE,FALSE,FALSE,TRUE
"ENSG00000170419","VSTM2A",0.269435263806793,8,FALSE,TRUE,TRUE,TRUE,FALSE,FALSE,FALSE
"ENSG00000132432","SEC61G",0.350047617771915,9,FALSE,FALSE,FALSE,FALSE,FALSE,FALSE,FALSE
"ENSG00000185274","GALNT17",0.259570117806318,8,FALSE,FALSE,FALSE,FALSE,TRUE,FALSE,FALSE
"ENSG00000106089","STX1A",0.444572287275027,9,FALSE,FALSE,FALSE,FALSE,TRUE,TRUE,FALSE
"ENSG00000106683","LIMK1",0.167956859171614,6,FALSE,FALSE,FALSE,TRUE,TRUE,FALSE,FALSE
"ENSG00000146701","MDH2",0.468611519196421,9,FALSE,FALSE,FALSE,TRUE,FALSE,FALSE,FALSE
"ENSG00000106211","HSPB1",0.380224508060924,9,TRUE,FALSE,FALSE,FALSE,FALSE,FALSE,FALSE
"ENSG00000127955","GNAI1",0.253364081708305,8,FALSE,FALSE,FALSE,FALSE,FALSE,FALSE,TRUE
"ENSG00000153956","CACNA2D1",0.230645097138136,7,FALSE,TRUE,FALSE,FALSE,FALSE,FALSE,FALSE
"ENSG00000186472","PCLO",0.372308514933673,9,FALSE,FALSE,FALSE,FALSE,TRUE,TRUE,FALSE
"ENSG00000198822","GRM3",0.278717836340183,8,FALSE,FALSE,FALSE,FALSE,FALSE,FALSE,TRUE
"ENSG00000075142","SRI",0.448403503755533,9,TRUE,FALSE,FALSE,FALSE,FALSE,FALSE,FALSE
"ENSG00000058091","CDK14",0.319253015870444,8,FALSE,FALSE,FALSE,TRUE,TRUE,TRUE,FALSE
"ENSG00000105854","PON2",0.262051691158738,8,TRUE,FALSE,FALSE,FALSE,FALSE,FALSE,TRUE
"ENSG00000158560","DYNC1I1",0.342366117961396,9,FALSE,FALSE,FALSE,TRUE,TRUE,TRUE,FALSE
"ENSG00000106236","NPTX2",0.212543792633916,7,FALSE,TRUE,FALSE,FALSE,TRUE,TRUE,FALSE
"ENSG00000241685","ARPC1A",0.293844775719411,8,FALSE,FALSE,FALSE,FALSE,TRUE,FALSE,FALSE
"ENSG00000166925","TSC22D4",0.529760608367911,9,TRUE,FALSE,FALSE,FALSE,FALSE,FALSE,TRUE
"ENSG00000172354","GNB2",0.393856277004493,9,FALSE,FALSE,FALSE,FALSE,FALSE,FALSE,FALSE
"ENSG00000106367","AP1S1",0.345976463360948,9,FALSE,TRUE,TRUE,TRUE,FALSE,TRUE,FALSE
"ENSG00000128564","VGF",0.469351140000678,9,FALSE,FALSE,TRUE,TRUE,FALSE,FALSE,FALSE
"ENSG00000214253","FIS1",0.513146553585317,9,FALSE,FALSE,FALSE,FALSE,FALSE,FALSE,TRUE
"ENSG00000233123","LINC01007",0.0619181136999932,1,FALSE,TRUE,TRUE,TRUE,FALSE,FALSE,FALSE
"ENSG00000135250","SRPK2",0.391920345891779,9,FALSE,FALSE,FALSE,FALSE,FALSE,FALSE,FALSE
"ENSG00000008282","SYPL1",0.0990218016186526,2,FALSE,FALSE,FALSE,FALSE,FALSE,FALSE,TRUE
"ENSG00000005249","PRKAR2B",0.258958368738023,8,FALSE,TRUE,FALSE,TRUE,FALSE,FALSE,FALSE
"ENSG00000233705","SLC26A4-AS1",0.203944304815991,7,FALSE,FALSE,TRUE,FALSE,TRUE,FALSE,FALSE
"ENSG00000198898","CAPZA2",0.407164496854257,9,FALSE,FALSE,FALSE,TRUE,FALSE,FALSE,FALSE
"ENSG00000196937","FAM3C",0.438069034235141,9,FALSE,FALSE,FALSE,FALSE,TRUE,FALSE,FALSE
"ENSG00000106278","PTPRZ1",0.3208891410162,8,TRUE,FALSE,FALSE,FALSE,FALSE,FALSE,FALSE
"ENSG00000081803","CADPS2",0.166499115959437,6,FALSE,FALSE,FALSE,TRUE,TRUE,TRUE,FALSE
"ENSG00000106299","WASL",0.342508139914449,9,FALSE,FALSE,FALSE,TRUE,FALSE,FALSE,FALSE
"ENSG00000170775","GPR37",0.135768931218063,5,FALSE,FALSE,FALSE,FALSE,FALSE,FALSE,TRUE
"ENSG00000004059","ARF5",0.238838209951582,7,FALSE,FALSE,TRUE,TRUE,FALSE,FALSE,FALSE
"ENSG00000122786","CALD1",0.100446548015931,3,TRUE,FALSE,FALSE,FALSE,FALSE,FALSE,FALSE
"ENSG00000105894","PTN",0.473239819281359,9,TRUE,FALSE,FALSE,FALSE,FALSE,FALSE,FALSE
"ENSG00000236279","CLEC2L",0.140881606725793,5,FALSE,FALSE,FALSE,TRUE,TRUE,FALSE,FALSE
"ENSG00000064393","HIPK2",0.325887371175817,8,FALSE,FALSE,FALSE,FALSE,FALSE,FALSE,TRUE
"ENSG00000106123","EPHB6",0.372810354304228,9,FALSE,FALSE,FALSE,TRUE,TRUE,TRUE,FALSE
"ENSG00000174469","CNTNAP2",0.360160808297459,9,FALSE,FALSE,TRUE,TRUE,TRUE,FALSE,FALSE
"ENSG00000133612","AGAP3",0.478951290877244,9,FALSE,FALSE,FALSE,FALSE,FALSE,TRUE,FALSE
"ENSG00000106615","RHEB",0.490688034913559,9,FALSE,FALSE,TRUE,TRUE,TRUE,FALSE,FALSE
"ENSG00000130226","DPP6",0.481689514565981,9,FALSE,TRUE,TRUE,FALSE,FALSE,FALSE,FALSE
"ENSG00000186480","INSIG1",0.1988272970537,7,FALSE,FALSE,FALSE,FALSE,FALSE,FALSE,TRUE
"ENSG00000105993","DNAJB6",0.514858445597721,9,FALSE,FALSE,FALSE,FALSE,FALSE,FALSE,FALSE
"ENSG00000155093","PTPRN2",0.436921079259369,9,FALSE,FALSE,FALSE,FALSE,FALSE,FALSE,FALSE
"ENSG00000129422","MTUS1",0.129317190044331,4,FALSE,FALSE,FALSE,FALSE,FALSE,FALSE,TRUE
"ENSG00000061337","LZTS1",0.126209893235716,4,FALSE,TRUE,TRUE,FALSE,FALSE,FALSE,FALSE
"ENSG00000168481","LGI3",0.313368073672379,8,FALSE,FALSE,FALSE,TRUE,FALSE,FALSE,TRUE
"ENSG00000179388","EGR3",0.225753772522128,7,FALSE,TRUE,TRUE,FALSE,FALSE,FALSE,FALSE
"ENSG00000104722","NEFM",0.782102724189744,10,FALSE,FALSE,TRUE,TRUE,TRUE,FALSE,FALSE
"ENSG00000277586","NEFL",1.49257204813755,10,FALSE,FALSE,TRUE,TRUE,TRUE,FALSE,FALSE
"ENSG00000015592","STMN4",0.514717280275407,9,FALSE,FALSE,FALSE,FALSE,FALSE,FALSE,TRUE
"ENSG00000120899","PTK2B",0.441713310764188,9,FALSE,TRUE,TRUE,TRUE,FALSE,FALSE,FALSE
"ENSG00000147533","GOLGA7",0.206462667834057,7,FALSE,FALSE,FALSE,FALSE,FALSE,FALSE,TRUE
"ENSG00000078668","VDAC3",0.403765287552595,9,FALSE,FALSE,TRUE,TRUE,TRUE,FALSE,FALSE
"ENSG00000221869","CEBPD",0.127477311990488,4,TRUE,FALSE,FALSE,FALSE,FALSE,FALSE,FALSE
"ENSG00000169139","UBE2V2",0.437920090344718,9,FALSE,FALSE,TRUE,TRUE,TRUE,TRUE,FALSE
"ENSG00000023287","RB1CC1",0.327026625534366,8,FALSE,FALSE,FALSE,FALSE,FALSE,FALSE,FALSE
"ENSG00000047249","ATP6V1H",0.527876710795081,9,FALSE,TRUE,TRUE,TRUE,FALSE,TRUE,FALSE
"ENSG00000137575","SDCBP",0.360254495306163,9,FALSE,FALSE,FALSE,TRUE,FALSE,FALSE,FALSE
"ENSG00000198846","TOX",0.0818309641781268,1,FALSE,FALSE,FALSE,TRUE,TRUE,FALSE,FALSE
"ENSG00000198363","ASPH",0.328496153174295,8,FALSE,FALSE,FALSE,FALSE,TRUE,FALSE,FALSE
"ENSG00000169085","VXN",0.430716259502672,9,FALSE,TRUE,FALSE,FALSE,FALSE,FALSE,FALSE
"ENSG00000104435","STMN2",1.17772559038727,10,FALSE,FALSE,TRUE,TRUE,TRUE,TRUE,FALSE
"ENSG00000076554","TPD52",0.354229687736218,9,FALSE,FALSE,FALSE,TRUE,FALSE,FALSE,FALSE
"ENSG00000164687","FABP5",0.226922795438609,7,FALSE,FALSE,FALSE,FALSE,FALSE,FALSE,FALSE
"ENSG00000147588","PMP2",0.40878601331573,9,TRUE,FALSE,FALSE,FALSE,FALSE,FALSE,TRUE
"ENSG00000104267","CA2",0.154087092285559,5,FALSE,FALSE,FALSE,FALSE,FALSE,FALSE,TRUE
"ENSG00000104327","CALB1",0.108704098421149,3,FALSE,TRUE,TRUE,TRUE,FALSE,FALSE,FALSE
"ENSG00000164951","PDP1",0.490995172350442,9,FALSE,FALSE,TRUE,TRUE,FALSE,TRUE,FALSE
"ENSG00000070756","PABPC1",0.412907273674818,9,TRUE,FALSE,FALSE,FALSE,FALSE,FALSE,FALSE
"ENSG00000104490","NCALD",0.611264787199343,10,FALSE,FALSE,TRUE,TRUE,TRUE,TRUE,FALSE
"ENSG00000155097","ATP6V1C1",0.468455280416782,9,FALSE,FALSE,FALSE,TRUE,TRUE,TRUE,FALSE
"ENSG00000164830","OXR1",0.532250341573739,9,FALSE,FALSE,TRUE,TRUE,TRUE,TRUE,FALSE
"ENSG00000164794","KCNV1",0.216228318227866,7,FALSE,TRUE,TRUE,TRUE,FALSE,TRUE,FALSE
"ENSG00000147676","MAL2",0.335588093617899,9,FALSE,TRUE,TRUE,FALSE,FALSE,FALSE,FALSE
"ENSG00000136960","ENPP2",0.185233177080489,6,FALSE,FALSE,FALSE,FALSE,FALSE,FALSE,TRUE
"ENSG00000153310","FAM49B",0.294573351277015,8,FALSE,FALSE,FALSE,TRUE,FALSE,FALSE,FALSE
"ENSG00000132294","EFR3A",0.361462399034439,9,FALSE,FALSE,FALSE,FALSE,TRUE,TRUE,FALSE
"ENSG00000104419","NDRG1",0.286201254001971,8,FALSE,FALSE,FALSE,FALSE,FALSE,FALSE,TRUE
"ENSG00000131773","KHDRBS3",0.338409225082325,9,FALSE,FALSE,FALSE,FALSE,FALSE,FALSE,FALSE
"ENSG00000169398","PTK2",0.251505505674901,8,FALSE,FALSE,FALSE,FALSE,FALSE,FALSE,TRUE
"ENSG00000181790","ADGRB1",0.258787813216225,8,FALSE,TRUE,FALSE,FALSE,FALSE,FALSE,FALSE
"ENSG00000180155","LYNX1",0.382041224810426,9,FALSE,FALSE,TRUE,TRUE,FALSE,TRUE,FALSE
"ENSG00000160932","LY6E",0.465094924268688,9,FALSE,TRUE,TRUE,FALSE,FALSE,TRUE,FALSE
"ENSG00000104529","EEF1D",0.2468258289922,8,TRUE,FALSE,FALSE,FALSE,FALSE,FALSE,TRUE
"ENSG00000080503","SMARCA2",0.370421610859441,9,FALSE,TRUE,TRUE,TRUE,FALSE,FALSE,FALSE
"ENSG00000153707","PTPRD",0.296778664083513,8,FALSE,FALSE,FALSE,TRUE,FALSE,FALSE,TRUE
"ENSG00000107295","SH3GL2",0.553455683836648,10,FALSE,FALSE,FALSE,TRUE,TRUE,TRUE,FALSE
"ENSG00000155876","RRAGA",0.341343562828486,9,FALSE,FALSE,FALSE,FALSE,FALSE,FALSE,FALSE
"ENSG00000155886","SLC24A2",0.500365980521711,9,FALSE,FALSE,FALSE,TRUE,TRUE,TRUE,TRUE
"ENSG00000107105","ELAVL2",0.290937377114278,8,FALSE,FALSE,FALSE,TRUE,TRUE,FALSE,FALSE
"ENSG00000137100","DCTN3",0.300410221144732,8,FALSE,FALSE,FALSE,TRUE,TRUE,FALSE,FALSE
"ENSG00000122733","PHF24",0.261645967084027,8,FALSE,FALSE,FALSE,FALSE,TRUE,TRUE,FALSE
"ENSG00000122705","CLTA",0.50902941671554,9,FALSE,FALSE,TRUE,TRUE,TRUE,FALSE,FALSE
"ENSG00000119139","TJP2",0.0802662698676199,1,TRUE,FALSE,FALSE,FALSE,FALSE,FALSE,TRUE
"ENSG00000107362","ABHD17B",0.0865254793755461,2,FALSE,FALSE,FALSE,FALSE,FALSE,FALSE,TRUE
"ENSG00000119125","GDA",0.375582499453919,9,FALSE,TRUE,FALSE,FALSE,FALSE,FALSE,FALSE
"ENSG00000198963","RORB",0.191299897720184,6,FALSE,FALSE,FALSE,TRUE,TRUE,FALSE,FALSE
"ENSG00000106772","PRUNE2",0.286731356480557,8,FALSE,FALSE,FALSE,TRUE,TRUE,FALSE,FALSE
"ENSG00000135069","PSAT1",0.199131308678182,7,TRUE,FALSE,FALSE,FALSE,FALSE,FALSE,TRUE
"ENSG00000106829","TLE4",0.106412924521054,3,FALSE,FALSE,FALSE,FALSE,FALSE,TRUE,TRUE
"ENSG00000187764","SEMA4D",0.172459696691503,6,FALSE,FALSE,FALSE,FALSE,FALSE,FALSE,TRUE
"ENSG00000165023","DIRAS2",0.610558148173353,10,FALSE,FALSE,FALSE,FALSE,TRUE,TRUE,TRUE
"ENSG00000130956","HABP4",0.38376400828786,9,FALSE,FALSE,FALSE,TRUE,FALSE,TRUE,FALSE
"ENSG00000136842","TMOD1",0.109896604413616,3,FALSE,TRUE,TRUE,TRUE,FALSE,FALSE,FALSE
"ENSG00000136938","ANP32B",0.147095586346996,5,TRUE,FALSE,FALSE,FALSE,FALSE,FALSE,TRUE
"ENSG00000165152","TMEM246",0.244327411392369,7,FALSE,FALSE,TRUE,TRUE,FALSE,FALSE,FALSE
"ENSG00000070214","SLC44A1",0.251118252212764,8,FALSE,FALSE,FALSE,FALSE,FALSE,FALSE,TRUE
"ENSG00000260230","FRRS1L",0.401067007035655,9,FALSE,TRUE,FALSE,FALSE,FALSE,FALSE,FALSE
"ENSG00000136810","TXN",0.52711430065498,9,FALSE,FALSE,FALSE,TRUE,FALSE,FALSE,FALSE
"ENSG00000198121","LPAR1",0.129907244748748,4,FALSE,FALSE,FALSE,FALSE,FALSE,FALSE,TRUE
"ENSG00000136867","SLC31A2",0.0452996569484789,1,FALSE,FALSE,FALSE,FALSE,FALSE,FALSE,TRUE
"ENSG00000148180","GSN",0.311212094556415,8,TRUE,FALSE,FALSE,FALSE,FALSE,FALSE,TRUE
"ENSG00000148175","STOM",0.154107670670761,5,TRUE,FALSE,FALSE,FALSE,FALSE,FALSE,FALSE
"ENSG00000119421","NDUFA8",0.369826248475194,9,FALSE,FALSE,FALSE,TRUE,FALSE,FALSE,FALSE
"ENSG00000136930","PSMB7",0.355819244672449,9,FALSE,FALSE,FALSE,TRUE,FALSE,FALSE,FALSE
"ENSG00000136950","ARPC5L",0.293587960783044,8,FALSE,FALSE,TRUE,TRUE,FALSE,FALSE,FALSE
"ENSG00000044574","HSPA5",0.366026324395929,9,FALSE,FALSE,FALSE,FALSE,FALSE,FALSE,FALSE
"ENSG00000196814","MVB12B",0.0819889454897004,1,FALSE,FALSE,FALSE,FALSE,FALSE,FALSE,TRUE
"ENSG00000167106","FAM102A",0.164264809893599,6,FALSE,FALSE,FALSE,FALSE,FALSE,FALSE,TRUE
"ENSG00000207955","AL359091.1",0.0679246154944194,1,FALSE,FALSE,FALSE,FALSE,FALSE,FALSE,TRUE
"ENSG00000167123","CERCAM",0.0966909099071658,2,FALSE,FALSE,FALSE,FALSE,FALSE,FALSE,TRUE
"ENSG00000148341","SH3GLB2",0.389518960294103,9,FALSE,FALSE,FALSE,FALSE,FALSE,FALSE,FALSE
"ENSG00000187239","FNBP1",0.121443600326609,4,FALSE,FALSE,FALSE,FALSE,FALSE,FALSE,TRUE
"ENSG00000126878","AIF1L",0.130650220515017,4,TRUE,FALSE,FALSE,FALSE,FALSE,FALSE,TRUE
"ENSG00000196358","NTNG2",0.07839885530306,1,FALSE,FALSE,FALSE,FALSE,FALSE,TRUE,FALSE
"ENSG00000107331","ABCA2",0.351358081370407,9,FALSE,FALSE,FALSE,FALSE,FALSE,FALSE,TRUE
"ENSG00000176058","TPRN",0.0886284534741992,2,FALSE,FALSE,FALSE,FALSE,FALSE,FALSE,TRUE
"ENSG00000165802","NSMF",0.491280871845467,9,TRUE,FALSE,FALSE,FALSE,FALSE,FALSE,FALSE
"ENSG00000182154","MRPL41",0.381637863257926,9,FALSE,FALSE,FALSE,TRUE,FALSE,FALSE,FALSE
"ENSG00000067064","IDI1",0.370012673875351,9,FALSE,FALSE,FALSE,FALSE,FALSE,FALSE,FALSE
"ENSG00000067057","PFKP",0.508221116785169,9,FALSE,FALSE,FALSE,TRUE,TRUE,TRUE,FALSE
"ENSG00000165629","ATP5F1C",0.414014331752618,9,FALSE,FALSE,FALSE,TRUE,FALSE,FALSE,FALSE
"ENSG00000048740","CELF2",0.455182642860873,9,FALSE,TRUE,FALSE,FALSE,FALSE,TRUE,FALSE
"ENSG00000183049","CAMK1D",0.397480706716251,9,FALSE,TRUE,FALSE,FALSE,FALSE,FALSE,FALSE
"ENSG00000123240","OPTN",0.451945816192551,9,FALSE,FALSE,TRUE,TRUE,FALSE,TRUE,FALSE
"ENSG00000065809","FAM107B",0.103027188681854,3,FALSE,FALSE,FALSE,FALSE,FALSE,FALSE,TRUE
"ENSG00000026025","VIM",0.394336666853728,9,TRUE,FALSE,FALSE,FALSE,FALSE,FALSE,FALSE
"ENSG00000165995","CACNB2",0.175185903544361,6,FALSE,TRUE,TRUE,TRUE,FALSE,FALSE,FALSE
"ENSG00000150867","PIP4K2A",0.265192777435792,8,FALSE,FALSE,FALSE,FALSE,FALSE,FALSE,TRUE
"ENSG00000120549","KIAA1217",0.0837186095211796,1,FALSE,FALSE,FALSE,FALSE,FALSE,TRUE,TRUE
"ENSG00000107863","ARHGAP21",0.422145718322223,9,FALSE,FALSE,FALSE,FALSE,FALSE,FALSE,TRUE
"ENSG00000136750","GAD2",0.225042593767284,7,TRUE,FALSE,FALSE,FALSE,FALSE,FALSE,FALSE
"ENSG00000170759","KIF5B",0.310418927406128,8,FALSE,FALSE,FALSE,FALSE,FALSE,FALSE,TRUE
"ENSG00000170324","FRMPD2",0.112668873814263,3,FALSE,FALSE,TRUE,TRUE,TRUE,FALSE,FALSE
"ENSG00000122873","CISD1",0.360975913532684,9,FALSE,FALSE,FALSE,TRUE,TRUE,FALSE,FALSE
"ENSG00000237949","LINC00844",0.2800756102768,8,TRUE,FALSE,FALSE,FALSE,FALSE,FALSE,TRUE
"ENSG00000165443","PHYHIPL",0.456412256797514,9,FALSE,FALSE,FALSE,FALSE,TRUE,TRUE,FALSE
"ENSG00000151150","ANK3",0.416424338430363,9,FALSE,FALSE,FALSE,FALSE,FALSE,FALSE,TRUE
"ENSG00000138311","ZNF365",0.331490863735221,9,FALSE,TRUE,TRUE,TRUE,FALSE,FALSE,FALSE
"ENSG00000165476","REEP3",0.0803562953820624,1,FALSE,FALSE,FALSE,FALSE,FALSE,FALSE,TRUE
"ENSG00000156515","HK1",0.465060501155884,9,FALSE,FALSE,FALSE,FALSE,TRUE,TRUE,FALSE
"ENSG00000180817","PPA1",0.53189349496864,9,FALSE,FALSE,FALSE,TRUE,TRUE,FALSE,FALSE
"ENSG00000107742","SPOCK2",0.530168025015322,9,FALSE,FALSE,TRUE,TRUE,TRUE,FALSE,FALSE
"ENSG00000148660","CAMK2G",0.460755307564472,9,FALSE,FALSE,FALSE,TRUE,TRUE,TRUE,FALSE
"ENSG00000165637","VDAC2",0.415193501452097,9,FALSE,FALSE,FALSE,TRUE,TRUE,FALSE,FALSE
"ENSG00000165424","ZCCHC24",0.166787332698646,6,FALSE,FALSE,FALSE,FALSE,FALSE,FALSE,TRUE
"ENSG00000173267","SNCG",0.501150205013459,9,FALSE,FALSE,TRUE,TRUE,TRUE,FALSE,FALSE
"ENSG00000148671","ADIRF",0.21718099109746,7,TRUE,FALSE,FALSE,FALSE,FALSE,FALSE,FALSE
"ENSG00000107798","LIPA",0.115788242355444,4,FALSE,FALSE,FALSE,FALSE,FALSE,FALSE,TRUE
"ENSG00000185745","IFIT1",0.146925403459507,5,FALSE,FALSE,FALSE,FALSE,TRUE,FALSE,FALSE
"ENSG00000138207","RBP4",0.13241503804947,4,FALSE,TRUE,TRUE,FALSE,FALSE,FALSE,FALSE
"ENSG00000197430","OPALIN",0.188135230824776,6,FALSE,FALSE,FALSE,FALSE,FALSE,FALSE,TRUE
"ENSG00000187122","SLIT1",0.251915905668758,8,FALSE,FALSE,FALSE,FALSE,TRUE,TRUE,FALSE
"ENSG00000120053","GOT1",0.613092531595214,10,FALSE,FALSE,TRUE,TRUE,TRUE,TRUE,FALSE
"ENSG00000099194","SCD",0.829552836912987,10,FALSE,FALSE,FALSE,FALSE,FALSE,FALSE,TRUE
"ENSG00000198408","OGA",0.447861520947808,9,FALSE,TRUE,FALSE,FALSE,FALSE,FALSE,FALSE
"ENSG00000120049","KCNIP2",0.111332002330177,3,FALSE,TRUE,FALSE,FALSE,FALSE,FALSE,FALSE
"ENSG00000148798","INA",0.518597558295317,9,FALSE,FALSE,TRUE,TRUE,FALSE,FALSE,FALSE
"ENSG00000148700","ADD3",0.320512312534767,8,TRUE,FALSE,FALSE,FALSE,FALSE,FALSE,TRUE
"ENSG00000107518","ATRNL1",0.460767419536335,9,FALSE,TRUE,TRUE,TRUE,FALSE,FALSE,FALSE
"ENSG00000165868","HSPA12A",0.388011247699683,9,FALSE,FALSE,TRUE,TRUE,TRUE,TRUE,FALSE
"ENSG00000187164","SHTN1",0.328410049402773,8,FALSE,FALSE,FALSE,FALSE,FALSE,FALSE,TRUE
"ENSG00000198825","INPP5F",0.526634295108657,9,FALSE,FALSE,FALSE,TRUE,TRUE,FALSE,FALSE
"ENSG00000066468","FGFR2",0.164736413147018,6,FALSE,FALSE,FALSE,FALSE,FALSE,FALSE,TRUE
"ENSG00000154478","GPR26",0.0815511321648625,1,FALSE,TRUE,TRUE,TRUE,FALSE,FALSE,FALSE
"ENSG00000065154","OAT",0.484546599479182,9,FALSE,FALSE,FALSE,TRUE,TRUE,FALSE,FALSE
"ENSG00000107902","LHPP",0.224039267325613,7,FALSE,FALSE,FALSE,FALSE,FALSE,FALSE,TRUE
"ENSG00000148826","NKX6-2",0.109695437232156,3,FALSE,FALSE,FALSE,FALSE,FALSE,FALSE,TRUE
"ENSG00000185201","IFITM2",0.0770167542367897,1,TRUE,FALSE,FALSE,FALSE,FALSE,FALSE,FALSE
"ENSG00000142089","IFITM3",0.283094718985836,8,TRUE,FALSE,FALSE,FALSE,FALSE,FALSE,TRUE
"ENSG00000023191","RNH1",0.161451511368502,6,FALSE,FALSE,FALSE,FALSE,FALSE,FALSE,TRUE
"ENSG00000177156","TALDO1",0.224079127692065,7,FALSE,FALSE,FALSE,FALSE,FALSE,FALSE,TRUE
"ENSG00000177542","SLC25A22",0.302196737648136,8,FALSE,FALSE,FALSE,FALSE,TRUE,TRUE,FALSE
"ENSG00000244242","IFITM10",0.0929595380152653,2,FALSE,FALSE,FALSE,FALSE,TRUE,TRUE,FALSE
"ENSG00000129757","CDKN1C",0.0974394343989946,2,FALSE,FALSE,FALSE,FALSE,FALSE,FALSE,TRUE
"ENSG00000177105","RHOG",0.0615262890813104,1,FALSE,FALSE,FALSE,FALSE,FALSE,FALSE,TRUE
"ENSG00000244734","HBB",0.304264987431815,8,TRUE,FALSE,FALSE,FALSE,FALSE,FALSE,FALSE
"ENSG00000133816","MICAL2",0.276560466611464,8,FALSE,FALSE,FALSE,TRUE,TRUE,TRUE,FALSE
"ENSG00000129159","KCNC1",0.190689813314659,6,FALSE,FALSE,TRUE,TRUE,FALSE,FALSE,FALSE
"ENSG00000165973","NELL1",0.129280824894772,4,FALSE,FALSE,FALSE,TRUE,TRUE,TRUE,FALSE
"ENSG00000134343","ANO3",0.116708263121929,4,FALSE,TRUE,TRUE,FALSE,FALSE,FALSE,FALSE
"ENSG00000049449","RCN1",0.137927541741522,5,TRUE,TRUE,TRUE,FALSE,FALSE,FALSE,FALSE
"ENSG00000110427","KIAA1549L",0.442911729289005,9,FALSE,TRUE,TRUE,FALSE,FALSE,TRUE,FALSE
"ENSG00000166326","TRIM44",0.321606478614545,8,FALSE,FALSE,FALSE,FALSE,TRUE,FALSE,FALSE
"ENSG00000019505","SYT13",0.385050262525941,9,FALSE,FALSE,TRUE,TRUE,FALSE,FALSE,FALSE
"ENSG00000175264","CHST1",0.326243847624175,8,FALSE,TRUE,TRUE,FALSE,FALSE,FALSE,FALSE
"ENSG00000110514","MADD",0.341883646497385,9,FALSE,FALSE,FALSE,FALSE,FALSE,FALSE,FALSE
"ENSG00000172247","C1QTNF4",0.49746126860179,9,FALSE,TRUE,FALSE,FALSE,FALSE,TRUE,FALSE
"ENSG00000211450","SELENOH",0.5148517820422,9,FALSE,FALSE,TRUE,TRUE,TRUE,FALSE,FALSE
"ENSG00000011347","SYT7",0.328559367484445,8,FALSE,FALSE,FALSE,FALSE,FALSE,TRUE,FALSE
"ENSG00000124920","MYRF",0.135133131022714,5,FALSE,FALSE,FALSE,FALSE,FALSE,FALSE,TRUE
"ENSG00000134825","TMEM258",0.311457312342698,8,FALSE,FALSE,FALSE,FALSE,FALSE,FALSE,TRUE
"ENSG00000134824","FADS2",0.219299983538843,7,TRUE,FALSE,FALSE,FALSE,FALSE,FALSE,FALSE
"ENSG00000124942","AHNAK",0.157847558294072,5,TRUE,FALSE,FALSE,FALSE,FALSE,FALSE,FALSE
"ENSG00000176485","PLAAT3",0.211827790766093,7,FALSE,FALSE,FALSE,FALSE,FALSE,FALSE,TRUE
"ENSG00000167770","OTUB1",0.387565983315696,9,FALSE,FALSE,FALSE,TRUE,FALSE,FALSE,FALSE
"ENSG00000110076","NRXN2",0.401727586580407,9,FALSE,FALSE,FALSE,FALSE,FALSE,FALSE,FALSE
"ENSG00000213465","ARL2",0.375482700627888,9,FALSE,FALSE,FALSE,TRUE,FALSE,TRUE,FALSE
"ENSG00000245532","NEAT1",0.251334307721885,8,TRUE,FALSE,FALSE,FALSE,FALSE,FALSE,TRUE
"ENSG00000174996","KLC2",0.29309091134371,8,FALSE,FALSE,TRUE,TRUE,TRUE,FALSE,FALSE
"ENSG00000174871","CNIH2",0.289537329645922,8,FALSE,FALSE,TRUE,FALSE,FALSE,FALSE,FALSE
"ENSG00000179292","TMEM151A",0.198523760102285,7,FALSE,FALSE,FALSE,FALSE,FALSE,FALSE,TRUE
"ENSG00000173898","SPTBN2",0.296726068711331,8,FALSE,TRUE,TRUE,TRUE,FALSE,FALSE,FALSE
"ENSG00000172508","CARNS1",0.147457928984332,5,FALSE,FALSE,FALSE,FALSE,FALSE,FALSE,TRUE
"ENSG00000110717","NDUFS8",0.381496972099154,9,FALSE,FALSE,FALSE,TRUE,FALSE,FALSE,FALSE
"ENSG00000186642","PDE2A",0.366631630873628,9,FALSE,TRUE,FALSE,FALSE,FALSE,FALSE,FALSE
"ENSG00000021300","PLEKHB1",0.522998515942709,9,TRUE,FALSE,FALSE,FALSE,FALSE,FALSE,TRUE
"ENSG00000165434","PGM2L1",0.480986556610093,9,FALSE,FALSE,FALSE,FALSE,TRUE,FALSE,FALSE
"ENSG00000073921","PICALM",0.24421247358233,7,FALSE,FALSE,FALSE,FALSE,FALSE,FALSE,TRUE
"ENSG00000168959","GRM5",0.208761166752022,7,FALSE,TRUE,FALSE,FALSE,FALSE,FALSE,FALSE
"ENSG00000149218","ENDOD1",0.155633390076344,5,FALSE,FALSE,FALSE,FALSE,FALSE,FALSE,TRUE
"ENSG00000152558","TMEM123",0.109475067620015,3,TRUE,FALSE,FALSE,FALSE,FALSE,FALSE,TRUE
"ENSG00000152578","GRIA4",0.28494177875411,8,FALSE,TRUE,TRUE,TRUE,FALSE,FALSE,FALSE
"ENSG00000152402","GUCY1A2",0.213026517845148,7,FALSE,FALSE,FALSE,TRUE,FALSE,FALSE,FALSE
"ENSG00000110675","ELMOD1",0.329241151387633,8,FALSE,TRUE,TRUE,TRUE,FALSE,FALSE,FALSE
"ENSG00000185742","C11orf87",0.379944814249891,9,FALSE,TRUE,TRUE,TRUE,FALSE,FALSE,FALSE
"ENSG00000137710","RDX",0.180813288549662,6,FALSE,FALSE,FALSE,FALSE,FALSE,FALSE,TRUE
"ENSG00000109846","CRYAB",0.831513629827191,10,FALSE,FALSE,FALSE,FALSE,FALSE,FALSE,TRUE
"ENSG00000160584","SIK3",0.225678633568382,7,FALSE,FALSE,FALSE,FALSE,FALSE,FALSE,TRUE
"ENSG00000168092","PAFAH1B2",0.376719149571553,9,FALSE,FALSE,FALSE,FALSE,FALSE,FALSE,FALSE
"ENSG00000186318","BACE1",0.202508007997697,7,FALSE,FALSE,FALSE,FALSE,FALSE,FALSE,TRUE
"ENSG00000177098","SCN4B",0.111554914733294,3,FALSE,FALSE,FALSE,TRUE,FALSE,FALSE,FALSE
"ENSG00000149575","SCN2B",0.2912173549318,8,FALSE,FALSE,FALSE,TRUE,FALSE,FALSE,FALSE
"ENSG00000019144","PHLDB1",0.123655345908522,4,FALSE,FALSE,FALSE,FALSE,FALSE,FALSE,TRUE
"ENSG00000165478","HEPACAM",0.276772727001545,8,TRUE,FALSE,FALSE,FALSE,FALSE,FALSE,TRUE
"ENSG00000182667","NTM",0.401583277775454,9,TRUE,FALSE,FALSE,FALSE,FALSE,FALSE,FALSE
"ENSG00000183715","OPCML",0.337235510738217,9,FALSE,FALSE,FALSE,TRUE,TRUE,FALSE,FALSE
"ENSG00000166086","JAM3",0.127050488773258,4,FALSE,FALSE,FALSE,FALSE,FALSE,FALSE,TRUE
"ENSG00000109956","B3GAT1",0.413018984976384,9,TRUE,TRUE,FALSE,FALSE,FALSE,FALSE,TRUE
"ENSG00000060237","WNK1",0.365569845337531,9,FALSE,FALSE,FALSE,FALSE,FALSE,FALSE,TRUE
"ENSG00000006831","ADIPOR2",0.0925976540623175,2,FALSE,FALSE,FALSE,FALSE,FALSE,FALSE,TRUE
"ENSG00000118971","CCND2",0.39524975563362,9,FALSE,FALSE,FALSE,FALSE,TRUE,TRUE,FALSE
"ENSG00000110799","VWF",0.079582181079581,1,TRUE,FALSE,FALSE,FALSE,FALSE,FALSE,FALSE
"ENSG00000010278","CD9",0.173642755496408,6,FALSE,FALSE,FALSE,FALSE,FALSE,FALSE,TRUE
"ENSG00000139190","VAMP1",0.186099618557085,6,FALSE,FALSE,TRUE,TRUE,TRUE,FALSE,FALSE
"ENSG00000139200","PIANP",0.262877720811001,8,FALSE,TRUE,TRUE,FALSE,FALSE,FALSE,FALSE
"ENSG00000139182","CLSTN3",0.36633392889514,9,FALSE,FALSE,TRUE,TRUE,TRUE,FALSE,FALSE
"ENSG00000059804","SLC2A3",0.243769791709769,7,FALSE,FALSE,FALSE,TRUE,TRUE,FALSE,FALSE
"ENSG00000175899","A2M",0.248680884437413,8,TRUE,FALSE,FALSE,FALSE,FALSE,FALSE,FALSE
"ENSG00000060138","YBX3",0.0508544600418387,1,TRUE,FALSE,FALSE,FALSE,FALSE,FALSE,FALSE
"ENSG00000273079","GRIN2B",0.289129367044179,8,FALSE,TRUE,TRUE,FALSE,FALSE,FALSE,FALSE
"ENSG00000023734","STRAP",0.370434923513927,9,FALSE,FALSE,FALSE,TRUE,FALSE,FALSE,FALSE
"ENSG00000084453","SLCO1A2",0.0845020004740371,1,FALSE,FALSE,FALSE,FALSE,FALSE,FALSE,TRUE
"ENSG00000111726","CMAS",0.324072459268636,8,FALSE,FALSE,FALSE,TRUE,TRUE,TRUE,FALSE
"ENSG00000139116","KIF21A",0.401338086528419,9,FALSE,FALSE,FALSE,TRUE,TRUE,FALSE,FALSE
"ENSG00000151229","SLC2A13",0.289592896936342,8,FALSE,TRUE,TRUE,TRUE,FALSE,FALSE,FALSE
"ENSG00000211584","SLC48A1",0.239009452030194,7,FALSE,FALSE,FALSE,FALSE,FALSE,FALSE,TRUE
"ENSG00000181418","DDN",0.428900447585382,9,TRUE,TRUE,FALSE,FALSE,FALSE,FALSE,FALSE
"ENSG00000066084","DIP2B",0.149311728026377,5,FALSE,FALSE,FALSE,FALSE,FALSE,FALSE,TRUE
"ENSG00000196876","SCN8A",0.328963697796489,8,FALSE,FALSE,TRUE,TRUE,FALSE,FALSE,FALSE
"ENSG00000161835","GRASP",0.208494739650941,7,FALSE,FALSE,FALSE,FALSE,FALSE,TRUE,FALSE
"ENSG00000063046","EIF4B",0.415145039314348,9,FALSE,FALSE,FALSE,FALSE,FALSE,FALSE,FALSE
"ENSG00000167778","SPRYD3",0.490100943056764,9,FALSE,FALSE,FALSE,FALSE,TRUE,TRUE,FALSE
"ENSG00000135447","PPP1R1A",0.157156636601679,5,FALSE,TRUE,FALSE,FALSE,FALSE,TRUE,FALSE
"ENSG00000135426","TESPA1",0.346139912673942,9,FALSE,TRUE,TRUE,TRUE,FALSE,TRUE,FALSE
"ENSG00000065361","ERBB3",0.0746124699778273,1,FALSE,FALSE,FALSE,FALSE,FALSE,FALSE,TRUE
"ENSG00000175203","DCTN2",0.379048180239685,9,FALSE,FALSE,FALSE,TRUE,TRUE,FALSE,FALSE
"ENSG00000198673","TAFA2",0.158876938067825,6,FALSE,TRUE,TRUE,TRUE,TRUE,FALSE,FALSE
"ENSG00000156076","WIF1",0.127898406997168,4,TRUE,TRUE,FALSE,FALSE,FALSE,FALSE,FALSE
"ENSG00000135643","KCNMB4",0.288902490449482,8,FALSE,FALSE,FALSE,FALSE,TRUE,TRUE,TRUE
"ENSG00000072657","TRHDE",0.112071054505225,3,FALSE,FALSE,FALSE,TRUE,TRUE,FALSE,FALSE
"ENSG00000253719","ATXN7L3B",0.375537849985765,9,FALSE,FALSE,FALSE,FALSE,TRUE,FALSE,FALSE
"ENSG00000166006","KCNC2",0.330768016938443,9,FALSE,FALSE,FALSE,TRUE,TRUE,FALSE,FALSE
"ENSG00000139220","PPFIA2",0.344044619876337,9,FALSE,TRUE,FALSE,FALSE,FALSE,FALSE,FALSE
"ENSG00000139318","DUSP6",0.127373809695964,4,FALSE,FALSE,TRUE,TRUE,FALSE,FALSE,FALSE
"ENSG00000011465","DCN",0.101600352302989,3,TRUE,FALSE,FALSE,FALSE,FALSE,FALSE,FALSE
"ENSG00000173598","NUDT4",0.470616181780487,9,FALSE,FALSE,FALSE,FALSE,TRUE,TRUE,FALSE
"ENSG00000177889","UBE2N",0.385109386570565,9,FALSE,FALSE,FALSE,TRUE,TRUE,FALSE,FALSE
"ENSG00000184752","NDUFA12",0.359435203495984,9,FALSE,FALSE,FALSE,TRUE,TRUE,FALSE,FALSE
"ENSG00000185046","ANKS1B",0.44900732422689,9,FALSE,FALSE,FALSE,FALSE,FALSE,FALSE,TRUE
"ENSG00000074590","NUAK1",0.453283624351371,9,FALSE,FALSE,FALSE,TRUE,TRUE,TRUE,FALSE
"ENSG00000136003","ISCU",0.457395218289765,9,FALSE,FALSE,TRUE,TRUE,TRUE,FALSE,FALSE
"ENSG00000139433","GLTP",0.0872110776727503,2,FALSE,FALSE,FALSE,FALSE,FALSE,FALSE,TRUE
"ENSG00000111249","CUX2",0.086693326546878,2,FALSE,TRUE,TRUE,TRUE,FALSE,FALSE,FALSE
"ENSG00000089169","RPH3A",0.459245038652026,9,FALSE,FALSE,FALSE,TRUE,TRUE,TRUE,FALSE
"ENSG00000122966","CIT",0.245337353223288,8,FALSE,TRUE,TRUE,TRUE,FALSE,FALSE,FALSE
"ENSG00000157782","CABP1",0.750814849856049,10,FALSE,FALSE,TRUE,TRUE,FALSE,FALSE,FALSE
"ENSG00000110931","CAMKK2",0.469370944947228,9,FALSE,TRUE,TRUE,TRUE,FALSE,FALSE,FALSE
"ENSG00000130787","HIP1R",0.140193476643452,5,TRUE,FALSE,FALSE,FALSE,FALSE,FALSE,TRUE
"ENSG00000111328","CDK2AP1",0.358027254399484,9,TRUE,FALSE,FALSE,FALSE,FALSE,FALSE,FALSE
"ENSG00000119242","CCDC92",0.371173082595255,9,FALSE,FALSE,FALSE,TRUE,TRUE,FALSE,FALSE
"ENSG00000256193","LINC00507",0.106319597576272,3,FALSE,TRUE,TRUE,FALSE,FALSE,FALSE,FALSE
"ENSG00000180776","ZDHHC20",0.0976898225681308,2,FALSE,FALSE,FALSE,FALSE,FALSE,FALSE,TRUE
"ENSG00000165566","AMER2",0.293928200465796,8,FALSE,FALSE,FALSE,FALSE,FALSE,FALSE,TRUE
"ENSG00000133083","DCLK1",0.756372533657547,10,FALSE,FALSE,FALSE,TRUE,TRUE,FALSE,FALSE
"ENSG00000102760","RGCC",0.234715428197106,7,FALSE,FALSE,FALSE,FALSE,FALSE,FALSE,TRUE
"ENSG00000023516","AKAP11",0.505608901100202,9,FALSE,FALSE,FALSE,FALSE,FALSE,FALSE,FALSE
"ENSG00000151778","SERP2",0.254266659298009,8,FALSE,FALSE,FALSE,TRUE,FALSE,FALSE,FALSE
"ENSG00000123200","ZC3H13",0.218810394047526,7,FALSE,FALSE,FALSE,FALSE,FALSE,FALSE,TRUE
"ENSG00000102468","HTR2A",0.185837459500282,6,FALSE,FALSE,TRUE,TRUE,TRUE,FALSE,FALSE
"ENSG00000136099","PCDH8",0.228812564356738,7,FALSE,TRUE,TRUE,TRUE,FALSE,FALSE,FALSE
"ENSG00000118946","PCDH17",0.179417200589289,6,FALSE,FALSE,FALSE,FALSE,FALSE,TRUE,TRUE
"ENSG00000005810","MYCBP2",0.426269167483833,9,FALSE,FALSE,TRUE,TRUE,FALSE,FALSE,FALSE
"ENSG00000139737","SLAIN1",0.198972029104291,7,FALSE,FALSE,FALSE,FALSE,FALSE,FALSE,TRUE
"ENSG00000102471","NDFIP2",0.45257806706078,9,FALSE,FALSE,FALSE,FALSE,FALSE,TRUE,FALSE
"ENSG00000185352","HS6ST3",0.195927560482164,7,FALSE,TRUE,TRUE,TRUE,FALSE,FALSE,FALSE
"ENSG00000065150","IPO5",0.298477514859723,8,FALSE,TRUE,TRUE,FALSE,FALSE,FALSE,FALSE
"ENSG00000125247","TMTC4",0.0567269384880525,1,FALSE,FALSE,FALSE,FALSE,TRUE,FALSE,TRUE
"ENSG00000134884","ARGLU1",0.302617009694807,8,FALSE,FALSE,FALSE,FALSE,FALSE,FALSE,TRUE
"ENSG00000185896","LAMP1",0.368036214376076,9,FALSE,FALSE,FALSE,FALSE,FALSE,FALSE,TRUE
"ENSG00000129538","RNASE1",0.327467965979553,8,TRUE,FALSE,FALSE,FALSE,FALSE,FALSE,TRUE
"ENSG00000100804","PSMB5",0.345549525280498,9,FALSE,FALSE,FALSE,TRUE,FALSE,FALSE,FALSE
"ENSG00000129473","BCL2L2",0.307513916740129,8,FALSE,FALSE,FALSE,TRUE,FALSE,FALSE,FALSE
"ENSG00000166091","CMTM5",0.0737608595602314,1,FALSE,FALSE,FALSE,FALSE,FALSE,FALSE,TRUE
"ENSG00000168952","STXBP6",0.163640124046797,6,FALSE,TRUE,FALSE,FALSE,FALSE,FALSE,FALSE
"ENSG00000176165","FOXG1",0.26781100458703,8,FALSE,FALSE,FALSE,FALSE,FALSE,FALSE,FALSE
"ENSG00000165410","CFL2",0.196473580604084,7,FALSE,FALSE,FALSE,FALSE,FALSE,FALSE,TRUE
"ENSG00000012983","MAP4K5",0.0798942297081379,1,FALSE,FALSE,FALSE,FALSE,FALSE,FALSE,TRUE
"ENSG00000198513","ATL1",0.47273134205302,9,FALSE,FALSE,TRUE,TRUE,FALSE,TRUE,FALSE
"ENSG00000186469","GNG2",0.309946810117183,8,FALSE,TRUE,FALSE,FALSE,FALSE,TRUE,FALSE
"ENSG00000126777","KTN1",0.265989571521726,8,TRUE,FALSE,FALSE,FALSE,FALSE,FALSE,TRUE
"ENSG00000139973","SYT16",0.244282161742968,7,FALSE,TRUE,TRUE,FALSE,FALSE,FALSE,FALSE
"ENSG00000179841","AKAP5",0.127852771557386,4,FALSE,TRUE,TRUE,FALSE,FALSE,FALSE,FALSE
"ENSG00000126803","HSPA2",0.190606513224221,6,FALSE,FALSE,FALSE,FALSE,FALSE,FALSE,TRUE
"ENSG00000126822","PLEKHG3",0.0557962202416759,1,FALSE,FALSE,FALSE,FALSE,FALSE,FALSE,TRUE
"ENSG00000100554","ATP6V1D",0.398513042557654,9,FALSE,FALSE,FALSE,TRUE,FALSE,FALSE,FALSE
"ENSG00000054690","PLEKHH1",0.115332993223251,4,FALSE,FALSE,FALSE,FALSE,FALSE,FALSE,TRUE
"ENSG00000185650","ZFP36L1",0.180805001263107,6,TRUE,FALSE,FALSE,FALSE,FALSE,FALSE,TRUE
"ENSG00000080815","PSEN1",0.119203156053638,4,FALSE,FALSE,FALSE,FALSE,FALSE,FALSE,TRUE
"ENSG00000176903","PNMA1",0.514247668260549,9,FALSE,TRUE,TRUE,FALSE,TRUE,FALSE,FALSE
"ENSG00000119711","ALDH6A1",0.237780215761312,7,TRUE,FALSE,FALSE,FALSE,FALSE,FALSE,FALSE
"ENSG00000100596","SPTLC2",0.0941568744290292,2,FALSE,FALSE,FALSE,FALSE,FALSE,FALSE,TRUE
"ENSG00000119705","SLIRP",0.485901443304081,9,FALSE,FALSE,FALSE,TRUE,FALSE,FALSE,FALSE
"ENSG00000021645","NRXN3",0.367114391252046,9,FALSE,TRUE,TRUE,TRUE,FALSE,FALSE,FALSE
"ENSG00000185070","FLRT2",0.195614285246454,7,FALSE,TRUE,TRUE,TRUE,FALSE,FALSE,FALSE
"ENSG00000100604","CHGA",0.629404148826518,10,FALSE,FALSE,TRUE,TRUE,TRUE,FALSE,FALSE
"ENSG00000100605","ITPK1",0.394999040527347,9,FALSE,FALSE,FALSE,FALSE,TRUE,FALSE,FALSE
"ENSG00000165949","IFI27",0.137889399366888,5,TRUE,FALSE,FALSE,FALSE,FALSE,FALSE,FALSE
"ENSG00000119698","PPP4R4",0.114269017507923,3,FALSE,TRUE,TRUE,FALSE,FALSE,FALSE,FALSE
"ENSG00000227051","C14orf132",0.288966557679183,8,TRUE,TRUE,TRUE,TRUE,FALSE,FALSE,FALSE
"ENSG00000036530","CYP46A1",0.337470164536194,9,FALSE,TRUE,TRUE,FALSE,FALSE,FALSE,FALSE
"ENSG00000196405","EVL",0.518964799341313,9,FALSE,FALSE,FALSE,FALSE,TRUE,TRUE,FALSE
"ENSG00000203485","INF2",0.256048587597293,8,FALSE,FALSE,FALSE,FALSE,FALSE,FALSE,TRUE
"ENSG00000179364","PACS2",0.189094637204798,6,FALSE,FALSE,FALSE,FALSE,FALSE,FALSE,TRUE
"ENSG00000182809","CRIP2",0.46049710867115,9,FALSE,TRUE,TRUE,FALSE,FALSE,FALSE,FALSE
"ENSG00000166206","GABRB3",0.387317195102879,9,FALSE,TRUE,TRUE,FALSE,FALSE,TRUE,FALSE
"ENSG00000186297","GABRA5",0.22873858622286,7,FALSE,FALSE,FALSE,FALSE,TRUE,TRUE,FALSE
"ENSG00000034053","APBA2",0.396311677754537,9,FALSE,FALSE,FALSE,TRUE,TRUE,FALSE,FALSE
"ENSG00000104067","TJP1",0.175962303539797,6,TRUE,FALSE,FALSE,FALSE,FALSE,FALSE,TRUE
"ENSG00000166912","MTMR10",0.0967497600855813,2,TRUE,FALSE,FALSE,FALSE,FALSE,FALSE,TRUE
"ENSG00000176454","LPCAT4",0.235698980504575,7,FALSE,FALSE,TRUE,TRUE,TRUE,FALSE,FALSE
"ENSG00000215252","GOLGA8B",0.128059455892883,4,FALSE,FALSE,FALSE,FALSE,FALSE,FALSE,FALSE
"ENSG00000172575","RASGRP1",0.136610711492334,5,FALSE,FALSE,FALSE,FALSE,FALSE,TRUE,FALSE
"ENSG00000137825","ITPKA",0.246581011084609,8,FALSE,TRUE,TRUE,FALSE,FALSE,FALSE,FALSE
"ENSG00000092445","TYRO3",0.299991504550025,8,FALSE,TRUE,FALSE,FALSE,FALSE,FALSE,FALSE
"ENSG00000092529","CAPN3",0.0952018704904829,2,FALSE,FALSE,FALSE,FALSE,FALSE,FALSE,TRUE
"ENSG00000171766","GATM",0.321506472427382,8,TRUE,FALSE,FALSE,FALSE,FALSE,FALSE,TRUE
"ENSG00000138593","SECISBP2L",0.311818974574245,8,FALSE,FALSE,FALSE,FALSE,FALSE,FALSE,TRUE
"ENSG00000186417","GLDN",0.0637073822586706,1,FALSE,FALSE,FALSE,FALSE,FALSE,FALSE,TRUE
"ENSG00000171914","TLN2",0.248214805722896,8,FALSE,FALSE,FALSE,FALSE,TRUE,FALSE,FALSE
"ENSG00000140416","TPM1",0.274144909802051,8,TRUE,FALSE,FALSE,FALSE,FALSE,FALSE,FALSE
"ENSG00000103769","RAB11A",0.414553499026449,9,FALSE,FALSE,TRUE,TRUE,TRUE,FALSE,FALSE
"ENSG00000169032","MAP2K1",0.470630630092681,9,FALSE,TRUE,FALSE,FALSE,TRUE,TRUE,FALSE
"ENSG00000103647","CORO2B",0.284154316925595,8,FALSE,FALSE,FALSE,FALSE,FALSE,FALSE,FALSE
"ENSG00000166173","LARP6",0.227098426115619,7,FALSE,FALSE,FALSE,FALSE,FALSE,FALSE,TRUE
"ENSG00000117906","RCN2",0.426508533553738,9,FALSE,FALSE,FALSE,FALSE,FALSE,TRUE,FALSE
"ENSG00000169783","LINGO1",0.457451161960385,9,FALSE,FALSE,TRUE,TRUE,FALSE,TRUE,FALSE
"ENSG00000140403","DNAJA4",0.247089137545383,8,FALSE,FALSE,FALSE,FALSE,FALSE,FALSE,FALSE
"ENSG00000103811","CTSH",0.11623417381082,4,TRUE,FALSE,FALSE,FALSE,FALSE,FALSE,TRUE
"ENSG00000058335","RASGRF1",0.308147842768805,8,FALSE,TRUE,TRUE,TRUE,TRUE,FALSE,FALSE
"ENSG00000172379","ARNT2",0.461433081649084,9,TRUE,TRUE,TRUE,FALSE,FALSE,FALSE,FALSE
"ENSG00000166503","HDGFL3",0.392343481293567,9,FALSE,FALSE,FALSE,FALSE,TRUE,FALSE,FALSE
"ENSG00000140600","SH3GL3",0.216919319523605,7,FALSE,FALSE,FALSE,FALSE,FALSE,FALSE,TRUE
"ENSG00000073417","PDE8A",0.0652025686463648,1,FALSE,FALSE,FALSE,FALSE,FALSE,FALSE,TRUE
"ENSG00000140545","MFGE8",0.138275806372634,5,TRUE,FALSE,TRUE,TRUE,FALSE,FALSE,FALSE
"ENSG00000184277","TM2D3",0.273798537006318,8,FALSE,FALSE,FALSE,FALSE,FALSE,FALSE,FALSE
"ENSG00000188536","HBA2",0.332556501806153,9,TRUE,FALSE,FALSE,FALSE,FALSE,FALSE,FALSE
"ENSG00000206172","HBA1",0.201097080831566,7,TRUE,FALSE,FALSE,FALSE,FALSE,FALSE,FALSE
"ENSG00000130731","METTL26",0.338353141335096,9,FALSE,FALSE,FALSE,FALSE,FALSE,FALSE,FALSE
"ENSG00000103266","STUB1",0.420099613692563,9,FALSE,FALSE,FALSE,TRUE,FALSE,FALSE,FALSE
"ENSG00000103260","METRN",0.467992880099163,9,TRUE,FALSE,FALSE,FALSE,FALSE,FALSE,TRUE
"ENSG00000103254","ANTKMT",0.225708868383426,7,FALSE,FALSE,FALSE,FALSE,FALSE,FALSE,FALSE
"ENSG00000005513","SOX8",0.140793450328409,5,FALSE,FALSE,FALSE,FALSE,FALSE,FALSE,TRUE
"ENSG00000007516","BAIAP3",0.273160614226902,8,FALSE,TRUE,TRUE,FALSE,FALSE,FALSE,FALSE
"ENSG00000138834","MAPK8IP3",0.428415903153352,9,FALSE,FALSE,FALSE,FALSE,FALSE,FALSE,FALSE
"ENSG00000063854","HAGH",0.298498952075232,8,FALSE,FALSE,FALSE,FALSE,FALSE,FALSE,FALSE
"ENSG00000140990","NDUFB10",0.442949028401778,9,FALSE,FALSE,FALSE,TRUE,TRUE,FALSE,FALSE
"ENSG00000127561","SYNGR3",0.467212682143648,9,FALSE,FALSE,TRUE,TRUE,TRUE,TRUE,FALSE
"ENSG00000184207","PGP",0.254672937058315,8,FALSE,FALSE,TRUE,TRUE,FALSE,FALSE,FALSE
"ENSG00000162073","PAQR4",0.101949354296281,3,FALSE,FALSE,FALSE,FALSE,FALSE,FALSE,TRUE
"ENSG00000103145","HCFC1R1",0.394050884266698,9,FALSE,FALSE,FALSE,TRUE,TRUE,FALSE,FALSE
"ENSG00000103415","HMOX2",0.227153113882514,7,FALSE,FALSE,FALSE,TRUE,TRUE,FALSE,FALSE
"ENSG00000089486","CDIP1",0.44779284940502,9,FALSE,FALSE,FALSE,TRUE,FALSE,TRUE,FALSE
"ENSG00000183044","ABAT",0.386522245694162,9,TRUE,FALSE,FALSE,FALSE,TRUE,FALSE,FALSE
"ENSG00000183454","GRIN2A",0.502049178289575,9,FALSE,TRUE,TRUE,TRUE,FALSE,FALSE,FALSE
"ENSG00000189067","LITAF",0.0820712476104053,1,FALSE,FALSE,FALSE,FALSE,FALSE,FALSE,TRUE
"ENSG00000184602","SNN",0.437236362778455,9,FALSE,TRUE,TRUE,TRUE,FALSE,FALSE,FALSE
"ENSG00000186260","MRTFB",0.46082663899011,9,FALSE,TRUE,TRUE,FALSE,FALSE,TRUE,FALSE
"ENSG00000103540","CCP110",0.139342873322446,5,FALSE,FALSE,FALSE,FALSE,FALSE,FALSE,TRUE
"ENSG00000167191","GPRC5B",0.570728336896541,10,TRUE,FALSE,FALSE,FALSE,FALSE,FALSE,TRUE
"ENSG00000103316","CRYM",0.407065361029677,9,FALSE,FALSE,TRUE,TRUE,TRUE,FALSE,FALSE
"ENSG00000140740","UQCRC2",0.44407098956803,9,FALSE,FALSE,FALSE,TRUE,FALSE,FALSE,FALSE
"ENSG00000122254","HS3ST2",0.0853349592645457,2,FALSE,FALSE,FALSE,FALSE,TRUE,TRUE,TRUE
"ENSG00000004779","NDUFAB1",0.506027577242057,9,FALSE,FALSE,FALSE,TRUE,TRUE,FALSE,FALSE
"ENSG00000006116","CACNG3",0.291616776008001,8,FALSE,TRUE,TRUE,FALSE,FALSE,TRUE,FALSE
"ENSG00000182601","HS3ST4",0.0698114515095387,1,FALSE,FALSE,FALSE,FALSE,TRUE,TRUE,TRUE
"ENSG00000167371","PRRT2",0.38364635061677,9,FALSE,TRUE,TRUE,FALSE,FALSE,TRUE,FALSE
"ENSG00000149927","DOC2A",0.357417712085256,9,FALSE,TRUE,TRUE,FALSE,FALSE,TRUE,FALSE
"ENSG00000099365","STX1B",0.504378997251441,9,FALSE,FALSE,TRUE,TRUE,TRUE,TRUE,FALSE
"ENSG00000069329","VPS35",0.453410608849511,9,FALSE,FALSE,TRUE,TRUE,TRUE,FALSE,FALSE
"ENSG00000129636","ITFG1",0.509666318275493,9,FALSE,FALSE,FALSE,FALSE,TRUE,TRUE,FALSE
"ENSG00000205364","MT1M",0.362460777705871,9,TRUE,FALSE,FALSE,FALSE,FALSE,FALSE,FALSE
"ENSG00000125144","MT1G",0.321637078927745,8,TRUE,FALSE,FALSE,FALSE,FALSE,FALSE,FALSE
"ENSG00000102934","PLLP",0.190222569520692,6,FALSE,FALSE,FALSE,FALSE,FALSE,FALSE,TRUE
"ENSG00000006210","CX3CL1",0.28818659170849,8,FALSE,TRUE,FALSE,FALSE,FALSE,TRUE,FALSE
"ENSG00000150394","CDH8",0.145067252494327,5,FALSE,TRUE,TRUE,TRUE,TRUE,FALSE,FALSE
"ENSG00000135720","DYNC1LI2",0.374801523970504,9,FALSE,FALSE,FALSE,FALSE,FALSE,FALSE,TRUE
"ENSG00000159713","TPPP3",0.147601488209814,5,TRUE,FALSE,FALSE,FALSE,FALSE,FALSE,TRUE
"ENSG00000090861","AARS",0.382975753799024,9,FALSE,FALSE,FALSE,TRUE,TRUE,FALSE,FALSE
"ENSG00000172137","CALB2",0.0721060829055801,1,TRUE,TRUE,TRUE,FALSE,FALSE,FALSE,FALSE
"ENSG00000103089","FA2H",0.0768922009856194,1,FALSE,FALSE,FALSE,FALSE,FALSE,FALSE,TRUE
"ENSG00000152910","CNTNAP4",0.129589622304283,4,FALSE,FALSE,FALSE,FALSE,FALSE,FALSE,TRUE
"ENSG00000171724","VAT1L",0.0954167072927041,2,FALSE,FALSE,FALSE,FALSE,TRUE,FALSE,FALSE
"ENSG00000140945","CDH13",0.250044854867669,8,FALSE,TRUE,TRUE,TRUE,FALSE,FALSE,FALSE
"ENSG00000103154","NECAB2",0.1297036323089,4,TRUE,TRUE,FALSE,FALSE,FALSE,FALSE,FALSE
"ENSG00000135709","KIAA0513",0.420053595136352,9,FALSE,FALSE,FALSE,FALSE,FALSE,TRUE,FALSE
"ENSG00000258947","TUBB3",0.707577545248257,10,FALSE,FALSE,TRUE,TRUE,TRUE,TRUE,FALSE
"ENSG00000003249","DBNDD1",0.193507258529286,7,FALSE,TRUE,TRUE,TRUE,FALSE,FALSE,FALSE
"ENSG00000132359","RAP1GAP2",0.195041070081255,7,FALSE,FALSE,FALSE,FALSE,TRUE,TRUE,TRUE
"ENSG00000004660","CAMKK1",0.339749675690915,9,FALSE,TRUE,TRUE,FALSE,FALSE,FALSE,FALSE
"ENSG00000108528","SLC25A11",0.27790107208251,8,FALSE,FALSE,TRUE,TRUE,TRUE,FALSE,FALSE
"ENSG00000108518","PFN1",0.456094779233716,9,TRUE,FALSE,FALSE,FALSE,FALSE,FALSE,TRUE
"ENSG00000129250","KIF1C",0.105957492811366,3,FALSE,FALSE,FALSE,FALSE,FALSE,FALSE,TRUE
"ENSG00000132535","DLG4",0.306109072853522,8,FALSE,FALSE,FALSE,FALSE,FALSE,FALSE,FALSE
"ENSG00000170043","TRAPPC1",0.261997690925096,8,FALSE,FALSE,FALSE,TRUE,TRUE,FALSE,FALSE
"ENSG00000133026","MYH10",0.288244165759585,8,FALSE,FALSE,TRUE,FALSE,FALSE,FALSE,FALSE
"ENSG00000065559","MAP2K4",0.327657522559521,8,FALSE,FALSE,FALSE,TRUE,TRUE,TRUE,FALSE
"ENSG00000109099","PMP22",0.246154419342013,8,FALSE,FALSE,FALSE,FALSE,FALSE,FALSE,TRUE
"ENSG00000141027","NCOR1",0.248823014380315,8,FALSE,FALSE,FALSE,FALSE,FALSE,FALSE,FALSE
"ENSG00000108551","RASD1",0.36458531908198,9,FALSE,FALSE,FALSE,FALSE,FALSE,FALSE,FALSE
"ENSG00000072310","SREBF1",0.122461258196316,4,FALSE,FALSE,FALSE,FALSE,FALSE,FALSE,TRUE
"ENSG00000273018","FAM106A",0.0966602414564323,2,FALSE,TRUE,FALSE,FALSE,FALSE,FALSE,FALSE
"ENSG00000109046","WSB1",0.219355977259304,7,FALSE,FALSE,FALSE,FALSE,FALSE,FALSE,TRUE
"ENSG00000087095","NLK",0.326713985644192,8,FALSE,TRUE,TRUE,TRUE,FALSE,FALSE,FALSE
"ENSG00000126861","OMG",0.290916248643183,8,FALSE,FALSE,FALSE,FALSE,FALSE,FALSE,TRUE
"ENSG00000126860","EVI2A",0.124085046493092,4,FALSE,FALSE,FALSE,FALSE,FALSE,FALSE,TRUE
"ENSG00000172301","COPRS",0.385695688280838,9,FALSE,FALSE,TRUE,TRUE,TRUE,FALSE,FALSE
"ENSG00000006125","AP2B1",0.427659123811266,9,FALSE,FALSE,FALSE,FALSE,FALSE,FALSE,FALSE
"ENSG00000275832","ARHGAP23",0.147681446775922,5,FALSE,FALSE,FALSE,FALSE,FALSE,FALSE,TRUE
"ENSG00000277363","SRCIN1",0.216526866676737,7,FALSE,FALSE,FALSE,FALSE,FALSE,FALSE,TRUE
"ENSG00000276293","PIP4K2B",0.443831176052341,9,FALSE,FALSE,FALSE,FALSE,FALSE,FALSE,FALSE
"ENSG00000141750","STAC2",0.113765193486895,3,FALSE,FALSE,FALSE,TRUE,TRUE,FALSE,FALSE
"ENSG00000171532","NEUROD2",0.255769826565159,8,FALSE,FALSE,FALSE,FALSE,TRUE,TRUE,FALSE
"ENSG00000141753","IGFBP4",0.0666512441887224,1,TRUE,TRUE,FALSE,FALSE,FALSE,FALSE,FALSE
"ENSG00000128422","KRT17",0.0820072910848015,1,FALSE,FALSE,FALSE,FALSE,FALSE,TRUE,TRUE
"ENSG00000173786","CNP",0.710318627477642,10,FALSE,FALSE,FALSE,FALSE,FALSE,FALSE,TRUE
"ENSG00000108797","CNTNAP1",0.36799605467364,9,FALSE,FALSE,TRUE,TRUE,TRUE,TRUE,FALSE
"ENSG00000108861","DUSP3",0.34019028358127,9,FALSE,FALSE,TRUE,TRUE,TRUE,TRUE,FALSE
"ENSG00000087152","ATXN7L3",0.280303190057182,8,FALSE,FALSE,FALSE,TRUE,TRUE,FALSE,FALSE
"ENSG00000131095","GFAP",1.58644926423371,10,TRUE,FALSE,FALSE,FALSE,FALSE,FALSE,TRUE
"ENSG00000082641","NFE2L1",0.339545060191169,9,FALSE,FALSE,FALSE,TRUE,TRUE,FALSE,FALSE
"ENSG00000159199","ATP5MC1",0.473392299625858,9,FALSE,FALSE,FALSE,TRUE,TRUE,FALSE,FALSE
"ENSG00000154945","ANKRD40",0.207955975347795,7,FALSE,FALSE,FALSE,FALSE,FALSE,FALSE,TRUE
"ENSG00000108848","LUC7L3",0.307114377315524,8,TRUE,FALSE,FALSE,FALSE,FALSE,FALSE,TRUE
"ENSG00000239672","NME1",0.300752667950115,8,FALSE,FALSE,FALSE,TRUE,FALSE,FALSE,FALSE
"ENSG00000154975","CA10",0.23060654805992,7,FALSE,TRUE,TRUE,TRUE,FALSE,FALSE,FALSE
"ENSG00000108924","HLF",0.407812657634429,9,FALSE,TRUE,TRUE,FALSE,FALSE,TRUE,FALSE
"ENSG00000108960","MMD",0.191916977536164,6,FALSE,FALSE,FALSE,FALSE,FALSE,TRUE,TRUE
"ENSG00000108387","SEPTIN4",0.428171493660672,9,FALSE,FALSE,FALSE,FALSE,FALSE,FALSE,TRUE
"ENSG00000108395","TRIM37",0.395217892568412,9,FALSE,FALSE,FALSE,TRUE,TRUE,FALSE,FALSE
"ENSG00000266402","SNHG25",0.231248628977365,7,TRUE,FALSE,FALSE,FALSE,FALSE,FALSE,TRUE
"ENSG00000154229","PRKCA",0.401769275253882,9,TRUE,TRUE,FALSE,FALSE,FALSE,FALSE,FALSE
"ENSG00000180616","SSTR2",0.12803077232592,4,FALSE,FALSE,FALSE,FALSE,TRUE,TRUE,TRUE
"ENSG00000141540","TTYH2",0.15587001312753,5,FALSE,FALSE,FALSE,FALSE,FALSE,FALSE,TRUE
"ENSG00000167863","ATP5PD",0.48787652128973,9,FALSE,FALSE,FALSE,TRUE,FALSE,FALSE,FALSE
"ENSG00000189159","JPT1",0.26304633913401,8,FALSE,FALSE,TRUE,TRUE,FALSE,FALSE,FALSE
"ENSG00000177885","GRB2",0.301408119126533,8,FALSE,FALSE,FALSE,FALSE,FALSE,FALSE,FALSE
"ENSG00000167889","MGAT5B",0.172278568057178,6,FALSE,TRUE,TRUE,TRUE,FALSE,FALSE,FALSE
"ENSG00000078687","TNRC6C",0.144034065578414,5,FALSE,FALSE,FALSE,FALSE,FALSE,FALSE,FALSE
"ENSG00000108639","SYNGR2",0.067760288217519,1,FALSE,FALSE,FALSE,FALSE,FALSE,FALSE,TRUE
"ENSG00000108669","CYTH1",0.13908042411666,5,FALSE,FALSE,FALSE,FALSE,FALSE,FALSE,TRUE
"ENSG00000108679","LGALS3BP",0.0858000307243861,2,TRUE,FALSE,FALSE,FALSE,FALSE,FALSE,TRUE
"ENSG00000167281","RBFOX3",0.314201171454466,8,FALSE,TRUE,TRUE,FALSE,FALSE,TRUE,FALSE
"ENSG00000171246","NPTX1",0.817031250186075,10,FALSE,FALSE,FALSE,FALSE,FALSE,TRUE,TRUE
"ENSG00000175866","BAIAP2",0.415024323603336,9,FALSE,TRUE,FALSE,FALSE,FALSE,TRUE,FALSE
"ENSG00000181409","AATK",0.307518765495305,8,FALSE,FALSE,FALSE,FALSE,FALSE,FALSE,TRUE
"ENSG00000141522","ARHGDIA",0.414957511057338,9,FALSE,FALSE,FALSE,FALSE,FALSE,TRUE,FALSE
"ENSG00000169710","FASN",0.375091517041431,9,FALSE,FALSE,FALSE,FALSE,FALSE,FALSE,FALSE
"ENSG00000141433","ADCYAP1",0.0798064818469772,1,FALSE,TRUE,TRUE,TRUE,FALSE,FALSE,FALSE
"ENSG00000118680","MYL12B",0.474763779290449,9,FALSE,FALSE,FALSE,TRUE,FALSE,FALSE,FALSE
"ENSG00000170579","DLGAP1",0.50522175378882,9,FALSE,TRUE,TRUE,TRUE,FALSE,TRUE,FALSE
"ENSG00000082397","EPB41L3",0.393980429985248,9,FALSE,FALSE,TRUE,TRUE,TRUE,FALSE,FALSE
"ENSG00000178127","NDUFV2",0.378121061157669,9,FALSE,FALSE,FALSE,TRUE,TRUE,FALSE,FALSE
"ENSG00000101745","ANKRD12",0.383988762226563,9,TRUE,FALSE,FALSE,FALSE,FALSE,FALSE,FALSE
"ENSG00000141404","GNAL",0.135948465373509,5,FALSE,TRUE,FALSE,FALSE,FALSE,FALSE,FALSE
"ENSG00000141458","NPC1",0.0815892857356702,1,FALSE,FALSE,FALSE,FALSE,FALSE,FALSE,TRUE
"ENSG00000141447","OSBPL1A",0.311535816913207,8,FALSE,FALSE,FALSE,TRUE,FALSE,FALSE,FALSE
"ENSG00000134504","KCTD1",0.187998926603262,6,FALSE,TRUE,TRUE,FALSE,FALSE,TRUE,FALSE
"ENSG00000171885","AQP4",0.775156520826487,10,TRUE,FALSE,FALSE,FALSE,FALSE,FALSE,TRUE
"ENSG00000134769","DTNA",0.409307681668569,9,TRUE,FALSE,FALSE,FALSE,FALSE,FALSE,FALSE
"ENSG00000101489","CELF4",0.527986268981875,9,FALSE,FALSE,FALSE,FALSE,TRUE,TRUE,FALSE
"ENSG00000177511","ST8SIA3",0.358331268355589,9,FALSE,TRUE,TRUE,FALSE,FALSE,TRUE,FALSE
"ENSG00000081913","PHLPP1",0.131263637059582,4,FALSE,FALSE,FALSE,FALSE,FALSE,FALSE,TRUE
"ENSG00000141668","CBLN2",0.206367267092066,7,FALSE,TRUE,TRUE,TRUE,FALSE,FALSE,FALSE
"ENSG00000150656","CNDP1",0.15065011881558,5,FALSE,FALSE,FALSE,FALSE,FALSE,FALSE,TRUE
"ENSG00000197971","MBP",2.25049128889332,10,FALSE,FALSE,FALSE,FALSE,FALSE,FALSE,TRUE
"ENSG00000099864","PALM",0.32960616803198,8,TRUE,FALSE,FALSE,FALSE,FALSE,FALSE,FALSE
"ENSG00000099817","POLR2E",0.349366626640411,9,FALSE,FALSE,FALSE,TRUE,FALSE,FALSE,FALSE
"ENSG00000167470","MIDN",0.106363929353182,3,FALSE,FALSE,FALSE,FALSE,FALSE,FALSE,FALSE
"ENSG00000115286","NDUFS7",0.402536648486987,9,FALSE,FALSE,FALSE,FALSE,FALSE,FALSE,TRUE
"ENSG00000130005","GAMT",0.192135624837928,7,FALSE,FALSE,FALSE,FALSE,FALSE,FALSE,TRUE
"ENSG00000176490","DIRAS1",0.33032830629377,9,FALSE,FALSE,TRUE,TRUE,TRUE,FALSE,FALSE
"ENSG00000161082","CELF5",0.273882539762921,8,FALSE,TRUE,FALSE,FALSE,FALSE,FALSE,FALSE
"ENSG00000129932","DOHH",0.0970267915849221,2,FALSE,FALSE,FALSE,FALSE,FALSE,FALSE,TRUE
"ENSG00000167654","ATCAY",0.396102438870136,9,FALSE,FALSE,TRUE,FALSE,FALSE,FALSE,FALSE
"ENSG00000178951","ZBTB7A",0.34604908451515,9,FALSE,FALSE,FALSE,FALSE,FALSE,FALSE,FALSE
"ENSG00000126934","MAP2K2",0.363009602469502,9,FALSE,FALSE,FALSE,TRUE,TRUE,FALSE,FALSE
"ENSG00000105255","FSD1",0.147993453124006,5,FALSE,FALSE,FALSE,TRUE,TRUE,FALSE,FALSE
"ENSG00000174917","MICOS13",0.422399237670926,9,FALSE,FALSE,FALSE,TRUE,FALSE,FALSE,FALSE
"ENSG00000181029","TRAPPC5",0.484885136031302,9,FALSE,FALSE,FALSE,FALSE,FALSE,FALSE,FALSE
"ENSG00000260001","TGFBR3L",0.221171806451932,7,FALSE,TRUE,TRUE,FALSE,FALSE,FALSE,FALSE
"ENSG00000105376","ICAM5",0.191634603002545,6,FALSE,TRUE,FALSE,FALSE,FALSE,FALSE,FALSE
"ENSG00000267673","FDX2",0.192711027931659,7,FALSE,FALSE,FALSE,TRUE,TRUE,FALSE,FALSE
"ENSG00000105401","CDC37",0.316763469251233,8,FALSE,FALSE,FALSE,TRUE,TRUE,FALSE,FALSE
"ENSG00000129355","CDKN2D",0.377210790312315,9,FALSE,FALSE,FALSE,TRUE,FALSE,FALSE,FALSE
"ENSG00000079805","DNM2",0.0865510523241273,2,FALSE,FALSE,FALSE,FALSE,FALSE,FALSE,TRUE
"ENSG00000130175","PRKCSH",0.19452069746459,7,FALSE,FALSE,FALSE,FALSE,FALSE,FALSE,TRUE
"ENSG00000196361","ELAVL3",0.445939007090419,9,FALSE,FALSE,FALSE,FALSE,FALSE,FALSE,TRUE
"ENSG00000179271","GADD45GIP1",0.382216308300545,9,FALSE,FALSE,FALSE,TRUE,FALSE,FALSE,FALSE
"ENSG00000141837","CACNA1A",0.233568104990507,7,FALSE,TRUE,TRUE,TRUE,TRUE,FALSE,FALSE
"ENSG00000072071","ADGRL1",0.346716422955616,9,FALSE,FALSE,FALSE,FALSE,FALSE,FALSE,FALSE
"ENSG00000141867","BRD4",0.208680232076599,7,FALSE,FALSE,FALSE,FALSE,FALSE,FALSE,FALSE
"ENSG00000130304","SLC27A1",0.0937314328874148,2,FALSE,FALSE,FALSE,FALSE,FALSE,FALSE,TRUE
"ENSG00000130477","UNC13A",0.395692872290121,9,FALSE,TRUE,TRUE,FALSE,FALSE,TRUE,FALSE
"ENSG00000130479","MAP1S",0.208145820716571,7,FALSE,FALSE,TRUE,FALSE,FALSE,FALSE,FALSE
"ENSG00000006016","CRLF1",0.104384977085285,3,TRUE,TRUE,FALSE,FALSE,FALSE,FALSE,FALSE
"ENSG00000006015","REX1BD",0.299229515347954,8,FALSE,FALSE,FALSE,TRUE,TRUE,FALSE,FALSE
"ENSG00000187664","HAPLN4",0.2476195920954,8,FALSE,TRUE,TRUE,TRUE,FALSE,FALSE,FALSE
"ENSG00000250067","YJEFN3",0.268720892364145,8,FALSE,TRUE,TRUE,FALSE,FALSE,FALSE,FALSE
"ENSG00000169021","UQCRFS1",0.468111951244165,9,FALSE,FALSE,TRUE,TRUE,TRUE,FALSE,FALSE
"ENSG00000105711","SCN1B",0.448514380883498,9,FALSE,FALSE,TRUE,TRUE,TRUE,FALSE,FALSE
"ENSG00000266964","FXYD1",0.387488426687248,9,TRUE,FALSE,FALSE,FALSE,FALSE,FALSE,FALSE
"ENSG00000221946","FXYD7",0.530370960785025,9,FALSE,FALSE,TRUE,TRUE,TRUE,TRUE,FALSE
"ENSG00000105695","MAG",0.243065193208101,7,FALSE,FALSE,FALSE,FALSE,FALSE,FALSE,TRUE
"ENSG00000105254","TBCB",0.481650541220767,9,FALSE,FALSE,FALSE,FALSE,FALSE,FALSE,TRUE
"ENSG00000161281","COX7A1",0.404821616274833,9,FALSE,FALSE,FALSE,FALSE,TRUE,FALSE,FALSE
"ENSG00000167642","SPINT2",0.384074559215555,9,FALSE,TRUE,FALSE,FALSE,FALSE,FALSE,FALSE
"ENSG00000167641","PPP1R14A",0.261403711452414,8,FALSE,FALSE,FALSE,FALSE,FALSE,FALSE,TRUE
"ENSG00000099341","PSMD8",0.366625439860044,9,FALSE,FALSE,TRUE,TRUE,TRUE,FALSE,FALSE
"ENSG00000178982","EIF3K",0.423544203692768,9,FALSE,FALSE,FALSE,TRUE,TRUE,FALSE,FALSE
"ENSG00000130402","ACTN4",0.318758315385225,8,TRUE,FALSE,FALSE,FALSE,FALSE,FALSE,TRUE
"ENSG00000068903","SIRT2",0.38066340434374,9,FALSE,FALSE,FALSE,FALSE,FALSE,FALSE,TRUE
"ENSG00000174521","TTC9B",0.511059877914343,9,FALSE,FALSE,FALSE,TRUE,TRUE,TRUE,FALSE
"ENSG00000105404","RABAC1",0.478814076602177,9,FALSE,FALSE,FALSE,TRUE,FALSE,FALSE,FALSE
"ENSG00000105767","CADM4",0.239250525028274,7,FALSE,FALSE,FALSE,FALSE,FALSE,FALSE,TRUE
"ENSG00000130208","APOC1",0.07834368333475,1,TRUE,FALSE,FALSE,FALSE,FALSE,FALSE,FALSE
"ENSG00000125743","SNRPD2",0.486429547453124,9,FALSE,FALSE,FALSE,TRUE,FALSE,FALSE,FALSE
"ENSG00000182013","PNMA8A",0.45670867343625,9,FALSE,TRUE,FALSE,FALSE,TRUE,FALSE,FALSE
"ENSG00000204851","PNMA8B",0.3994751298699,9,FALSE,FALSE,FALSE,TRUE,TRUE,TRUE,FALSE
"ENSG00000042753","AP2S1",0.508243667766257,9,FALSE,FALSE,FALSE,TRUE,TRUE,TRUE,FALSE
"ENSG00000118160","SLC8A2",0.280852415009491,8,FALSE,TRUE,FALSE,FALSE,FALSE,TRUE,FALSE
"ENSG00000167755","KLK6",0.0720131729142714,1,FALSE,FALSE,FALSE,FALSE,FALSE,FALSE,TRUE
"ENSG00000126583","PRKCG",0.275065573770492,8,FALSE,TRUE,FALSE,FALSE,FALSE,TRUE,FALSE
"ENSG00000142408","CACNG8",0.147710279296741,5,FALSE,FALSE,FALSE,FALSE,FALSE,FALSE,FALSE
"ENSG00000125505","MBOAT7",0.378414720964738,9,FALSE,FALSE,TRUE,TRUE,FALSE,FALSE,FALSE
"ENSG00000129990","SYT5",0.315683894078071,8,FALSE,FALSE,TRUE,TRUE,FALSE,TRUE,FALSE
"ENSG00000160469","BRSK1",0.318118455431916,8,FALSE,FALSE,FALSE,FALSE,FALSE,FALSE,FALSE
"ENSG00000130725","UBE2M",0.452959134523393,9,FALSE,FALSE,FALSE,TRUE,TRUE,FALSE,FALSE
"ENSG00000125841","NRSN2",0.319380278278084,8,FALSE,FALSE,FALSE,FALSE,FALSE,FALSE,FALSE
"ENSG00000101298","SNPH",0.218917156017997,7,FALSE,FALSE,FALSE,TRUE,FALSE,FALSE,FALSE
"ENSG00000088899","LZTS3",0.370084687454398,9,FALSE,TRUE,TRUE,FALSE,FALSE,FALSE,FALSE
"ENSG00000125817","CENPB",0.144361732939961,5,FALSE,FALSE,FALSE,FALSE,FALSE,FALSE,TRUE
"ENSG00000101265","RASSF2",0.137884875217172,5,FALSE,FALSE,FALSE,FALSE,FALSE,FALSE,TRUE
"ENSG00000089199","CHGB",0.418550173456023,9,FALSE,FALSE,FALSE,TRUE,TRUE,TRUE,FALSE
"ENSG00000125827","TMX4",0.408500414860429,9,FALSE,FALSE,TRUE,TRUE,TRUE,FALSE,FALSE
"ENSG00000182621","PLCB1",0.491735215501888,9,FALSE,FALSE,TRUE,TRUE,FALSE,FALSE,FALSE
"ENSG00000125869","LAMP5",0.155064528075039,5,TRUE,TRUE,FALSE,FALSE,FALSE,FALSE,FALSE
"ENSG00000132640","BTBD3",0.276069109745379,8,FALSE,TRUE,TRUE,FALSE,FALSE,FALSE,FALSE
"ENSG00000125851","PCSK2",0.271543503736017,8,FALSE,FALSE,FALSE,FALSE,FALSE,TRUE,FALSE
"ENSG00000078804","TP53INP2",0.190118578688174,6,FALSE,FALSE,FALSE,FALSE,FALSE,FALSE,TRUE
"ENSG00000088367","EPB41L1",0.399629366796408,9,FALSE,FALSE,FALSE,FALSE,FALSE,FALSE,FALSE
"ENSG00000101335","MYL9",0.085463508097113,2,TRUE,FALSE,FALSE,FALSE,FALSE,FALSE,FALSE
"ENSG00000101079","NDRG3",0.445911890100297,9,FALSE,FALSE,TRUE,TRUE,TRUE,TRUE,FALSE
"ENSG00000166619","BLCAP",0.461857450572387,9,FALSE,TRUE,TRUE,TRUE,TRUE,FALSE,FALSE
"ENSG00000053438","NNAT",0.339285410149744,9,FALSE,FALSE,FALSE,FALSE,FALSE,TRUE,TRUE
"ENSG00000132821","VSTM2L",0.352194698625216,9,FALSE,TRUE,TRUE,FALSE,FALSE,FALSE,FALSE
"ENSG00000196090","PTPRT",0.164439571627783,6,FALSE,FALSE,FALSE,TRUE,TRUE,FALSE,FALSE
"ENSG00000244274","DBNDD2",0.571859447222258,10,FALSE,FALSE,FALSE,FALSE,FALSE,FALSE,TRUE
"ENSG00000124155","PIGT",0.158338053205986,5,FALSE,FALSE,FALSE,FALSE,FALSE,FALSE,TRUE
"ENSG00000124140","SLC12A5",0.636346547705223,10,FALSE,TRUE,TRUE,TRUE,TRUE,FALSE,FALSE
"ENSG00000149654","CDH22",0.10183623753631,3,FALSE,TRUE,TRUE,TRUE,FALSE,FALSE,FALSE
"ENSG00000124126","PREX1",0.172122040711215,6,FALSE,FALSE,FALSE,FALSE,FALSE,FALSE,TRUE
"ENSG00000158445","KCNB1",0.260007137599081,8,FALSE,FALSE,TRUE,TRUE,TRUE,FALSE,FALSE
"ENSG00000064787","BCAS1",0.303398598369169,8,FALSE,FALSE,FALSE,FALSE,FALSE,FALSE,TRUE
"ENSG00000054803","CBLN4",0.135385175299617,5,FALSE,TRUE,TRUE,TRUE,FALSE,FALSE,FALSE
"ENSG00000075043","KCNQ2",0.316053383801285,8,FALSE,FALSE,FALSE,FALSE,FALSE,FALSE,FALSE
"ENSG00000101152","DNAJC5",0.365919803820264,9,FALSE,FALSE,FALSE,FALSE,FALSE,FALSE,FALSE
"ENSG00000159082","SYNJ1",0.378810071625187,9,FALSE,FALSE,FALSE,TRUE,FALSE,TRUE,FALSE
"ENSG00000205927","OLIG2",0.093828789560332,2,FALSE,FALSE,FALSE,FALSE,FALSE,FALSE,TRUE
"ENSG00000184221","OLIG1",0.307427577571689,8,FALSE,FALSE,FALSE,FALSE,FALSE,FALSE,TRUE
"ENSG00000159228","CBR1",0.295001909515849,8,FALSE,FALSE,FALSE,FALSE,FALSE,FALSE,TRUE
"ENSG00000157542","KCNJ6",0.0994939006177844,3,FALSE,TRUE,TRUE,FALSE,FALSE,FALSE,FALSE
"ENSG00000157557","ETS2",0.273301421720853,8,FALSE,FALSE,TRUE,TRUE,FALSE,FALSE,FALSE
"ENSG00000183036","PCP4",0.29729892421614,8,FALSE,FALSE,FALSE,TRUE,TRUE,FALSE,FALSE
"ENSG00000184900","SUMO3",0.371746285000034,9,FALSE,FALSE,FALSE,FALSE,TRUE,FALSE,FALSE
"ENSG00000160285","LSS",0.0828842530148595,1,FALSE,FALSE,FALSE,FALSE,FALSE,FALSE,TRUE
"ENSG00000160307","S100B",0.845083736005738,10,TRUE,FALSE,FALSE,FALSE,FALSE,FALSE,TRUE
"ENSG00000184113","CLDN5",0.180468225654837,6,TRUE,FALSE,FALSE,FALSE,FALSE,FALSE,FALSE
"ENSG00000184702","SEPTIN5",0.163880378250059,6,FALSE,TRUE,FALSE,FALSE,FALSE,FALSE,FALSE
"ENSG00000040608","RTN4R",0.24303946513855,7,FALSE,TRUE,TRUE,TRUE,FALSE,FALSE,FALSE
"ENSG00000099977","DDT",0.301122638445065,8,FALSE,FALSE,FALSE,TRUE,FALSE,FALSE,FALSE
"ENSG00000100095","SEZ6L",0.324036840962243,8,FALSE,TRUE,FALSE,FALSE,FALSE,TRUE,FALSE
"ENSG00000225783","MIAT",0.352422912695663,9,FALSE,TRUE,FALSE,FALSE,FALSE,FALSE,FALSE
"ENSG00000100285","NEFH",0.249491005836242,8,FALSE,FALSE,TRUE,TRUE,TRUE,FALSE,FALSE
"ENSG00000100225","FBXO7",0.129598855299612,4,FALSE,FALSE,FALSE,FALSE,FALSE,FALSE,TRUE
"ENSG00000100234","TIMP3",0.152833387229028,5,TRUE,FALSE,FALSE,FALSE,FALSE,FALSE,FALSE
"ENSG00000100302","RASD2",0.100188860166044,3,FALSE,TRUE,TRUE,FALSE,TRUE,FALSE,FALSE
"ENSG00000100320","RBFOX2",0.341030860622582,9,FALSE,FALSE,FALSE,FALSE,FALSE,FALSE,FALSE
"ENSG00000100362","PVALB",0.136197865875772,5,FALSE,FALSE,TRUE,TRUE,TRUE,FALSE,FALSE
"ENSG00000128283","CDC42EP1",0.0625215019594687,1,FALSE,FALSE,FALSE,FALSE,FALSE,FALSE,TRUE
"ENSG00000100097","LGALS1",0.677555555496508,10,TRUE,FALSE,FALSE,TRUE,TRUE,FALSE,FALSE
"ENSG00000100142","POLR2F",0.192126269650761,6,FALSE,FALSE,FALSE,FALSE,FALSE,FALSE,TRUE
"ENSG00000100146","SOX10",0.0762556038039255,1,FALSE,FALSE,FALSE,FALSE,FALSE,FALSE,TRUE
"ENSG00000168135","KCNJ4",0.201314582505913,7,FALSE,FALSE,TRUE,FALSE,FALSE,FALSE,FALSE
"ENSG00000100242","SUN2",0.25706923902981,8,FALSE,FALSE,FALSE,FALSE,FALSE,FALSE,TRUE
"ENSG00000183741","CBX6",0.444746994784882,9,TRUE,FALSE,TRUE,FALSE,FALSE,FALSE,FALSE
"ENSG00000100321","SYNGR1",0.53140962938581,9,FALSE,FALSE,TRUE,TRUE,TRUE,FALSE,FALSE
"ENSG00000128272","ATF4",0.334678086687279,9,FALSE,FALSE,FALSE,TRUE,TRUE,FALSE,TRUE
"ENSG00000100401","RANGAP1",0.381354142656883,9,FALSE,FALSE,FALSE,FALSE,FALSE,FALSE,FALSE
"ENSG00000198911","SREBF2",0.396052818041062,9,FALSE,FALSE,FALSE,FALSE,FALSE,TRUE,FALSE
"ENSG00000186732","MPPED1",0.305314487258465,8,FALSE,FALSE,FALSE,TRUE,TRUE,FALSE,FALSE
"ENSG00000130540","SULT4A1",0.530724899092269,9,FALSE,FALSE,TRUE,TRUE,TRUE,TRUE,FALSE
"ENSG00000100364","KIAA0930",0.318842500619033,8,FALSE,FALSE,FALSE,FALSE,FALSE,FALSE,TRUE
"ENSG00000219438","TAFA5",0.244052668869412,7,FALSE,TRUE,TRUE,TRUE,FALSE,FALSE,FALSE
"ENSG00000008735","MAPK8IP2",0.529938287915589,9,FALSE,FALSE,FALSE,FALSE,FALSE,TRUE,FALSE
"ENSG00000002586","CD99",0.127878911490281,4,TRUE,FALSE,FALSE,FALSE,FALSE,FALSE,FALSE
"ENSG00000184368","MAP7D2",0.260277660719844,8,FALSE,FALSE,FALSE,TRUE,TRUE,FALSE,FALSE
"ENSG00000149970","CNKSR2",0.374656997555239,9,FALSE,TRUE,TRUE,FALSE,FALSE,FALSE,FALSE
"ENSG00000130066","SAT1",0.282466179655322,8,TRUE,FALSE,FALSE,FALSE,FALSE,FALSE,FALSE
"ENSG00000130962","PRRG1",0.061666122156891,1,FALSE,FALSE,FALSE,FALSE,FALSE,FALSE,TRUE
"ENSG00000165169","DYNLT3",0.276956966589199,8,FALSE,FALSE,TRUE,TRUE,TRUE,FALSE,FALSE
"ENSG00000165175","MID1IP1",0.168875672781552,6,FALSE,FALSE,FALSE,FALSE,FALSE,FALSE,TRUE
"ENSG00000147123","NDUFB11",0.449927554902622,9,FALSE,FALSE,FALSE,TRUE,TRUE,FALSE,FALSE
"ENSG00000179222","MAGED1",0.523820655067059,9,FALSE,FALSE,FALSE,TRUE,TRUE,FALSE,FALSE
"ENSG00000256045","MTRNR2L10",0.242638649621212,7,TRUE,FALSE,FALSE,FALSE,FALSE,FALSE,FALSE
"ENSG00000186462","NAP1L2",0.495660487605087,9,FALSE,FALSE,TRUE,TRUE,TRUE,TRUE,FALSE
"ENSG00000186310","NAP1L3",0.534495443764127,9,FALSE,FALSE,FALSE,FALSE,TRUE,FALSE,FALSE
"ENSG00000184905","TCEAL2",0.48807062651534,9,FALSE,FALSE,TRUE,TRUE,TRUE,FALSE,FALSE
"ENSG00000198932","GPRASP1",0.343280946979417,9,FALSE,TRUE,TRUE,TRUE,TRUE,FALSE,FALSE
"ENSG00000123560","PLP1",1.63305334759396,10,FALSE,FALSE,FALSE,FALSE,FALSE,FALSE,TRUE
"ENSG00000157514","TSC22D3",0.270216159493821,8,TRUE,FALSE,FALSE,TRUE,FALSE,FALSE,FALSE
"ENSG00000005022","SLC25A5",0.409308212272739,9,FALSE,FALSE,FALSE,TRUE,FALSE,FALSE,FALSE
"ENSG00000005893","LAMP2",0.286762997705907,8,FALSE,FALSE,FALSE,FALSE,FALSE,FALSE,TRUE
"ENSG00000125675","GRIA3",0.319385463848645,8,FALSE,FALSE,TRUE,FALSE,FALSE,FALSE,FALSE
"ENSG00000188706","ZDHHC9",0.10061998122821,3,FALSE,FALSE,FALSE,FALSE,FALSE,FALSE,TRUE
"ENSG00000165704","HPRT1",0.364953647001066,9,FALSE,FALSE,TRUE,TRUE,TRUE,FALSE,FALSE
"ENSG00000198689","SLC9A6",0.367181046041276,9,FALSE,FALSE,FALSE,FALSE,TRUE,FALSE,FALSE
"ENSG00000179542","SLITRK4",0.204822014089411,7,FALSE,TRUE,FALSE,FALSE,FALSE,FALSE,FALSE
"ENSG00000102181","CD99L2",0.301225626958459,8,FALSE,FALSE,FALSE,TRUE,FALSE,FALSE,FALSE
"ENSG00000183837","PNMA3",0.150320598496548,5,FALSE,FALSE,FALSE,TRUE,TRUE,FALSE,FALSE
"ENSG00000130822","PNCK",0.21651591124406,7,FALSE,TRUE,TRUE,TRUE,FALSE,FALSE,FALSE
"ENSG00000130821","SLC6A8",0.194130366478639,7,FALSE,FALSE,FALSE,FALSE,FALSE,FALSE,TRUE
"ENSG00000185825","BCAP31",0.397826759251268,9,FALSE,FALSE,FALSE,TRUE,FALSE,FALSE,FALSE
"ENSG00000067840","PDZD4",0.414595596240511,9,TRUE,FALSE,FALSE,FALSE,FALSE,FALSE,FALSE
"ENSG00000196924","FLNA",0.0927980304965284,2,TRUE,FALSE,FALSE,FALSE,FALSE,FALSE,FALSE
"ENSG00000165507","DEPP1",0.0565602936257541,1,TRUE,FALSE,FALSE,FALSE,FALSE,FALSE,FALSE
"ENSG00000135245","HILPDA",0.0511676224861143,1,FALSE,FALSE,FALSE,FALSE,FALSE,FALSE,FALSE
