chr	n_positions	bed_file	source_url	bcf_file	gt_file
chr1	15825	/home/gpertea/work/R/spatialDLPFC_mdd_bpd/processed-data/11_eQTL_coloc/seurat/coloc/susie_targeted_no23andMe/all_targets_20260819/inputs/reference/chr1_target_positions.bed	https://ftp.1000genomes.ebi.ac.uk/vol1/ftp/data_collections/1000G_2504_high_coverage/working/20220422_3202_phased_SNV_INDEL_SV/1kGP_high_coverage_Illumina.chr1.filtered.SNV_INDEL_SV_phased_panel.vcf.gz	/home/gpertea/work/R/spatialDLPFC_mdd_bpd/processed-data/11_eQTL_coloc/seurat/coloc/susie_targeted_no23andMe/all_targets_20260819/inputs/reference/chr1.1000G_highcov.EUR_unrelated.bcf	/home/gpertea/work/R/spatialDLPFC_mdd_bpd/processed-data/11_eQTL_coloc/seurat/coloc/susie_targeted_no23andMe/all_targets_20260819/inputs/reference/chr1.1000G_highcov.EUR_unrelated.GT.tsv.gz
chr10	11010	/home/gpertea/work/R/spatialDLPFC_mdd_bpd/processed-data/11_eQTL_coloc/seurat/coloc/susie_targeted_no23andMe/all_targets_20260819/inputs/reference/chr10_target_positions.bed	https://ftp.1000genomes.ebi.ac.uk/vol1/ftp/data_collections/1000G_2504_high_coverage/working/20220422_3202_phased_SNV_INDEL_SV/1kGP_high_coverage_Illumina.chr10.filtered.SNV_INDEL_SV_phased_panel.vcf.gz	/home/gpertea/work/R/spatialDLPFC_mdd_bpd/processed-data/11_eQTL_coloc/seurat/coloc/susie_targeted_no23andMe/all_targets_20260819/inputs/reference/chr10.1000G_highcov.EUR_unrelated.bcf	/home/gpertea/work/R/spatialDLPFC_mdd_bpd/processed-data/11_eQTL_coloc/seurat/coloc/susie_targeted_no23andMe/all_targets_20260819/inputs/reference/chr10.1000G_highcov.EUR_unrelated.GT.tsv.gz
chr11	6462	/home/gpertea/work/R/spatialDLPFC_mdd_bpd/processed-data/11_eQTL_coloc/seurat/coloc/susie_targeted_no23andMe/all_targets_20260819/inputs/reference/chr11_target_positions.bed	https://ftp.1000genomes.ebi.ac.uk/vol1/ftp/data_collections/1000G_2504_high_coverage/working/20220422_3202_phased_SNV_INDEL_SV/1kGP_high_coverage_Illumina.chr11.filtered.SNV_INDEL_SV_phased_panel.vcf.gz	/home/gpertea/work/R/spatialDLPFC_mdd_bpd/processed-data/11_eQTL_coloc/seurat/coloc/susie_targeted_no23andMe/all_targets_20260819/inputs/reference/chr11.1000G_highcov.EUR_unrelated.bcf	/home/gpertea/work/R/spatialDLPFC_mdd_bpd/processed-data/11_eQTL_coloc/seurat/coloc/susie_targeted_no23andMe/all_targets_20260819/inputs/reference/chr11.1000G_highcov.EUR_unrelated.GT.tsv.gz
chr12	4230	/home/gpertea/work/R/spatialDLPFC_mdd_bpd/processed-data/11_eQTL_coloc/seurat/coloc/susie_targeted_no23andMe/all_targets_20260819/inputs/reference/chr12_target_positions.bed	https://ftp.1000genomes.ebi.ac.uk/vol1/ftp/data_collections/1000G_2504_high_coverage/working/20220422_3202_phased_SNV_INDEL_SV/1kGP_high_coverage_Illumina.chr12.filtered.SNV_INDEL_SV_phased_panel.vcf.gz	/home/gpertea/work/R/spatialDLPFC_mdd_bpd/processed-data/11_eQTL_coloc/seurat/coloc/susie_targeted_no23andMe/all_targets_20260819/inputs/reference/chr12.1000G_highcov.EUR_unrelated.bcf	/home/gpertea/work/R/spatialDLPFC_mdd_bpd/processed-data/11_eQTL_coloc/seurat/coloc/susie_targeted_no23andMe/all_targets_20260819/inputs/reference/chr12.1000G_highcov.EUR_unrelated.GT.tsv.gz
chr13	11081	/home/gpertea/work/R/spatialDLPFC_mdd_bpd/processed-data/11_eQTL_coloc/seurat/coloc/susie_targeted_no23andMe/all_targets_20260819/inputs/reference/chr13_target_positions.bed	https://ftp.1000genomes.ebi.ac.uk/vol1/ftp/data_collections/1000G_2504_high_coverage/working/20220422_3202_phased_SNV_INDEL_SV/1kGP_high_coverage_Illumina.chr13.filtered.SNV_INDEL_SV_phased_panel.vcf.gz	/home/gpertea/work/R/spatialDLPFC_mdd_bpd/processed-data/11_eQTL_coloc/seurat/coloc/susie_targeted_no23andMe/all_targets_20260819/inputs/reference/chr13.1000G_highcov.EUR_unrelated.bcf	/home/gpertea/work/R/spatialDLPFC_mdd_bpd/processed-data/11_eQTL_coloc/seurat/coloc/susie_targeted_no23andMe/all_targets_20260819/inputs/reference/chr13.1000G_highcov.EUR_unrelated.GT.tsv.gz
chr14	5121	/home/gpertea/work/R/spatialDLPFC_mdd_bpd/processed-data/11_eQTL_coloc/seurat/coloc/susie_targeted_no23andMe/all_targets_20260819/inputs/reference/chr14_target_positions.bed	https://ftp.1000genomes.ebi.ac.uk/vol1/ftp/data_collections/1000G_2504_high_coverage/working/20220422_3202_phased_SNV_INDEL_SV/1kGP_high_coverage_Illumina.chr14.filtered.SNV_INDEL_SV_phased_panel.vcf.gz	/home/gpertea/work/R/spatialDLPFC_mdd_bpd/processed-data/11_eQTL_coloc/seurat/coloc/susie_targeted_no23andMe/all_targets_20260819/inputs/reference/chr14.1000G_highcov.EUR_unrelated.bcf	/home/gpertea/work/R/spatialDLPFC_mdd_bpd/processed-data/11_eQTL_coloc/seurat/coloc/susie_targeted_no23andMe/all_targets_20260819/inputs/reference/chr14.1000G_highcov.EUR_unrelated.GT.tsv.gz
chr15	6199	/home/gpertea/work/R/spatialDLPFC_mdd_bpd/processed-data/11_eQTL_coloc/seurat/coloc/susie_targeted_no23andMe/all_targets_20260819/inputs/reference/chr15_target_positions.bed	https://ftp.1000genomes.ebi.ac.uk/vol1/ftp/data_collections/1000G_2504_high_coverage/working/20220422_3202_phased_SNV_INDEL_SV/1kGP_high_coverage_Illumina.chr15.filtered.SNV_INDEL_SV_phased_panel.vcf.gz	/home/gpertea/work/R/spatialDLPFC_mdd_bpd/processed-data/11_eQTL_coloc/seurat/coloc/susie_targeted_no23andMe/all_targets_20260819/inputs/reference/chr15.1000G_highcov.EUR_unrelated.bcf	/home/gpertea/work/R/spatialDLPFC_mdd_bpd/processed-data/11_eQTL_coloc/seurat/coloc/susie_targeted_no23andMe/all_targets_20260819/inputs/reference/chr15.1000G_highcov.EUR_unrelated.GT.tsv.gz
chr16	15789	/home/gpertea/work/R/spatialDLPFC_mdd_bpd/processed-data/11_eQTL_coloc/seurat/coloc/susie_targeted_no23andMe/all_targets_20260819/inputs/reference/chr16_target_positions.bed	https://ftp.1000genomes.ebi.ac.uk/vol1/ftp/data_collections/1000G_2504_high_coverage/working/20220422_3202_phased_SNV_INDEL_SV/1kGP_high_coverage_Illumina.chr16.filtered.SNV_INDEL_SV_phased_panel.vcf.gz	/home/gpertea/work/R/spatialDLPFC_mdd_bpd/processed-data/11_eQTL_coloc/seurat/coloc/susie_targeted_no23andMe/all_targets_20260819/inputs/reference/chr16.1000G_highcov.EUR_unrelated.bcf	/home/gpertea/work/R/spatialDLPFC_mdd_bpd/processed-data/11_eQTL_coloc/seurat/coloc/susie_targeted_no23andMe/all_targets_20260819/inputs/reference/chr16.1000G_highcov.EUR_unrelated.GT.tsv.gz
chr17	18390	/home/gpertea/work/R/spatialDLPFC_mdd_bpd/processed-data/11_eQTL_coloc/seurat/coloc/susie_targeted_no23andMe/all_targets_20260819/inputs/reference/chr17_target_positions.bed	https://ftp.1000genomes.ebi.ac.uk/vol1/ftp/data_collections/1000G_2504_high_coverage/working/20220422_3202_phased_SNV_INDEL_SV/1kGP_high_coverage_Illumina.chr17.filtered.SNV_INDEL_SV_phased_panel.vcf.gz	/home/gpertea/work/R/spatialDLPFC_mdd_bpd/processed-data/11_eQTL_coloc/seurat/coloc/susie_targeted_no23andMe/all_targets_20260819/inputs/reference/chr17.1000G_highcov.EUR_unrelated.bcf	/home/gpertea/work/R/spatialDLPFC_mdd_bpd/processed-data/11_eQTL_coloc/seurat/coloc/susie_targeted_no23andMe/all_targets_20260819/inputs/reference/chr17.1000G_highcov.EUR_unrelated.GT.tsv.gz
chr18	4709	/home/gpertea/work/R/spatialDLPFC_mdd_bpd/processed-data/11_eQTL_coloc/seurat/coloc/susie_targeted_no23andMe/all_targets_20260819/inputs/reference/chr18_target_positions.bed	https://ftp.1000genomes.ebi.ac.uk/vol1/ftp/data_collections/1000G_2504_high_coverage/working/20220422_3202_phased_SNV_INDEL_SV/1kGP_high_coverage_Illumina.chr18.filtered.SNV_INDEL_SV_phased_panel.vcf.gz	/home/gpertea/work/R/spatialDLPFC_mdd_bpd/processed-data/11_eQTL_coloc/seurat/coloc/susie_targeted_no23andMe/all_targets_20260819/inputs/reference/chr18.1000G_highcov.EUR_unrelated.bcf	/home/gpertea/work/R/spatialDLPFC_mdd_bpd/processed-data/11_eQTL_coloc/seurat/coloc/susie_targeted_no23andMe/all_targets_20260819/inputs/reference/chr18.1000G_highcov.EUR_unrelated.GT.tsv.gz
chr19	10139	/home/gpertea/work/R/spatialDLPFC_mdd_bpd/processed-data/11_eQTL_coloc/seurat/coloc/susie_targeted_no23andMe/all_targets_20260819/inputs/reference/chr19_target_positions.bed	https://ftp.1000genomes.ebi.ac.uk/vol1/ftp/data_collections/1000G_2504_high_coverage/working/20220422_3202_phased_SNV_INDEL_SV/1kGP_high_coverage_Illumina.chr19.filtered.SNV_INDEL_SV_phased_panel.vcf.gz	/home/gpertea/work/R/spatialDLPFC_mdd_bpd/processed-data/11_eQTL_coloc/seurat/coloc/susie_targeted_no23andMe/all_targets_20260819/inputs/reference/chr19.1000G_highcov.EUR_unrelated.bcf	/home/gpertea/work/R/spatialDLPFC_mdd_bpd/processed-data/11_eQTL_coloc/seurat/coloc/susie_targeted_no23andMe/all_targets_20260819/inputs/reference/chr19.1000G_highcov.EUR_unrelated.GT.tsv.gz
chr2	3515	/home/gpertea/work/R/spatialDLPFC_mdd_bpd/processed-data/11_eQTL_coloc/seurat/coloc/susie_targeted_no23andMe/all_targets_20260819/inputs/reference/chr2_target_positions.bed	https://ftp.1000genomes.ebi.ac.uk/vol1/ftp/data_collections/1000G_2504_high_coverage/working/20220422_3202_phased_SNV_INDEL_SV/1kGP_high_coverage_Illumina.chr2.filtered.SNV_INDEL_SV_phased_panel.vcf.gz	/home/gpertea/work/R/spatialDLPFC_mdd_bpd/processed-data/11_eQTL_coloc/seurat/coloc/susie_targeted_no23andMe/all_targets_20260819/inputs/reference/chr2.1000G_highcov.EUR_unrelated.bcf	/home/gpertea/work/R/spatialDLPFC_mdd_bpd/processed-data/11_eQTL_coloc/seurat/coloc/susie_targeted_no23andMe/all_targets_20260819/inputs/reference/chr2.1000G_highcov.EUR_unrelated.GT.tsv.gz
chr20	7256	/home/gpertea/work/R/spatialDLPFC_mdd_bpd/processed-data/11_eQTL_coloc/seurat/coloc/susie_targeted_no23andMe/all_targets_20260819/inputs/reference/chr20_target_positions.bed	https://ftp.1000genomes.ebi.ac.uk/vol1/ftp/data_collections/1000G_2504_high_coverage/working/20220422_3202_phased_SNV_INDEL_SV/1kGP_high_coverage_Illumina.chr20.filtered.SNV_INDEL_SV_phased_panel.vcf.gz	/home/gpertea/work/R/spatialDLPFC_mdd_bpd/processed-data/11_eQTL_coloc/seurat/coloc/susie_targeted_no23andMe/all_targets_20260819/inputs/reference/chr20.1000G_highcov.EUR_unrelated.bcf	/home/gpertea/work/R/spatialDLPFC_mdd_bpd/processed-data/11_eQTL_coloc/seurat/coloc/susie_targeted_no23andMe/all_targets_20260819/inputs/reference/chr20.1000G_highcov.EUR_unrelated.GT.tsv.gz
chr21	4694	/home/gpertea/work/R/spatialDLPFC_mdd_bpd/processed-data/11_eQTL_coloc/seurat/coloc/susie_targeted_no23andMe/all_targets_20260819/inputs/reference/chr21_target_positions.bed	https://ftp.1000genomes.ebi.ac.uk/vol1/ftp/data_collections/1000G_2504_high_coverage/working/20220422_3202_phased_SNV_INDEL_SV/1kGP_high_coverage_Illumina.chr21.filtered.SNV_INDEL_SV_phased_panel.vcf.gz	/home/gpertea/work/R/spatialDLPFC_mdd_bpd/processed-data/11_eQTL_coloc/seurat/coloc/susie_targeted_no23andMe/all_targets_20260819/inputs/reference/chr21.1000G_highcov.EUR_unrelated.bcf	/home/gpertea/work/R/spatialDLPFC_mdd_bpd/processed-data/11_eQTL_coloc/seurat/coloc/susie_targeted_no23andMe/all_targets_20260819/inputs/reference/chr21.1000G_highcov.EUR_unrelated.GT.tsv.gz
chr22	7026	/home/gpertea/work/R/spatialDLPFC_mdd_bpd/processed-data/11_eQTL_coloc/seurat/coloc/susie_targeted_no23andMe/all_targets_20260819/inputs/reference/chr22_target_positions.bed	https://ftp.1000genomes.ebi.ac.uk/vol1/ftp/data_collections/1000G_2504_high_coverage/working/20220422_3202_phased_SNV_INDEL_SV/1kGP_high_coverage_Illumina.chr22.filtered.SNV_INDEL_SV_phased_panel.vcf.gz	/home/gpertea/work/R/spatialDLPFC_mdd_bpd/processed-data/11_eQTL_coloc/seurat/coloc/susie_targeted_no23andMe/all_targets_20260819/inputs/reference/chr22.1000G_highcov.EUR_unrelated.bcf	/home/gpertea/work/R/spatialDLPFC_mdd_bpd/processed-data/11_eQTL_coloc/seurat/coloc/susie_targeted_no23andMe/all_targets_20260819/inputs/reference/chr22.1000G_highcov.EUR_unrelated.GT.tsv.gz
chr3	12913	/home/gpertea/work/R/spatialDLPFC_mdd_bpd/processed-data/11_eQTL_coloc/seurat/coloc/susie_targeted_no23andMe/all_targets_20260819/inputs/reference/chr3_target_positions.bed	https://ftp.1000genomes.ebi.ac.uk/vol1/ftp/data_collections/1000G_2504_high_coverage/working/20220422_3202_phased_SNV_INDEL_SV/1kGP_high_coverage_Illumina.chr3.filtered.SNV_INDEL_SV_phased_panel.vcf.gz	/home/gpertea/work/R/spatialDLPFC_mdd_bpd/processed-data/11_eQTL_coloc/seurat/coloc/susie_targeted_no23andMe/all_targets_20260819/inputs/reference/chr3.1000G_highcov.EUR_unrelated.bcf	/home/gpertea/work/R/spatialDLPFC_mdd_bpd/processed-data/11_eQTL_coloc/seurat/coloc/susie_targeted_no23andMe/all_targets_20260819/inputs/reference/chr3.1000G_highcov.EUR_unrelated.GT.tsv.gz
chr4	4024	/home/gpertea/work/R/spatialDLPFC_mdd_bpd/processed-data/11_eQTL_coloc/seurat/coloc/susie_targeted_no23andMe/all_targets_20260819/inputs/reference/chr4_target_positions.bed	https://ftp.1000genomes.ebi.ac.uk/vol1/ftp/data_collections/1000G_2504_high_coverage/working/20220422_3202_phased_SNV_INDEL_SV/1kGP_high_coverage_Illumina.chr4.filtered.SNV_INDEL_SV_phased_panel.vcf.gz	/home/gpertea/work/R/spatialDLPFC_mdd_bpd/processed-data/11_eQTL_coloc/seurat/coloc/susie_targeted_no23andMe/all_targets_20260819/inputs/reference/chr4.1000G_highcov.EUR_unrelated.bcf	/home/gpertea/work/R/spatialDLPFC_mdd_bpd/processed-data/11_eQTL_coloc/seurat/coloc/susie_targeted_no23andMe/all_targets_20260819/inputs/reference/chr4.1000G_highcov.EUR_unrelated.GT.tsv.gz
chr6	31359	/home/gpertea/work/R/spatialDLPFC_mdd_bpd/processed-data/11_eQTL_coloc/seurat/coloc/susie_targeted_no23andMe/all_targets_20260819/inputs/reference/chr6_target_positions.bed	https://ftp.1000genomes.ebi.ac.uk/vol1/ftp/data_collections/1000G_2504_high_coverage/working/20220422_3202_phased_SNV_INDEL_SV/1kGP_high_coverage_Illumina.chr6.filtered.SNV_INDEL_SV_phased_panel.vcf.gz	/home/gpertea/work/R/spatialDLPFC_mdd_bpd/processed-data/11_eQTL_coloc/seurat/coloc/susie_targeted_no23andMe/all_targets_20260819/inputs/reference/chr6.1000G_highcov.EUR_unrelated.bcf	/home/gpertea/work/R/spatialDLPFC_mdd_bpd/processed-data/11_eQTL_coloc/seurat/coloc/susie_targeted_no23andMe/all_targets_20260819/inputs/reference/chr6.1000G_highcov.EUR_unrelated.GT.tsv.gz
chr7	7225	/home/gpertea/work/R/spatialDLPFC_mdd_bpd/processed-data/11_eQTL_coloc/seurat/coloc/susie_targeted_no23andMe/all_targets_20260819/inputs/reference/chr7_target_positions.bed	https://ftp.1000genomes.ebi.ac.uk/vol1/ftp/data_collections/1000G_2504_high_coverage/working/20220422_3202_phased_SNV_INDEL_SV/1kGP_high_coverage_Illumina.chr7.filtered.SNV_INDEL_SV_phased_panel.vcf.gz	/home/gpertea/work/R/spatialDLPFC_mdd_bpd/processed-data/11_eQTL_coloc/seurat/coloc/susie_targeted_no23andMe/all_targets_20260819/inputs/reference/chr7.1000G_highcov.EUR_unrelated.bcf	/home/gpertea/work/R/spatialDLPFC_mdd_bpd/processed-data/11_eQTL_coloc/seurat/coloc/susie_targeted_no23andMe/all_targets_20260819/inputs/reference/chr7.1000G_highcov.EUR_unrelated.GT.tsv.gz
chr8	26833	/home/gpertea/work/R/spatialDLPFC_mdd_bpd/processed-data/11_eQTL_coloc/seurat/coloc/susie_targeted_no23andMe/all_targets_20260819/inputs/reference/chr8_target_positions.bed	https://ftp.1000genomes.ebi.ac.uk/vol1/ftp/data_collections/1000G_2504_high_coverage/working/20220422_3202_phased_SNV_INDEL_SV/1kGP_high_coverage_Illumina.chr8.filtered.SNV_INDEL_SV_phased_panel.vcf.gz	/home/gpertea/work/R/spatialDLPFC_mdd_bpd/processed-data/11_eQTL_coloc/seurat/coloc/susie_targeted_no23andMe/all_targets_20260819/inputs/reference/chr8.1000G_highcov.EUR_unrelated.bcf	/home/gpertea/work/R/spatialDLPFC_mdd_bpd/processed-data/11_eQTL_coloc/seurat/coloc/susie_targeted_no23andMe/all_targets_20260819/inputs/reference/chr8.1000G_highcov.EUR_unrelated.GT.tsv.gz
chr9	10599	/home/gpertea/work/R/spatialDLPFC_mdd_bpd/processed-data/11_eQTL_coloc/seurat/coloc/susie_targeted_no23andMe/all_targets_20260819/inputs/reference/chr9_target_positions.bed	https://ftp.1000genomes.ebi.ac.uk/vol1/ftp/data_collections/1000G_2504_high_coverage/working/20220422_3202_phased_SNV_INDEL_SV/1kGP_high_coverage_Illumina.chr9.filtered.SNV_INDEL_SV_phased_panel.vcf.gz	/home/gpertea/work/R/spatialDLPFC_mdd_bpd/processed-data/11_eQTL_coloc/seurat/coloc/susie_targeted_no23andMe/all_targets_20260819/inputs/reference/chr9.1000G_highcov.EUR_unrelated.bcf	/home/gpertea/work/R/spatialDLPFC_mdd_bpd/processed-data/11_eQTL_coloc/seurat/coloc/susie_targeted_no23andMe/all_targets_20260819/inputs/reference/chr9.1000G_highcov.EUR_unrelated.GT.tsv.gz
